scenarioConfigId,count
393026e6-425d-44fb-a1e3-55f3e3d18359,3
250496bd-a477-45ed-bc31-11e9bafe1002,3
17ebd44b-edc5-4f3c-8c08-1cde3aa4f2f7,3
3f6e5fa3-2823-4739-a1ca-94d621653199,3
3c744821-df7f-498a-ba42-29010d7e3ccd,3
4f1763c0-c211-47bf-a620-954af0b809b4,3
253d2538-4e00-496e-89e2-2d66f9c7481d,3
39a3685a-24a4-4424-ab71-9b084da27b2b,3
13282a6b-67ce-49dc-bf9f-af91ec4c9ed0,3
28691dff-1893-4b22-b97f-4b54997c90e6,3
052d507b-09c3-47fe-84fb-77186c348211,3
4618dcb4-9ec3-4a55-ab62-3012031c89cb,3
27152dc5-45af-41bb-be97-0e35aa60e62f,3
3124de17-2725-48a6-865a-24ca573547d1,3
33d6d70a-7fcf-4967-94d5-1c15aa241a02,3
9c12222e-b361-48db-848a-765369337d32,3
90473108-8339-4b73-af34-b2b186495d41,3
5d796ac9-8bd8-4374-b336-c8dbeeed7d63,3
8ca40066-2ead-41b8-9d7d-64cf8ca1e7b7,3
6b3f9e19-0fb8-4d47-8b06-23b44eef8232,3
90e2774b-26d5-4970-9fe0-1a06f769bc3a,3
71b32130-3386-4605-88d9-67528648af61,3
8af76e5e-cd6b-4e42-8f41-7b8e3d758df6,3
607d76cb-12ae-4e54-b32e-9f6776c84e8d,3
98312a3d-ccfa-4566-9cce-23d48a0e5b4c,3
73e667e4-7ed2-4419-9ac6-3750a7b42f4b,3
6dcd2d2a-0a92-435d-881e-910115e50ed1,3
6e20ab4b-ba41-4cb2-822f-c176b1dbfb3f,3
5c018364-a417-4c66-a0dd-50f65503c817,3
798ace00-c47a-4c5e-a7b8-e54c108005ac,3
f3317ac5-6fe7-4e27-829f-50b1dbdd7730,3
f0462e99-6eca-4963-afeb-b669c34e8c20,3
ab1a6eae-be83-4487-87b7-274805b29c4b,3
e6c5519c-6122-41e2-8bf1-d52ab7a75c6c,3
ce888bb6-b27b-4048-aca5-4b9f86190f6a,3
d37039e7-0266-4733-9eeb-daa6940db2c2,3
afb86c62-5778-4e5c-83eb-94f72230887a,3
e82a72de-72dc-4b3b-912a-23d256b694ab,3
b0c012fb-10fa-4328-8cbc-f2880b475d99,3
db59f09e-96ba-4b9d-95c5-32e925785c24,3
cd3dc358-dc22-49df-aa3f-7113cb99d093,3
abb748d3-2c8a-4a00-bf5a-272ad0b4f2a2,3
c9ce523f-d5c7-4660-a0d3-c0a904a80cdf,3
b9ff0fb8-39d5-4fe8-a874-c4d598c71d1a,3
c7213f19-1a45-40f7-96f3-c7ff1e63c455,3
d199e470-8402-4e42-bd97-526a8c44b9c9,3
c8772bfb-8f5e-43b3-a5ec-595f63a105f6,3
c57d13b3-9789-49b3-93e5-27aca59e89f9,3
e77cebf1-15c3-4e2a-98f3-de54131b235b,2
e0dfc796-0757-439d-80bf-7924e2c9d0af,2
bf59527a-fcff-429b-979e-58b39e63fae6,2
ce9c1d18-fcbb-4232-81a4-539b4838d936,2
a16f9767-bb33-418a-8d81-4ba75c429d0f,2
bf5df9e3-a3c2-4e31-be3e-2fc7dadafa74,2
d9bc7f74-80da-48fa-a06e-dd7e507436a1,2
dbdc6fe3-59dd-42f0-b5e9-5605905356b4,2
ebae418a-213a-4f22-86b5-82058b0a8719,2
dbde9926-6fd2-43aa-9d71-0247803e63ac,2
bac000d4-563b-4101-94c0-726f1e44e490,2
dbe3103a-8bc9-4b5f-933a-8bc197c27234,2
e0f5f5e6-08e7-4f88-a7af-6246d60384c9,2
a85209b9-0f76-44d1-98f1-1a1253cd1c74,2
cb7726b5-bdc2-40ee-92fe-82e47bf69a13,2
d9caed5c-6e58-4f80-b3ba-919a9f42fd52,2
e7abbbb8-0f68-4b36-9ff7-2771166d5830,2
c5ee9630-c649-4541-bb01-763e029951dd,2
bbb7b96b-b8aa-4eec-b0a7-2a5908d4d0f6,2
d4e231e0-e1f8-4527-9352-d05502a2547e,2
dbeedd10-facd-4add-a8bd-91454273d79b,2
bf76443a-2983-4b5d-ae8d-37dff83afb7d,2
ebd81dee-b48f-41eb-b6a7-6956a8604cdd,2
d2978cd3-9123-4a11-8138-5e34f13238b2,2
c60c2095-0165-4d2c-a9b0-3358a99a94b7,2
b93bde83-37a9-4449-bb71-b10f2f5a4baa,2
de6ab0be-583c-4659-8ab3-42e37a78fbcf,2
ad11728b-b92f-427e-a7a8-e96eca38923c,2
ebe6a5d1-0385-44b2-9f37-bcd8a71f2daf,2
ebe8d414-6f74-4a5f-b9d6-8bee736cad00,2
b1da39b5-0f8d-419f-92e5-4d2d27c2b900,2
ebede4c5-445c-40ca-b6b2-09b42cffbfe8,2
bccd7fc6-5366-4ede-9ca3-926dc721fff3,2
ce20f053-985f-458e-b8b6-12d2bdb8366c,2
c639b7db-a23a-4da0-be88-7f80b8a83c5f,2
ab7e4b67-0f52-436e-93d8-ad6702e2e403,2
a062a259-c616-4432-bd6f-670dac3769ec,2
cb1c53f9-20da-4610-bd48-a352168048dd,2
e7e5865e-17f8-4b34-9055-8cd015a58348,2
d80bfee7-f579-443f-bf41-1d18425f705a,2
ae260678-865e-4678-b526-476ae1389cb4,2
c12ba286-4fd1-460f-a20d-dc2493444805,2
d4f9340d-38f7-42bb-97aa-5e1c606d9a72,2
a254ecd5-66dc-4de8-a3c3-5775fd9322ab,2
e1380838-05e2-4529-a922-744b1d216789,2
c66306c6-f6bc-412e-930c-29f1744affd0,2
aed3c57c-7458-4aa6-960f-5ab6fc643024,2
be18c843-5172-418b-9548-e0f3b54d2385,2
da020c30-3631-448d-b203-626c8b568ece,2
b200c030-d8bc-4bc5-bb0b-6d5f36a5cbda,2
e1463022-d221-4bb3-b202-4a20ff3e1fb8,2
bae225a5-5acc-43a6-9974-dd00398ffec4,2
e806c6b2-6fef-4003-b6ef-5c352b9bba13,2
dc270e48-c2c4-4e78-b497-69cc9df30713,2
c684454f-829d-4799-baae-cd599da88330,2
af9e8845-48fd-4e97-90b4-d6b0d0e7b690,2
b07f9818-3f83-44cf-b0e8-628b6c199364,2
d8285bf9-784a-4334-91df-b347a7df1412,2
a9d61933-7b88-4c15-999b-3e7188d12d16,2
a24c68a7-cf96-4f50-b7b8-72e7a297c300,2
c3261281-89fa-44a9-86c0-a816ef7f70fb,2
d3d3db0e-4441-4f78-aa94-9a8d17b1de08,2
c6a1b7b4-024c-4d0a-a617-060067f5462d,2
d3d63322-669a-43f5-8ba0-995f7067e2b2,2
b6518769-9b54-49f9-bf4d-bacb12074da1,2
d3d85f61-346a-41e5-b8f3-f78789296823,2
b227d6d2-fde1-4948-83b9-e58725c437d8,2
a1d23e1b-a003-4901-9a6a-495e5fad67ae,2
bcecf6c0-98e7-4701-8e3a-feecebdb2a35,2
b94b9491-a5a4-4096-913a-7e266e30bac7,2
a9556034-2444-4a38-8074-168a9ec0e812,2
d0d37c36-227b-4b20-985f-996493ba91b6,2
a0e16911-7250-449a-9732-8b4940a6978d,2
bceea2e3-0679-4eea-9cf9-961bfc309669,2
bbe690ee-580e-4524-bf64-00313c84240b,2
d0d599e3-8371-423a-bffa-26873fbce564,2
dec599b2-9da2-46fd-9c30-3bef3996557e,2
d1b45bb5-9f82-4a18-812b-1cc2c93ae7b2,2
d844c3d8-4928-4945-9879-f85fa8055319,2
a6830d7d-5e60-445f-a531-340467f894da,2
cebaf21d-e63e-4ead-a1ab-ca55009b9742,2
ded02519-bf79-40c4-a0a1-e05c9431490a,2
e85f6c24-959d-4136-9a97-f781941f3259,2
ded3804c-9004-43fe-8b3b-742980559771,2
b71da2d9-0ccb-4f5e-9da4-a2c9f640645d,2
da3fc1a4-de69-415c-b8d8-1155f1c27db4,2
dc608470-cbbd-439a-ba21-4ea832bf27c9,2
cebb4c3d-fe4e-4fcf-b830-d0910366dec8,2
e4d806de-311e-4f09-bc25-cbf55b778f5c,2
d2ca2d36-3e39-4527-be2b-3fbb34faf96f,2
c70968a6-c241-47cb-b36a-fffa1d15b5f9,2
c70b9fbc-3637-474a-bd93-c0518cac8012,2
ecbe2b27-6b6e-4cc2-b397-84ef88a6c8a0,2
ecc1f427-b138-49dd-93f6-9f0257ccdacd,2
d0de6953-052e-47db-9e32-650d5419ed47,2
a5bbf9b0-7076-4fc2-ac46-2a341dd0e557,2
bfc12cf9-1de3-4932-aae7-b2dcde963275,2
ce3bf58a-0f59-4678-bfbc-31dee1cdcbea,2
dee9cb02-37c5-42c7-b4b2-5a0d2de9df8f,2
e4f48281-d92f-42c3-97e5-7a46e31a69a9,2
cc40e6eb-8f2c-47ab-87cd-f35939c28e7a,2
c72f0d42-a429-41f5-b56b-a21e48350c47,2
cf61a2f1-64c1-40da-9815-8af446d03ffb,2
e4fc31f0-1b56-44ca-883d-a58d063f55bf,2
d0149ed3-2f39-49fb-9880-e15774ef1abb,2
b658325c-f16e-4e23-8c26-381870c3f021,2
e8aaaae5-7391-4518-8555-f9ee84e05cf7,2
b4a06fd7-12be-41dd-8028-e5d09fd6be2f,2
bd1123be-5057-4667-9910-edcd20d80ba9,2
d0ea9bf8-61d7-4880-be39-152997718515,2
bfd6ac08-654a-428d-8824-1cd8543bd673,2
ecfdbebf-c0a2-4f27-b9d6-37ead9c75b09,2
c758ec48-f7ff-4313-841b-5f035804ddc4,2
ed03c6d7-2e77-4539-b7f5-a36c67f71561,2
e8c0835a-6f52-4f8b-9ac6-e61b492f424a,2
d8770d28-3c4e-4267-9586-c0e24aae4d49,2
c37b84ba-f296-4428-af1a-72946b634d69,2
e51d157d-adab-4991-9100-d2a95edd133a,2
d4083571-0cbf-4276-a7d7-c572bc9ba309,2
dc9d01e1-758e-4684-8913-391e817d4284,2
df16633a-23d7-4cf5-8214-810940f404fd,2
b8b5a6e0-f74b-4731-9551-6039fe8b6568,2
d87dc10a-adb2-4cc1-8da1-2f58b121a72a,2
da749fa1-e325-4920-a232-bea14b6a7a58,2
ac5af7c1-5a46-45cf-a54c-8292047a2d92,2
d553a060-becf-4a7b-866c-112d376a5a1f,2
b2880711-0fbd-46f8-bbfd-fb43ce1c63ec,2
d55424fd-ecd9-45ec-8e80-3bc0f69185ba,2
df22cbdb-c019-42f9-a325-a1aeca325284,2
cbe374c8-2055-42ff-b18e-ea3e7389809c,2
bfee22fa-0b3a-49c9-bb83-764f325b7204,2
cc130b62-272e-49f3-9fd5-d15359e18514,2
d2eb9ab7-466e-43e9-b223-c98b4cc1d6b8,2
c39abc1b-bfbd-48c3-a5e1-2a86201c5005,2
d0f8c67b-4434-4a46-b1b3-e36074d85893,2
d88ffd50-8a7e-466d-89e6-27b06c1180d8,2
e9014a71-dee0-40a4-9a4e-120ba77eb30d,2
bff7a353-0729-485d-9a2b-f6ae0becb0d8,2
cb07b194-1b1b-498b-ad12-d4147076b77d,2
a289c12f-02bb-4080-bcf2-622c79b2cfe5,2
ae531b51-fdd4-452a-a601-32d63863d8ec,2
ed58449d-94ff-4f01-ad44-13327c16f041,2
c3a7a844-e3f0-411d-a901-f9c0a466d99f,2
c1b0d386-9b50-4cf6-9cec-712204507626,2
c1b3006e-69af-4914-b169-3f590ac6d95b,2
dccdd94b-40ea-4d4f-ae41-a1aa98447e95,2
c7dbf585-562f-4625-ab6e-25e5c7dd5089,2
ed6ae933-56ed-4a4b-9239-25b0cb592ba7,2
c7e3ecf0-cadf-4f66-b4a0-5d5335d65d1d,2
bc23518e-1189-4d84-b0c8-ed9422dcbd22,2
c3ae88c8-da7b-4a48-b3e1-23065bdcdc1d,2
c003fd2b-a562-40be-a7cc-1cabdc1fe4f2,2
a8bc77f0-b46d-44a2-a761-139d9c50968d,2
b0cd0b75-c6d1-4762-a978-71f6ed40d6b6,2
d8a75615-d076-4487-975f-08720303a4f1,2
aa48be3c-fb1b-4920-b8e9-aa66ad488938,2
a3ee22ed-abb5-44a7-bd79-286888f8268f,2
af134fc1-8919-4e1f-9243-ab5b96fc6978,2
acc79091-da4a-40de-881b-244fb7a8145a,2
ed9750fe-112f-4f46-8a5c-92b68382b1f4,2
daa03a9d-a0d9-4b2d-8fa9-cabe1bca9d6e,2
dce77c6c-8a46-4b22-8dd7-eacfbe79458c,2
be843060-30e9-42f3-b4b7-7c4d7395d319,2
daa363c2-f08c-433b-b7c8-086d1d0a184e,2
a27b1535-3088-4fe4-aa3c-37ea3ee1630a,2
e9526578-2ca8-4a77-9baa-3c3d28cfa0a0,2
edb33df4-6578-420f-be2d-6df01f54670f,2
d8b92c65-f125-45d2-9849-50847c54f731,2
e957d93e-f6cc-45d6-81d0-d60322ab6dcf,2
e95b03fb-f227-48ff-8205-a37123a57333,2
e2507fe4-4eb0-400f-950d-8eb0eddcb2ff,2
e9624f33-6193-4ec8-b3d6-935e78d8b3b3,2
e9658f43-41a6-4500-9a12-a763b2405b4e,2
a24dbaa6-0d61-4ca1-8300-24eb8167de72,2
a7980828-a98d-4108-b9b7-fc35944831ab,2
e257ffa4-805f-4822-8a88-6827caf40c9f,2
cde4f370-80de-4a44-a95c-7757ef2157bd,2
d30ec64f-8664-4fe6-b784-3773a37342a8,2
bd503e12-f643-481d-a813-5e99c613b93c,2
a9910062-8b19-4b0a-b973-b485d8993b8b,2
d8c78466-dc29-4165-8256-701f5f28f9b4,2
af20f09d-8662-44af-9aee-fc30a3b9551e,2
df81b8df-7901-4022-9c91-b6a5724bf1ef,2
c868c1fc-f6e2-405e-b0bf-9589d4796bae,2
c86b895b-b460-47ea-af9f-3ada1ff30818,2
d71a3152-3432-4237-b5ab-2761ac410160,2
b596f1e3-4fcb-4280-9626-a38c79b27f55,2
e2755922-9591-4b5f-9b5a-8394df44d447,2
bd5915ab-aa80-452f-b383-3a22a9af8a55,2
e2791d9a-5688-48f6-9e70-53a397b3ef87,2
a5c65d37-9f73-4eb3-84e0-172d1e64baad,2
bd5ca582-b29a-458a-ae3a-4254bca704fa,2
c038b94a-38f5-43a1-90d8-9acf3340b7ef,2
cc1d6cc2-67ae-4906-9261-a544e06c52a7,2
a1f03b7e-7522-406c-b10f-537546433860,2
b3f999cb-952d-4b86-89cd-a89de34c15b9,2
ba5f6327-f07f-4256-a4c1-ad254e99e5d1,2
b2f681c6-fb84-4e7f-ade1-cf992be3f00f,2
ba5ff620-1dc2-4159-9564-6b549780c02b,2
beb0e616-b348-4836-9b55-0d6b80350d69,2
e295064b-a330-4f35-80ff-21f3b253fcb6,2
ee190198-3478-4cc0-a5c8-7953858060a9,2
c8a94155-c1ab-4c98-a84e-9ec9c3645d81,2
e9bbb604-c9fd-4b68-8838-e2577d3f3c79,2
e5ff6354-332e-4d3b-90f2-86c6df238f85,2
b599d780-45b4-4e96-a6e2-3c3a6f2af370,2
dae87b2c-ea29-48b1-93d5-6e3adaa4f8e9,2
d59fbcee-cea5-4416-95cb-4814a1382c5b,2
a4b0781b-7b46-40ba-ac54-6480208a1c27,2
c8c15a63-0207-4f23-96ba-fa96b75cd02d,2
ee389c2f-14bd-4606-9164-894e51978ffe,2
c8c91ca3-be84-4e5d-8f43-d9445ffd2ca2,2
ee3ee947-5ff1-42f1-9d49-bdea5c3d7a15,2
c8cfe7aa-11cf-4c94-a502-dab5c424015b,2
a0400614-0d9c-4761-9cd2-384ee5ebef37,2
cef6cdff-1e20-4b2a-a7d9-50a74e37a76c,2
a04de930-37b7-4cb6-a743-5ca832270c70,2
e2b7e25b-e844-4ef9-906c-6bf64cc0e17e,2
e2b9deee-5a3a-4377-823f-9f9fb5696dfe,2
dafb80d9-51a5-44bd-bb31-5ceb53d57b57,2
b42eb2dd-0b2a-4886-9bd2-9fa441b3db1d,2
a8eff7ca-488e-4a23-9b40-5f31fffe72cf,2
e621554d-28f9-452b-a355-180098297420,2
e9f75c65-dd18-4fcc-b5a5-5588d120c8d7,2
d12d4aa3-995b-46ea-b3a3-df0309117799,2
e2c3b1d3-fed6-4aeb-8216-8d65bba765cd,2
d4652a0f-a259-44b8-b8b8-a0378d5d5898,2
b8478a74-2b13-4e26-b6a9-554fbcdb3f0e,2
bb567f84-9a83-4c71-99be-76e764cda9fe,2
e2ccf73a-3858-4e2a-9685-a4fe8ee1f88a,2
a12b3406-bef3-424e-acae-029ab5e5b658,2
ee7c6e8d-6e72-41b4-abd1-7e0a51027287,2
d339e252-070c-4ecd-9e1d-2d967a5e845b,2
a139181a-cd2f-4467-8ef0-060269cc3d94,2
c91dcf76-6888-476e-b095-0f5d257e57a4,2
ade320da-33ea-4144-af7c-4dbb78523d1c,2
cb6f4d7b-93b0-44f4-be3d-15b326259e8f,2
ac118776-aeaf-4919-a539-d3a79ad480ae,2
d911bbe0-326e-4070-b1bc-43735be5c14e,2
a9016a45-afcf-446a-986a-28335a9df011,2
d5c100fc-63a6-4315-bc87-c03c8edd850d,2
b84d185b-7722-45a4-ab11-0d8536c45a72,2
cdf37897-5fed-421d-b4ed-c591a8990abf,2
a22ffb52-46f9-4ccf-a62f-2773f45398bb,2
b1113859-3d9d-4709-b6af-7eea3082c40d,2
a054c275-34d9-482d-b7b8-35cfe5ad9a7a,2
e65fd3fa-9304-4a89-808c-9f0963185841,2
c947b2c7-ef76-43d5-a5a3-a0959ac6a25d,2
d22edff5-ce42-4cd2-bd55-cd754743a6c3,2
c94e061d-6e86-401b-b81a-2f5960b296f5,2
ade88b5f-632c-46e9-9ab9-acab19cd496f,2
eeb9052a-2d76-4d85-a7ed-899bbe4c2998,2
a46fa94c-d502-4e82-9cfc-642b85f312bf,2
c23c74f0-3597-4b1a-91fd-f7e28caf0b3d,2
c9612ec7-91ae-4ef9-8567-3492ef5a54af,2
e676b60f-d2f0-418c-aa6c-e47d625fa581,2
cfa90bad-5732-489b-8a7f-fca975b4b732,2
b8f7ba3d-f702-4a72-abce-8b09077481fd,2
ea6fd547-72fe-4803-b871-2e9cfaf3d753,2
ba822a51-6319-420f-8fbe-a976ea5f5517,2
e00c1934-40ff-4328-97fa-daeb3beb03bb,2
a4964480-2346-4d00-a8a4-697971f0fd97,2
c97c3100-9d1d-42c5-b84a-78b7b619592c,2
b8f9fa8d-83d6-49d3-b7c8-f4c45283b499,2
b74d7c4e-8dd1-467d-824e-8e4f0b2123bf,2
abb8cf25-2953-4017-a5ea-8fb9ef24a9ee,2
ea826068-7912-4567-bd4f-61f51afbc2dc,2
c98f36af-30f3-4850-84ca-661bde17cde4,2
cfae1dce-dc91-4537-943b-5afb515bc1ce,2
cf09aa0f-3952-497e-a2ba-a2d99683872a,2
b5ed2889-4409-4f3e-8bad-1d29471b6d92,2
cc5c41c7-7b4b-430c-81a3-f3f58b20b6da,2
cd9f9e36-df1c-4ee6-b238-d7d46538313b,2
c9a56f53-4af7-47d4-a897-df6d21450445,2
db4fb5bc-e34d-4b06-b9fd-2ef9e6097473,2
c099772e-22e4-4f01-a39f-0d3011965cbc,2
b900b49f-b01d-460b-b7ef-bccdc161b56d,2
d147646c-9717-4668-8337-e3bd65214353,2
bf048fc9-82d0-4233-b34f-c9b07ef2a358,2
db55a148-3562-4a5c-8dd1-23710f16c8e8,2
d783437d-2761-4f48-b309-344abc86049f,2
bc780462-b5ad-418e-a993-795b45fa8be1,2
c9c67094-f9a8-47c3-ade3-d50f136f6ca5,2
d94ba22d-3294-4c74-89bf-b4e26a3adac0,2
e34c7e48-6066-4ad2-9d4a-e1e11aad3586,2
ddb839c5-0622-49f6-8e0d-9b900d25199d,2
a402e4d1-4116-4803-b45a-fa7fab6f48b6,2
aab8f515-77c5-468b-854b-dc41bee1e5ab,2
d78d75ed-c5ee-4c8e-9c7a-2725e474ccd0,2
cc5f5dae-a525-4c8a-b7d1-3f16df1fb62a,2
e6c742c0-361b-4aeb-bed6-1483eb510825,2
b14b6239-8971-48ad-9ad6-9bf2ee7aa567,2
d24b0df8-4258-4701-9c8b-3b9ed9333182,2
ddc76ba2-7759-490a-9f39-8dc8a9616070,2
aa5879d3-d0ce-40c7-9738-32439ad616e3,2
ccf75d16-e0d8-4345-b827-49e6e9d4d266,2
a16134ec-0e0d-43ef-bda5-e662c1f48daa,2
bf180492-e206-4852-91ef-76810e55e251,2
c4d71cd3-5128-4ecb-95cc-4fbdc22633ac,2
c0b6407a-4753-40bf-98d1-93346e6a13da,2
aaec2f39-3190-41e8-9ea7-2ff2a7077d06,2
d5f56ea7-0018-46fd-a648-7bfc1684fb84,2
d07f141e-35c3-4113-acc2-21bb7c7086b7,2
d36e8ebf-2162-4ac8-a04b-5402ca677c7c,2
cf17a7a2-aa1f-4dbd-b45f-940b1a03e947,2
d968f682-9ced-4bea-8bb6-7da15d563253,2
ca28b849-3a36-4925-a63e-43f3e4e2d3cd,2
a368eee6-7b6f-4658-aacd-90ceffd51547,2
b3b1edf2-f63f-4b84-a389-7cf06d533cce,2
ca356d17-e3ef-475d-bfd7-04489b7178ae,2
eaf3ad01-25a9-40c3-af7c-7db28df37a52,2
c0c50bea-d6bc-4ff5-a627-12460797d81b,2
c0c59375-43ce-4517-b8cd-62dba927e6a6,2
eafd9850-4361-4bf9-ac52-2b3cc3040c87,2
db8bf8be-f76d-4e19-8a82-badd92bcbb5d,2
d4aebd23-bcb7-4104-840b-aaec599c7318,2
a9ce95ae-1549-4049-9ea2-550f281611f5,2
c0ca1e5a-7ace-42ec-9ebe-ba674075da82,2
d15ba57f-9af8-4237-a686-76a6f8559c52,2
a0f1cf12-cc5b-4260-8e6f-ffc1f8d37332,2
cb4ca3dc-f913-40e1-8afc-30c264acb9ef,2
cae5a6f7-34c2-454f-85c0-eac7dc726b4b,2
b3c932df-d2ab-4281-becf-bde307467732,2
a7602db8-eb0b-40b0-8cde-e8bdf48a8b68,2
acfb6908-d888-45b6-b28c-99052b3b4080,2
ad715128-8993-4648-a739-a767e76b11bf,2
c299b196-c040-489d-a99b-1fd193d3cf2a,2
c5334336-2af0-4ba2-91b3-d69379393451,2
b17ea2e5-4871-4ea4-a0f4-ecd7a4d6d453,2
e72ba6dc-e1dd-4a18-87aa-a136d1641f8e,2
e09721b6-d464-479a-9214-69f6c1071786,2
d08d4abb-391f-4d6a-bb39-4084cf6070b0,2
d7b670a9-ec6a-42c4-b19e-387e7bfab28c,2
e3b69bf9-946c-436c-8eac-df8c6a195bad,2
e738aa37-63d9-4e5a-9708-0aae7554347b,2
de0f929e-9baf-4916-b9ad-55dc9f94f31f,2
b18a3bde-dbf9-4d09-ba57-ffb7edd590cc,2
c551d22a-40fa-471d-9c0f-35eb5f8e0d22,2
a83db46d-190d-4120-93e1-bdaef8545fd5,2
e0a8bc35-e502-4dd0-90b4-846397c2aaca,2
e74af615-35ca-4b98-8e5a-1ff27d87017b,2
b9d31757-aeef-45de-82f4-346a253f1ba5,2
e752d64f-b22f-474f-897c-2bdc9a317153,2
e3d48324-9408-403d-8b1c-4b22f8e8edf2,2
c0eacf68-9334-43bd-94f6-a91ae66fcea7,2
a201b463-8556-475b-ae29-3b6d2609edc1,2
b571fbaf-98b1-4347-9555-2e3e4eecc052,2
b769ac70-abd6-427b-9483-e8523a23a5e6,2
de2d6b38-7746-4275-9857-eff4dfb13dfa,2
a9d07f49-5080-434a-b881-8d7a5d703694,2
b5f668e6-9dc0-4cfe-b9c9-26b68754f042,2
eb7278a0-361c-427d-add1-507c526a0ab6,2
cb0f5d86-d7c6-425f-97eb-343b27f91c2a,2
dbc003e8-9f3b-41bc-97f0-87d87b5fa4b8,2
eb7efd45-0395-48ac-b945-d6f9e3ee4cdd,2
bdee779e-912e-4dd2-a14a-fb54f2500d8d,2
b5732722-0316-4b10-842d-37ed7d736543,2
d7d9b725-f911-4a41-8d93-44111723417c,2
d9b3eec9-d0c8-45c2-8515-339cdea2f9ca,2
5b3d7f9c-eeed-4215-828e-ec7d0c3cd4b6,2
6ef595cd-bb72-4a4e-a60f-0b43173eb0a2,2
7678958c-7e43-4da7-b4d5-1943c9cbd5b8,2
56408490-73d9-4cb8-b0f6-bf3d4ae6ad15,2
94813805-d138-46da-8994-0bea859466e9,2
805fa43d-cdb8-4724-ab8d-2169df316649,2
65d63c95-735f-4e3a-910a-bfcaa151482e,2
534a28df-754e-47a8-a714-be0f653d8b36,2
982ba5e9-b322-430b-b942-6833c8e87d56,2
948dd773-aa08-4323-9166-f4c9c4599697,2
7fcae70d-bf47-47bc-ab6a-9f9b73e866ac,2
80632d71-5bb2-4b2b-bdd3-0b6eb3fd02f0,2
8064595b-dde6-4a97-9c2d-a6523470419a,2
74294f99-1a28-44b2-a5a8-ac27ba11934b,2
7e15685a-997f-45f9-ad7e-5a139622482a,2
983dc030-6242-4d74-a976-52cd22c7bffd,2
6dc62f98-500c-4e29-89f7-2c65dbeeba82,2
6f058796-6a2e-4d7f-a3d1-795ddd28f1bc,2
76b9799e-ce08-4c9e-8acf-950f05779406,2
51ed03f6-9bef-4fad-b035-d9c344d38b84,2
8c39054a-334b-4c69-b014-3fe3ca97e511,2
6dc9c6c6-8201-476b-8001-aab4d1fc4858,2
5fbf91cb-c2e4-4553-8607-c9b097ae2cc7,2
9c6f801f-dc47-4163-a691-1bdf7afc8d4a,2
723b4deb-cf3b-4497-8a26-b1cf4f390279,2
6f0b4ecc-3a16-4552-b817-2395d6f2664c,2
81267589-b325-44c6-ac81-ae8d39d80872,2
7bcae12a-c90d-424b-bb25-caa3ce2bbfd7,2
6bb8a87c-0d87-4a3b-8e49-8c667c385302,2
76ea0a35-5762-438f-b6fb-98a257c7ffac,2
8c479c5a-e350-4a1a-9229-8af0dfd97a10,2
6bba5001-3a21-46ff-9792-47d88efbfdf8,2
806f5810-873e-482c-888c-3e2dec78a54a,2
51c804b6-771c-40a5-869c-e71a85167227,2
9183f01a-d198-4738-a83b-9d84c7c32e93,2
9c96cf77-c3d4-44e6-b630-f5bdb8a7f917,2
86b652d3-0445-440b-bb40-6ec7515bc0fa,2
7c7ec393-63da-46c1-ad9b-0038fccd1207,2
5c568c3b-cf90-4035-876a-93c84406c32d,2
54edba85-a5cc-40f3-a566-7f39a338cc02,2
67c3c573-e607-43f1-b8e3-0e810880d602,2
88605e73-950b-42f9-aed8-3bfe47219780,2
53cc065e-3ec2-4601-bc0a-a90407e9030e,2
7460240d-e4a4-4fa8-8bc2-4bbf38df6df4,2
8a30de66-a808-4d24-a217-c08cf96ea683,2
62e13b78-5602-4e6a-a9e9-aed1d50fb927,2
7f4c7e16-d3e0-43ce-912a-2c5f86a9a176,2
98a136d6-51ad-4f7e-84f0-531a7db87db8,2
56a1a57a-5ad5-41e5-baf0-1d6ab8433494,2
55317ace-f01f-4b15-a2e9-33d6aa565dcf,2
62ee1c28-0429-489f-813d-579d454d4867,2
7260b654-766c-427e-aef0-f3976d159aa4,2
98b16a2a-3000-4245-9647-cd068479fbd2,2
726356b8-07cc-421d-ae90-c3519ab5662a,2
9cd1a2ef-2893-4165-8c67-dd07ead22cdd,2
91afba47-4adb-4243-ab8c-24ebf2d8fc6d,2
55bad934-763c-49de-a3c4-7792bd62d8c5,2
599e68d9-e533-4efc-b6a2-f1b118e2d8dd,2
9ce43355-16f7-432c-a2aa-2c383e1f143c,2
82096513-390a-4d7b-a85f-29295d86725c,2
68db768d-5d89-4f3f-8360-eb27d3f3b043,2
98c976d7-473d-4859-9d1b-0aa1a96eee16,2
813b3193-11b2-4949-a48f-d79005990d20,2
98ce74e7-cce2-48e3-bbb2-c6c0e823793b,2
8c83871e-9680-4ede-9bbf-d03346224fa1,2
59a25a5e-e3fc-49ea-a571-49e56d78c06f,2
98da0ce2-7728-4f07-8df3-c3bbfb6df64b,2
8efb16db-489b-4c3f-977b-7f633bf75115,2
6a293217-437f-4549-96ca-6412403b1e0d,2
7d3f0309-58bc-4f96-8750-1d001aa44cd1,2
98e66555-e9e2-40fe-b311-a7821c6eec0d,2
6532d26f-6269-4f34-8857-16123c125cba,2
6df00144-1636-4954-af43-86b2d29d3e8e,2
86e59fb1-a7a4-4b59-92c3-11522f22305e,2
7d826ba6-55e6-4d68-8f7a-7ef2ee7af725,2
778c1e59-0bf3-41cb-87b4-2ea05b293bc0,2
65ffca3f-7543-4b55-8ec9-9238efd5a049,2
5cfab0aa-b518-4e3e-aa85-c34014f18aed,2
6f42a2c4-533a-4b38-9724-1a018abbfda4,2
6cd1e2cc-f7c8-44fc-a737-9bbb75c09052,2
9d284379-76ce-4877-987c-7dbecfd28b0b,2
8f178888-0d4e-414f-aff7-1382cf0ac77a,2
8f1924aa-a315-483c-96f9-acf2f5eef6a1,2
6df990cc-be93-43b2-bc8f-4d039d4afdf2,2
77ac06ac-2c49-4ee3-8559-b6608bf4c2ef,2
5af9d0bc-6cc9-4f14-a850-bebcdbaa42dc,2
9d3cfb0d-601a-4ba7-9908-ce7180ee9c9d,2
54f26786-99e5-40fa-8c32-d6bf4837d837,2
8f279afe-f51b-4c89-8d7d-9ed8284dfb61,2
60b77b58-ac7e-4b69-abb9-8c5adf46633c,2
9d485f3f-f3bb-40b7-802a-8e693d4e8d03,2
6be865d2-de4f-4ef0-a26c-d8f98bce6364,2
808c812a-2232-42ea-b405-856dd26bca72,2
8f378c1c-73cd-4430-b1c3-f01df8a9af5b,2
7e273fc7-9a24-4415-a044-f41ad66a5476,2
8150f67d-8b80-4e1a-bb5d-c6f613216599,2
59b99c26-275c-4214-b36e-7d1576a315f8,2
7c252ed1-81f7-4585-9ff6-a587e8be472e,2
8cbb4a99-60d5-4fbc-80fa-6ab9835459f7,2
9d66034f-63fc-446e-af76-1213d06d71bc,2
844370e2-43b8-4646-b751-3235a08efbf1,2
8f48a3dc-aea6-4d00-9f38-e4969ff0e9c8,2
533566dd-75b1-4239-94f4-1e47c2dd9573,2
99480559-2988-4980-9a0f-ef65865ed0fc,2
6e0e918a-5649-4be7-8879-54cb9a992fc3,2
780012e6-5c80-47fa-9228-f2b2f90979d7,2
9575c35f-0d96-468b-a635-2fe148b2e4f4,2
88b3e629-5907-4c66-b81b-cf1e2cbb99fe,2
957b35c7-a0b3-41d1-ac4b-598b471bf0d0,2
9d85316d-7739-4218-881b-3153b2162b30,2
6b02f516-936b-4692-8f36-e71128358c99,2
70e473a4-3766-404d-afec-9ef5256fb0ff,2
85975b42-f6d1-4b9a-ae98-6098ba915973,2
99689bd5-8efa-4edd-8cb0-ff02be1807f1,2
7f672000-01b8-453a-a6a6-03f747f2e03c,2
58a1e411-93f7-4dd6-b77d-79b5f4eb79a6,2
635cb04c-9888-476b-9de3-8e7a30f496c8,2
95932365-6810-49ea-bed8-049ea5e7a43c,2
6b09b464-66fd-4b74-a441-e19e824e5c1f,2
72bcd6d4-d6eb-4ddf-9e58-c8d55600eded,2
8712abb9-3513-4fde-af6b-53b1fb3fe23e,2
8aa26244-abde-44e7-a640-03c85d3f2d30,2
783f5ed9-86d0-4323-b069-0628efc39804,2
8ce61f3f-855d-4c5e-9fef-60483f0b8492,2
9db66bbf-dd6e-4e94-9320-566a32dfc448,2
554c1694-b8b8-4ec3-8d02-8249e352aa36,2
8aaa3b58-0e92-4170-98bc-e9e11576c4f8,2
99919d68-6943-484a-9421-d930e98de671,2
55d43fee-76a3-469c-ac5f-86f05148f54e,2
6c039ed3-e569-45bb-b96c-288bea9bcdf7,2
95b4b563-dfbc-4c68-a412-a22310049a08,2
8f8751b7-07d9-48b7-aeab-d0adfff01ace,2
9dceba4a-f627-47da-9b2e-ac8eff76091f,2
9dd29f7e-b1d3-466e-a696-e649a831c185,2
95bc6597-5534-4ad9-b614-32d45563b1a0,2
5f47b999-3e80-4eb3-8a4d-e251db18cc6c,2
8001837d-0df0-4710-854c-765c1b768987,2
69a3cdb8-9a8f-48e3-9bf7-725bbdc2f80b,2
61cadbe0-0298-4a61-9db1-47293606cd08,2
6f732efc-a1c5-4c47-b3fd-4b2239315967,2
52fc8fa9-89dd-41bf-8bf6-4e54c247e23d,2
72e42471-7e2e-4f07-9b54-95b96c19251a,2
533885b2-0b86-45f9-8d8a-fc74cf745378,2
95cfb7fd-47e0-4ed1-8634-f48b40b75cf4,2
5d68a2cb-2431-4c3e-89a2-aebd7bd1beea,2
710dc4ca-c866-49ee-924e-d854aeaeabf9,2
8d0b7f97-5ac5-4bf4-84ed-f0ff5a985005,2
99c7ccb8-c2e0-4aec-a4c0-642880ab9b37,2
7f73b5e1-8957-4898-b29c-14f2d27ef639,2
5621d4a1-aa68-4519-bcd5-ff38786baeb1,2
67e5d769-ca31-49ba-bc62-d7b0a6d2b11a,2
99d298ea-c0dd-42a3-9d0f-0cf9246837ac,2
9e16c152-45a6-4c2a-a1b6-7854014ffbc5,2
5ec90fe9-5815-4e41-b160-3c7c296e78df,2
72f2edf5-5253-4e96-89a4-96b46dc6cf1f,2
88f0349f-16b1-4541-aeaa-a3f75b271fb9,2
72f47da5-1133-42b0-aaf1-079b78d269cc,2
83479801-1a25-4e17-ad8f-b6a15f5c3c01,2
65e4d02d-7e7e-46e8-9524-91948a93d17b,2
56d6577b-c438-4aec-90c2-8311434df896,2
6a550f69-170b-4d39-80ef-5f69140b7427,2
5f57a5b1-af31-4fac-81e1-7e39c104ab1e,2
99f0b57d-d665-4e8a-a3b3-428f2f38fd2b,2
6c1b0978-83cc-487c-9843-24d77a0e34bc,2
9e4574e1-0ced-4303-aa68-312f42dff7d2,2
6f8e12a9-b6ba-4141-bbfe-8c16e9cc03f5,2
824c831e-16cf-495a-8d44-47a1b8c6f215,2
75132d0b-aa14-4dbf-91a9-d4a0dd832e9c,2
6d25ed43-b421-4cd9-9fc9-919eaf0c2eeb,2
9e5465fc-5bc7-493f-b68d-10d91d1cb1c4,2
56d7beea-f597-49d8-a0d2-d327a73c9dc7,2
9e5a5a93-56ae-45a6-9b65-341d8743ae66,2
7902fb96-e94d-471e-ac24-f75c14b3f270,2
5427ea48-a9a9-4592-a98d-1c4d2ac208de,2
5aa15592-cd38-472a-b1a8-6ea50c9e4241,2
874eb474-18ce-485b-9961-eb900b445f21,2
92be2093-df6f-4b89-aebf-d1d9bd31ba78,2
825302c5-c1e5-45c9-9082-90635775a7f4,2
9a2035bb-82f5-47f2-b2af-08a86c204a3a,2
87526663-45ed-4797-9e9a-2cb3138bfcf5,2
92c84a54-3f7d-44cf-bc4b-d5ad6a4c10e5,2
9e7a6956-b2be-4cc4-8147-f0f86c8b59cf,2
7923a1d5-822f-49cd-b0e3-f884ec97f97c,2
53655801-e739-4de9-9c6d-b15904b937ff,2
60eea9a6-40cb-466f-b7a5-8e5499fefc1e,2
58551177-2402-4bec-880c-91de697d8cbc,2
9a375cbb-60da-49d9-a1b0-eb309e9c9f04,2
524fd1c2-8e68-4730-b588-4316da7091c4,2
85cf6d93-adcd-445f-8808-0710e11f7d76,2
9e90c769-c6ca-459b-9b86-cca91c7f9be7,2
63d7638c-abcf-4124-8768-a78b93c1107d,2
90017cbd-15ae-4219-a17d-e7171ef07f0d,2
5c35a12d-4fc0-4e99-b40c-d7b5037297cf,2
8483033e-ae10-4887-8826-cb8799796d36,2
818537b4-f9ba-459c-a7ed-5e9537eab904,2
85d486b4-e228-460f-b158-825785c0ed54,2
9a4dbb91-d3d1-4933-a659-000a49b01050,2
60f8c62f-f283-4dc4-89c2-6381e499c900,2
8b09db60-8898-4be2-9ada-22044d533112,2
7f06c751-bf79-4a77-94f1-91252b4362e4,2
6fba6ebc-b3f1-4a40-ab7e-eb4ee7207121,2
6e68cb36-428b-4f12-8c89-ae7eb062108b,2
8d6d1fd7-d916-4ba6-8c03-31f58f97280f,2
9eb89cd8-b0dc-4c1b-b4cd-c52e04b6065c,2
9303bbc0-515e-47b6-b5d9-ae18ab93914c,2
63f44e5b-8b1d-444b-9f1b-a1454fb88b17,2
966ccdfb-bf16-4c4d-bc11-cd3afca2c634,2
66631acf-e8d5-4929-9811-50eb1a307935,2
57b843d6-5d1e-46e8-ac69-3d9654f5a873,2
6d3f4ef0-47ac-4a1b-923b-7bce289bb4ac,2
5eda5790-6510-4e36-bee9-c6dd620cd2b1,2
601e88ac-4271-4607-9fee-3bcc0f575eb8,2
84938c84-91f3-4bb2-95c1-420e5b794632,2
5a1a970f-3677-4fec-88d8-f3f902ec09bf,2
6a6d4073-6dca-40db-9bf4-6fac2d80b575,2
527203c9-643a-409f-b4f6-5f709ded4a22,2
893c3dd1-589c-4624-924b-d2aadfbfe6b5,2
9687d986-d2c9-456e-8f65-9a954e415059,2
8021c512-21ee-41c8-b81a-4326e5a49189,2
5f72d72e-a06a-4b3e-82cb-429a7d9c096f,2
7166c65d-3e77-4193-aff1-5797a2f2a83b,2
79bd3b58-5ff9-4721-a732-40fa058969f9,2
755540d4-6fbe-4111-a1ab-33c8f7851be9,2
7f8f8835-b751-4584-8800-f9444b27593f,2
8d8b2460-71ee-4b14-8175-30de3ef176a1,2
602a6467-cc9f-4046-8501-ed3f6d50a2cb,2
9f002df5-fa27-46c0-b6a5-ccf2e01a0d9f,2
716da94f-e38a-48cd-aac9-0be43d6c0e85,2
878ef5e8-11a4-471a-8df9-bf5aea5d234b,2
6630d429-d393-4ae5-9edc-47148ed254e1,2
79d63e17-f68e-4a93-b3c3-aea988d971ae,2
7f11b3c0-da04-4e17-a5e7-007493a78669,2
69214c00-e100-453d-9d96-13a3e2f11b8d,2
6b5914ae-a05c-4ad5-bd0d-77188c695dcd,2
79e21412-55b1-4dee-aed3-7aefc3d1c697,2
5b03e099-dbe5-485c-8e9a-1f594f2b845e,2
557abd8d-4daf-426d-b563-ecfc759c7746,2
55bdc2aa-52f2-42fb-9c0b-8b7785cecfb4,2
7f9a940d-a3aa-4807-9d95-47e2e81b3f57,2
8da1cb88-0592-4eaa-9433-b3d98bcb0c70,2
69231cf9-7c99-4d5c-bb0e-336bec0f3d68,2
5c0ce5bf-7377-4177-a4bf-082427b7222c,2
96c97398-2998-4048-8a1e-eb3d56f25575,2
56288851-c1cf-4af5-8372-46b0e08bb92b,2
66a864e4-9197-4c21-a2ff-d62d7ded26b7,2
6a7ab383-8b9b-49ff-8c4b-53dc073d5887,2
6a7acd95-9c60-4aa2-974e-9149c157f4d4,2
7e462f4c-2ee9-48ab-ab83-0a9d3e9654af,2
8db48951-4d18-4204-9782-9d3999a17711,2
93750742-72be-4ffe-be28-3d487fa9f950,2
93770345-7a6d-460b-a278-dbf13b5a7ab3,2
96e1028a-b9ba-4036-8398-3d3aa08063ec,2
737c1974-9115-4e85-8e6d-00933a934747,2
5b35e652-cf45-4b7e-8a4a-70b03c30a62f,2
80df5d70-22d6-473b-985e-206a78f66dc0,2
7fa4f971-d56f-48f8-b596-54dc06a3f497,2
5a3be9fc-2ce4-4de8-ae19-22e72c8d999e,2
7a3ac278-5dae-4419-b410-9815d47f4c57,2
8dc934d7-700d-4198-983b-d1b5c4529d31,2
533e8f67-0d0b-419d-8dcc-f58384c61292,2
9f6e53bb-814f-4ca9-abd4-0c360543a1d6,2
9b0965b7-94f4-48c9-968b-ff53f8b3223b,2
5a40231c-067e-4fcd-9eab-6477fac7b0a8,2
9b0e9e03-9ea6-46c8-bcf0-36d66dc39417,2
87bfe5bf-d9a9-4b99-b865-04af35d1d9c8,2
692f9489-eb59-4a6d-ba7b-ef9e7fab7701,2
839f7081-dd03-452f-9724-1ccf6cba136f,2
9f8c290f-c029-4544-b4bd-0fe231b35c71,2
87c379e4-256c-4491-9fcf-df2f4422873d,2
5c1212fc-f7ff-49d6-9a0b-a2a38ea548d0,2
5f895876-09d0-410e-bcde-dca7e9f52199,2
9b25ca0c-ec35-4b02-b288-2985eb9d9c34,2
739acc49-0ae0-44c8-9ca1-5e6a63e00206,2
9f9ed06e-e698-4208-a73b-2d92623a1d8a,2
558dec68-5fa3-4fa9-b501-0c1b9bb41259,2
898d629a-98a0-4ef3-93c5-441b4c32aa16,2
8de8ef6e-7aa7-4b03-a1ca-b822db187102,2
6b74dc87-565a-41c5-a4e8-9785954ba6a2,2
6eade32f-057a-4fc8-9017-8767ddecf95e,2
80efb651-cf6f-4952-8eae-25b5735bd3c6,2
9729e9fc-a368-4759-a78a-1c6a80195a05,2
5ef2be16-b5d3-4708-9a0f-f94a02a35986,2
6b77ff33-1ba0-4a60-9af8-b2b3accc7e30,2
7aa9c126-0006-4cab-b39e-761ba18d9d39,2
87cfc721-c7e7-4ed2-bae2-95f0c6ad914e,2
8b9886df-4286-4545-b132-17393632914b,2
9fd115dd-bd2e-4507-982e-bbbd055e7923,2
623366bf-b206-4580-a92c-ee6ec558b79e,2
9b55c846-8915-4392-bc38-088f41d37890,2
90b0f4c7-1c69-4db9-ae66-c889590185ae,2
90b2ff97-b429-47ea-856c-0dbf34d56d80,2
71b4de67-673d-482f-b118-918eca3e5968,2
5cded78e-da44-4052-8179-7112ab8fdba6,2
58708daa-6e4d-4266-9322-b4e83fb0d2f3,2
80f5b793-2f2c-48d6-b1af-ce849f5b984d,2
9b636124-67d1-4b99-948f-f6502ccc23a7,2
97560137-320d-4d99-a654-dafa53ae9fb1,2
93e2484e-ada1-42a1-86a7-e65c81ef601c,2
7adf2aa8-5f2f-4cde-89b6-3f0739be7316,2
84ef98d4-2869-4a47-9c3e-8c65431ae98f,2
9763dda6-7a6e-4bf3-8f10-75558b3bca38,2
90c471b1-e562-4574-8e0f-769684b3fc15,2
9b76977d-154c-4055-baca-f5311677be17,2
90c6ead6-3da9-4ebf-a6d9-5c42fb40650d,2
7af2c60d-d992-4edc-8cba-9936a2d49364,2
7bd5521e-7fec-4304-ba82-2de755314e05,2
a014ecca-dbbe-4aef-9265-68b88a0c594d,2
9b8253c3-0241-438d-9603-06bdb05e0517,2
9b8491e9-bc9f-4be8-bd7f-fc81faa94742,2
73c94159-bb34-4c3b-8700-f37266b29fcb,2
5276a50e-cd54-4a34-9d4f-39af034f96cd,2
9b8d527d-3c78-4ff6-8449-8fcacf39df12,2
7fb6d298-121b-4642-9583-5a67a669bcbd,2
8bc22b2b-cef7-4d82-8030-1d1116b7f979,2
81c86055-2c54-4aad-a28d-32f468c56f2e,2
6a995c5c-7196-4ec1-ac82-913ab8c47c22,2
58e17092-73a9-41bb-b068-fd137bf857b2,2
8e283711-7990-42f3-9176-1f0bc5753c4a,2
8bcc25e6-4e7a-4907-9660-414968960033,2
75e6db90-19dd-45fd-a763-3e66aecf8368,2
9794dca5-3cab-4345-b3c3-62caf901006f,2
865cab20-b764-4185-aae9-cf287bb66057,2
941594a2-3c1a-4c27-a694-0bf0a309596a,2
64bbf6da-cc12-4c58-af2f-e6106888ab71,2
574d1c9c-eba1-4ca1-9046-9a074657d16d,2
6614aa9b-ed8c-4039-8e62-12009223c811,2
6b912d7d-0bb6-4cd3-b344-07305b41f660,2
7db6c59b-7900-4e50-b475-47ab34423b00,2
62563d58-fb3c-4ac3-bb1d-af53ece6b77a,2
8108318c-d76d-43b1-a7fc-4a6a95fc4c83,2
52295768-e998-47a8-9baa-caf099c22634,2
64cbf4dd-d1a1-49b0-a9e1-39efa9a4758c,2
9bc49a8e-cef7-47ad-8d77-7bafdf80315b,2
7b622875-d98d-4bf8-930c-a20a51715052,2
8be999b2-f7f7-47b5-b355-d8eb088488b6,2
5822bf68-4273-48a6-bb80-f6953485c342,2
7fbbc100-88a8-4a12-beb4-94903735ac29,2
587d0b90-dc5d-4b4c-9774-320526e45090,2
97c90eb0-b933-493f-91ca-f2d3ba2674c3,2
615ea2b5-295d-44b3-9c89-1d2c85e61da6,2
8e5692b3-4780-485f-b708-bb0b02d33ac3,2
6ee5a77f-6a9b-44c6-b665-a7d3d074ca4e,2
9be43422-e9a1-4c7e-be3b-11664311c2bf,2
73f3f2fa-b874-4f0f-9630-5055a626b15e,2
7b8fff88-eaf5-4db1-8cde-b4f25b94df0a,2
5c99283e-2025-4267-920f-c618642d4548,2
6164ae40-a03f-4f5a-b692-602a3d8b1323,2
73f8b95c-580f-4a45-9f60-2d4504d7fcde,2
8bfd6091-0220-4dd8-b99f-d33d21186bfb,2
6b9c33a9-d565-4ac6-be2b-8ef4182e5e82,2
7bc30558-abe3-42f0-a832-5c7f02cd3f8d,2
5be17315-29bc-42b7-9ebe-02eb6c1163b9,2
7058400a-da6a-4cb7-b375-510d075c91f1,2
97f16cf2-4acd-4807-8471-53c5126f12c5,2
5d38b8b1-aae7-4298-be7e-7bcdd554d108,2
97f883ee-1d16-480b-92c9-a9b8a1b99a25,2
55212c10-ee4a-4cc5-bd8e-46aa601a6606,2
628bdfc4-8feb-4116-98e7-b9d97aead561,2
81e3a510-c1f8-4066-88c2-fbe04b5e970a,2
5882f467-ec61-4ea3-b02d-ec6cd3ac836d,2
740f89ed-06cf-43e2-b791-5d3aeaeeb770,2
6db4eb42-72e3-4861-a6f2-318cd3a81948,2
811a0161-3fcb-4bbc-822e-5a1f5dcd5655,2
2a0b62f1-9744-4de3-9153-d1b35cd77210,2
05de73fa-dbf7-4320-94ec-e9a7e895fab6,2
492a9776-4a4c-4b76-aec7-f26494a51b41,2
29b7e6cf-811e-4e52-86ef-c19f003197ce,2
4058ad2b-2330-4c10-897c-59826a5571b5,2
2997b183-9c72-4638-adc5-b3d190713a4d,2
05f17bb0-d52d-469e-ac43-84964209ab4c,2
404ef93e-2183-4dc3-ac6d-3e528c311ced,2
403dcfda-e6d9-4f4e-88ab-be25f535b4a3,2
4dc70ae6-f121-4af7-b3c9-180b7750a597,2
293609e5-b23f-4d75-b5c7-ad946693391d,2
29171e63-d1d0-469e-9304-955b7fa9a1ca,2
008c9459-bcc4-45f5-871f-6658b18c3aff,2
4fe49ea7-168c-4f63-b71b-e5d3bb91d1ac,2
28ce71ee-8900-4a72-8787-a5e1e72d4d4e,2
060f9bba-3a20-473f-a076-90ff967f1ad4,2
288cc938-e379-4dd2-ac11-68059ffefe7e,2
3fdfef83-6c42-41e8-a612-dc7d07c413de,2
4d768a01-ad7f-4d95-920f-4f3b4ae62b99,2
48be5627-60f4-4794-bc93-6f9069b9ef15,2
06246b64-78ee-40f8-8cc4-ea641a0a6329,2
3fa02dcd-4c76-4b0c-84f9-e295e1ec7e5d,2
3f9734a0-f24f-4bb8-9a23-e00ecf29bf27,2
3f8202c2-939c-4ba3-a29c-2b7285ec5add,2
2796bd7d-5d5a-4a50-9de5-2161838077fa,2
2781bee3-55e5-4b81-a526-b007beaf97ee,2
06383290-383d-45ea-8c32-17cc697c70d5,2
276bde25-d562-4431-9922-7454701ff3db,2
4d642dfa-e00e-4dc9-9394-7187728dffb0,2
4887da13-3f9d-4cf8-89a9-323323032bd9,2
3f1103de-fa2c-4c39-bed5-688e19fea61f,2
01562f1b-4e18-45f9-98ad-0085aae8ae38,2
26f334ad-aba3-4d13-8384-36f3927e5425,2
3ef15ff9-b84e-422f-a583-518a9ec2adbc,2
26bcc76d-b9d3-4102-b6f6-cdf5136dd49f,2
268b45aa-0397-4ec0-b842-0507afc6b3e9,2
2668861e-17dd-462e-9504-df3bb694e4ee,2
2657caee-d55c-4c45-bac3-9622a4d65999,2
3ebf29a4-2dad-45e6-9603-3acfb7f22655,2
4857ef6b-d0ea-4271-bc72-98d58f58c33d,2
3eb23bca-36b0-410f-a0b5-2941481c6e16,2
02e9b8c8-21f4-4bc2-af22-9e7e699d80a7,2
4d3a2695-8b59-43af-82ba-c74a2ca04da6,2
3ea3ec79-fddc-41c5-b091-4ad79437eafe,2
25807a02-ce6a-4529-b3c4-5eae8526c458,2
256e0b72-0444-4aad-a69c-88e2ca9810eb,2
25575c42-d3d2-4e09-9030-9690ad8ed619,2
252cd525-5eac-4261-9d61-50fac3e66174,2
4fbe9274-089a-4ef4-8a9a-118100b42eb6,2
250c181b-15ee-4358-9700-bc98a4f20be9,2
24fb3f96-2be8-416e-bceb-bcb03ef9cb1a,2
3e4e210b-71df-4bc6-8fb1-c6feb048c97c,2
0694855c-e837-48c7-9aa9-05330e034646,2
24b59eab-d5ee-4b02-a71b-df6df44d6e44,2
24b176fe-942b-4f8b-bec9-c7f56d42ec82,2
06a265b7-65d1-4b42-8a33-322398e89754,2
06a73337-5426-4f5b-bf90-dbe32a6e648b,2
3dfea723-d55f-4f17-9cc6-4d6ee0991a20,2
23fe0bb0-2a78-4e6a-b073-e0fba66ee4f2,2
3ddabcc7-02d9-4710-a841-e9d1a3a05a8f,2
009f1636-0bcd-494a-99a2-d2a8329142c4,2
06bbbfc8-d9f6-49e6-b4e5-c2752b2a4ff9,2
06bfc3d2-26f9-43fa-b319-a8161d12985f,2
481a28b7-a0cf-4e5e-9616-d4e13586afe8,2
23907d7c-7d01-485b-b66e-5a5da02da93b,2
2385f042-7679-4461-909c-e59589f281f4,2
235cfcd4-2d16-4703-863c-823ff58eace3,2
3d5211f3-4691-4521-b35b-2883140b8a34,2
23400c7f-b5ed-4f42-8977-7ad96fb0ff30,2
3d4946de-6be9-4e6c-801c-f9a45eb76a66,2
3d14ddd2-1224-44be-a9b3-fb1ec11ac2cc,2
06e02fd1-133a-415c-a2a6-bbd5ed6ba8f9,2
22eb5283-c860-409f-a828-ab8141757747,2
22ddaa92-aeaa-491b-b273-a4ade7507960,2
06ec0195-5df2-4d2e-bc7f-8038636de0b1,2
22aa0d30-9192-46ea-a874-89fd7efcf2dd,2
2296881a-62c0-4144-82c3-75fa3d2a77c1,2
22824632-88f0-4e1d-beaf-98f9931acc5c,2
22707776-5d1f-444c-86a9-a58f1c94c501,2
224a6a40-0be0-45fe-8796-2fac7dcaf3d8,2
223e43e1-e3b6-4502-8038-bca413a5fbe6,2
22269a02-0cf9-40a9-a86f-f55cdbd7fffe,2
3c9db239-f140-4ae3-bb25-84cf6a901a25,2
0711e2d9-a972-416e-98fb-a63d65044bfe,2
21e2c476-aee4-4461-aaf1-5970286d7e0b,2
47b4a754-5610-4ad8-8579-b952538b2df5,2
219b267e-e5af-4752-8623-946ea9fd395e,2
47a45aa5-ccda-4d35-bfa4-93c52cff5471,2
033e765a-3da2-4e5a-bec0-e3732b7d7786,2
3c779210-ccfb-4e6a-a262-3d91d4411956,2
212d48ac-55d9-406a-a69d-c3e901ad3554,2
004762cc-e626-402e-a518-1793d59c11dd,2
20e4b9db-4c9a-4b7e-b850-ddd6edfe41e2,2
3c278d23-1ad3-43d3-959c-a88d25d3ee40,2
3c0b4b65-3822-4acb-9e26-a454ca95fab0,2
4781d327-e6a9-47be-bd9a-a4a2525f3e65,2
3bfa592f-63ca-46ac-8343-702cc1a729e5,2
206ecc0a-f381-4232-8139-e6d86fc64832,2
204eb197-fd9f-4cb5-b406-55c70ed8cd1c,2
4f615808-39a0-431a-ac91-cef3c201f06f,2
3bdc0929-1583-4b9d-895f-f9cbf01ef3ba,2
1ff6add2-d411-4306-b3f0-360152013853,2
3bbfff12-ed22-48df-b946-b9076a8d2ec7,2
035a3c8e-6797-44c1-81cd-1bacb0a2fa4c,2
1fc9bf44-307f-4712-ad28-c317b2907b79,2
1fbdd1ac-fe95-4824-af95-d7c17eeb8c85,2
3b8aade9-a602-464f-8e6d-c8a7659880d0,2
1f7f47eb-1c76-4c1a-bff8-b97da8ffa72b,2
3b7728e6-c066-4166-971b-c77c669e41b1,2
1f5eab21-9b86-42e4-8d22-359677160ed7,2
4c6425d3-723d-4755-8bc3-d92c3420518e,2
077898b8-618b-4e48-a878-a4c9abb16d16,2
036c105a-7ae4-48f6-a2aa-2ef3e42a6df2,2
3b2af339-1805-477f-bd3a-4d8b88f55819,2
1ed1d629-488b-4fde-898a-c3ba42fb213d,2
3b045b3d-50d9-412f-9e23-711554d19638,2
3aeea09f-5a40-4eeb-b92b-6d8853d2f101,2
1e33545e-1221-48f9-8325-995082dd5c5e,2
51050376-dbe9-4e9b-9129-a078b7d9883a,2
4f3c9bae-bf86-44ea-ac92-645c2479608b,2
3a94f05e-c391-4706-b8b6-6124e41a34cb,2
1df065ab-917a-4110-8d58-50d87c04f0d3,2
3a7c1ebd-2fe1-4208-b0b8-f65256e56516,2
1dc78280-8f4e-4bc4-97ef-1aa5d0a4e4b1,2
1d892b21-d6a0-4326-a8a0-e8df7a7821cb,2
1d65e6b8-cab3-4561-8696-0419bbd800a2,2
46ca81c8-d611-4d0b-91e8-e2013d672f68,2
46c83df2-ddf4-4bd0-a7c5-d33d23be60ce,2
3a4c898f-a8d2-47b1-bc55-7ebb74e2d456,2
4c2d39ae-3ce1-4a6d-b77c-1dad0db2411d,2
1cc8ed9b-6561-41f5-b2a5-b63eaa391ad1,2
1cb71716-1c6c-4230-98cd-eb334b5d31cc,2
3a2e36e4-18ce-4139-88cb-e81229917e1c,2
4c2333a8-f693-44cb-b59a-5bc2f36493d5,2
1c7c7404-e361-49f4-8fe6-5e4d437a3b46,2
1c6d3cb5-68c1-4770-a3d1-f8116b4ddf0d,2
1c40f2ed-675d-42b0-b31b-f84759ec51e7,2
39cf461f-a3a8-4546-9dd3-5e7c0eca2ae4,2
469f9677-8081-4ec9-89a9-512d3a8c122f,2
4690c53c-856c-46a4-9161-2d859cdb519c,2
4f29433b-8646-44e1-a9c2-69dac85baf95,2
1bd2786b-4cb4-420e-9d19-9b0dbb6e247f,2
1babc735-7afc-47bf-9607-ddd2af7e8677,2
399c1845-4cd1-431d-a73e-a45184402cb9,2
1b6fc04a-d673-487a-ba45-e1b44f982353,2
1b51598b-30b2-4287-8aeb-d327e8dc4af7,2
1b3310e2-e137-4e97-9bd8-06fb761c9ae4,2
1b276d3c-b44d-45ab-92ce-db4628c25b48,2
46751b54-790d-4eb8-94a5-5f00e40ad609,2
395e5141-2c1b-435a-a960-649b81706075,2
1af1dc3a-b7a8-4168-abcd-4e5f76da687a,2
39301013-a047-4abf-a141-79288c58fec7,2
1abbcec2-d969-407c-a462-e5973a131bf0,2
1a83fa12-ef97-4b8b-a3ce-cd578a22cfac,2
3917e620-32c0-4e0f-b9b8-411f29a4d7ad,2
03b2d1d4-d881-4bcf-99d9-b0521580ab6f,2
0827a725-31da-4e69-acad-4d5d3697092b,2
03b4e161-5841-4664-83a0-3e701906e0dd,2
19f5b358-f3f2-490d-b665-ad1fac3d8f55,2
463745cf-21ee-42d0-bbba-4959e7d9fd0d,2
19b77ab1-d253-4740-bfa5-6140a813e2dd,2
19a3ef81-002a-4fcf-a6f5-c3361b7d6b61,2
198a3aab-401a-498d-a0f9-06ec90d10112,2
387fa798-4014-4317-a18c-1257276dcfd6,2
0848187f-07bb-42b2-9c64-a1038c07bd11,2
387d8290-c9ea-4d8d-a7ed-c8bb0f199fad,2
19456e6b-278b-4595-9674-33957d6a1cac,2
19260d27-7419-48d8-9afe-d73116d6b4d4,2
18f1de29-c574-4c46-9ea1-239deb1459c6,2
03cc71d9-8352-4fe5-9846-6c3254f2739c,2
38361d4f-cc8c-4131-837b-c47bf9b3c178,2
0862c9b1-26d1-46d6-ba3d-97d82ff25f49,2
189c9ea6-96ad-4fa4-a038-3a24db7ff568,2
1872564e-8061-472c-a9c4-75d013db8c05,2
4be4f2e8-af24-4557-a159-79ef3343ce17,2
1856e8c2-a45a-4bf8-93ec-514928366728,2
37e965f4-332c-4cd0-9670-a6afa1b77f97,2
03db6355-918f-4421-901d-f05a4a8da041,2
17ecea9a-de9c-40d5-ad4f-2cb7b069fecc,2
37dba2bb-6819-4350-a6ec-e74400c9bd3f,2
37c88193-48e7-4961-967a-a28c0e50e089,2
178ff595-5f5f-4847-9313-0c377dcf8308,2
177f2704-2cf2-4ee6-8af1-1afc682fbd76,2
3786be3c-c0ad-470d-a198-9a9929e3c701,2
175337ab-421d-49c2-85a7-3bd6971781f7,2
01ca4492-eeab-4869-bd6b-1e92461a6610,2
377a8e18-3750-4e9c-a5bf-1c225612c5e4,2
170e5074-7af2-46eb-bbcc-179758c89da8,2
376b15e9-dd0d-4d5f-8442-b9db23513c4c,2
16ea8608-0c4f-4749-bea8-bd2c25380087,2
45bfccca-2619-4f6f-9fa3-3419f2ce9bb5,2
3738a582-3967-4813-867a-48e9077f215b,2
371abea8-c810-48e7-85ed-8a1ef1b5fae6,2
16558999-0ff3-405a-a036-0967906a144e,2
1645e756-a517-4c7a-9d4a-0a1000e5c91d,2
1627c0f8-c5f6-46fd-9520-70be5b9a58bf,2
4598fadb-bdd1-4a08-a426-aa70c79652d1,2
15ff593a-3f6c-4125-8299-d868aa178fa8,2
4ee9ed07-3f93-4930-b792-289e7fce28f4,2
15cc6356-f438-4a59-9af9-c3073928da8b,2
15b4ebe4-7def-4b68-98a6-a22b4b9b3f93,2
15a8b5f7-f7c1-413c-80b0-28e26ff441b4,2
01d530a8-2c1e-4a2b-96ef-b28f9fa0481b,2
157e6122-7d63-4210-a08a-d974f821c67c,2
156efd28-a0e1-4c35-b732-862f4ca881bf,2
515858d8-a4e7-4405-9139-6b22dd9d72c9,2
1550ee0a-19f0-4c37-a6f1-7de1e58e7d56,2
154006ce-e1ee-435d-bf2f-5c98e2c1a6dc,2
152229ee-5693-4db3-a707-5eb6b05bb94e,2
150a896a-0067-41fa-a632-6f40f02d79d5,2
4edfa456-dc81-48b9-b3bf-4f45e26cacca,2
0427fecf-0ee3-4485-b4f8-f377c0879afc,2
14ce5a35-0906-49e6-a736-164c69cc6ab1,2
14a639eb-3fc1-452c-9753-e2a7329a38e4,2
36241f79-a130-4e18-9ee9-4f866b697c2e,2
14795625-a480-47f0-b60c-84eeb9ed48a5,2
1461bb23-ef81-4e92-bbe3-76c03bee6ff4,2
144d0a64-5184-413f-9b2c-2b6b3906cb4b,2
142369f2-3539-4196-a249-7ce391303e8e,2
3600c302-1bac-488c-b571-4e0de8898d28,2
35f0ae13-cd71-4b55-8c77-b6b89be6ec17,2
13cad705-373c-4003-9919-b11efe055ed3,2
13b8b53c-415d-4df1-8060-5508bf76bfb0,2
1392d72f-d0ba-4688-aba7-5398bbe465d6,2
1376f2a3-2637-43fc-b372-0b17e9c42928,2
136634ee-7aff-4e53-b240-e57e24030bb4,2
135998da-de4b-4831-981b-00b438dceac7,2
133f0c41-474b-4fa9-9498-1feebbf8b146,2
35b9162f-468c-4c8b-9fb9-8b33fb80504e,2
35a60fba-6762-49bd-bc1f-65b3417ae746,2
09377a51-372c-4760-8cfc-adffa62a861b,2
12ee4aea-053f-4f67-ba2e-5d0c31ebdc24,2
358c5aa5-783c-4548-bce2-7c8deb5d54e2,2
12beb73d-064e-4129-b5be-6276e8cfda8a,2
12a85984-a6b4-42e1-a8ec-6883dd2eb987,2
44cbd252-da48-4b96-98b3-1ea5a9491c25,2
127cab38-f3c0-4ac6-8a28-e11e388e1083,2
3545f69b-d05a-4fc4-9fa2-0461522f0e14,2
122ebe47-cb6c-409b-a745-d32b022c5d76,2
1213befb-6c35-4a0d-b6c9-10419a9e4439,2
4ebcd963-3e8d-40c7-9379-7c5d7613974d,2
11cca6ad-1faa-40dd-ac64-c2a5e3479806,2
11b34087-207c-4c4f-8b15-2421d8853481,2
1185a6f2-e7b3-442a-8243-086e24199008,2
04617b6d-b559-4432-864c-25c973bbdfbd,2
113d7482-252b-4a26-aad7-62f0680bc1c7,2
4489579e-8f5c-478e-be29-6876080d8948,2
4b383e46-9314-43fe-b52c-e8784d39a198,2
10ed6b20-b8bf-4a43-93ad-6ffe36db1876,2
10c602f0-00ee-45b7-bccf-ed29a8b6da5d,2
10ad7045-4e7b-4df5-9a36-402ec3239d6e,2
108e67de-d70c-444e-8b64-4715425aed0d,2
349bb513-dc1f-427e-aad3-0645f1622eb9,2
1087e6b7-f3d4-4a5d-9d34-154637bfedf1,2
3481b82d-a87f-4aec-879c-f8113b57c049,2
1047927d-b72d-47ba-b7d3-bc1800833b76,2
1026b420-1388-47b3-9ff9-1705d88fc089,2
442d0b1e-73c3-428b-aefa-bd857fbc691f,2
09a86895-41d7-486c-8cbc-f72b29528f2a,2
0fec6460-2514-462c-82fd-b34a489a62a6,2
0fc9f68e-0edf-4114-8cbd-842948c4fe6d,2
0fa25f80-ebe9-4fcc-9813-9c31bb933f48,2
34300393-342a-4991-8227-dbc95680e792,2
0f62d809-c768-43fb-bfe5-0662e39e5a17,2
0481f41b-59fa-4bc8-8483-fd4fc789fe86,2
340c319d-f4de-42f8-81cb-076aa1f993df,2
51534cef-7f9a-433f-a2d5-91de7c77fa7e,2
43e1d80a-52f3-40cc-8b5d-a85d64cd1ffa,2
43de0d93-606e-4f61-9fc6-831f3fc656c1,2
43dcbb1f-54c2-4e3f-a036-dd92a982d77f,2
0eb0a0b5-2dca-4579-9d36-522bdb3e7063,2
09dd1e3f-7533-40c1-874e-9146af156214,2
0e88739b-009c-4d44-947a-156098259d9e,2
5150c8b0-00d3-4983-843c-58f980081f1f,2
43d2ab21-6b29-43be-865e-59ffb10ff608,2
0e37d681-dbcc-48f8-bfa2-8eb384e49301,2
0e2b7b2b-53d6-44ae-88dd-6942ee10fbec,2
0df878a9-da4c-44ea-8e66-e611e7fc206d,2
43bf584c-909d-413b-a770-35ca174975ca,2
0dbe67db-c21a-4933-80e1-8a8af2c454ed,2
33547715-d17d-4bfa-82d9-24b371357b38,2
50612a4b-6084-492e-b3ea-2c8466ece81f,2
04a1d69a-c48b-4c58-99cb-6d7508103be5,2
331d8124-da8b-42f1-a6ad-06c69add36a8,2
330ca94b-604b-438d-a69d-dbddd4dad18a,2
0d643292-e690-489a-b4de-37d25e8428c2,2
32ea77a1-85f4-4426-af3c-0dc581679b1d,2
0d137e4c-8519-42cc-ba35-8c6949125aa8,2
0a1de536-f641-4ea8-88fc-f2f50043eb93,2
04a8f050-9e81-45d7-bbea-cb8ae908514e,2
0cb347a4-05f5-4437-ab27-243c23100394,2
4afec0f8-1a25-4626-9b0f-e8b088a01d67,2
32bc986d-295c-41a8-9bc0-79fabbddddc7,2
32a1def2-5ed8-4de3-b276-52e771a0dd64,2
4af631a1-b1f1-4a26-a841-ec39aa0fa312,2
3280bdc0-d725-4a56-864d-1ea37e4407fe,2
436b98c0-0779-4317-89b7-153e62068036,2
0c4071bf-2008-4e73-9700-add9142a59cd,2
0c2e8aa7-e809-4cbc-abde-c9dec7e56058,2
31fc3830-1794-45b2-8b56-22a5c256e1fb,2
0be7885a-a60a-4612-b307-461bbb53ceaa,2
0bd5da71-246a-421c-904f-ff92c2c5ccdc,2
31d8c149-263c-492a-ad19-a92546524f27,2
0bbbc3db-5fc1-403e-a6bf-fcb962a69ed7,2
0bb5607b-cb2e-42bf-8146-2e54d999eb55,2
31b51d4d-42f0-45d1-a4ab-54f658e02977,2
31b31da1-28ee-4457-b192-0dc46ec0558f,2
4e889180-9661-48de-9fc4-f25cb97573d9,2
022a23e5-e340-4c5b-850a-0fe466ed7ecc,2
318f91cc-d326-4414-8790-34d7d9e0afc7,2
0ac21e92-ce87-40f1-8a3e-78601e35829d,2
0a8f7ee8-60fb-4499-a234-885495f81b93,2
43245fd0-112d-4379-aae1-2b78463bc9b6,2
04d91a2d-7dc6-4286-8507-2889871713d1,2
311013c1-3ff3-4380-a6d8-435587f132c1,2
04e2b387-3a7c-4d76-8d86-45bb5e1e06b0,2
30f307fa-f108-4eb2-87f2-3df84a9eb9ee,2
04e8b884-bf96-4cb7-a3f7-57f30319ff10,2
30c65203-f7c1-4294-bdec-d84e3e861ddc,2
04f01f43-5dc7-4203-b6e2-389a5800a942,2
30969ff7-587d-402a-a702-0e55edfc7df4,2
4a87248d-bb95-49f8-9bc3-f1c6b7857715,2
304cfc94-4677-4c74-9652-8082a59a8263,2
303ba842-49b2-4749-9620-a7e869edfcfb,2
300d20a9-0a80-41fe-9ae9-102d4e517817,2
42a8d274-370e-413f-a6f5-419bab08cfee,2
42a29f00-4290-493e-8c85-2183ca2891a6,2
2fd4e1cf-1bb8-4422-b4f8-042eb3e57e33,2
4a6185c8-f8ee-46a4-a9e1-fa264b64209e,2
4e674b73-4ad5-46ed-b75e-a4c205f64f22,2
427d8132-1fc5-4906-889c-d1f56a3d9fed,2
4a49d858-14d9-4b25-8e75-4804b36f42a4,2
4e3c73fb-0239-417d-9fda-19473d4227e7,2
2f4b2dbc-8372-48f9-888f-a364121aedf8,2
2f235d81-df0a-48af-a7ee-b992c378562b,2
2f11a4ef-b1ad-476e-af22-a70a1dc9bf8d,2
2ef5e978-58cd-4e59-9d1b-4709269d4bb6,2
4a2fd2a0-e1b3-4807-96f7-a5ecac00c855,2
2ecc866f-314e-469a-aa77-7fbc01fd4b7b,2
422f21e4-8ca9-45db-9e01-c7421e40dc7c,2
2e9c802b-7bca-4cd0-9a36-66745825e187,2
2e7d8e4b-f050-478e-bf65-0adbcf4fc01d,2
2e56ad1d-c650-4dd5-9477-7c88e6f49ef0,2
2e3a4116-12a9-48f0-854a-127e78476e6c,2
2e21621d-8d6a-4671-95e4-20db95df37f6,2
2e179238-0ef5-4e60-968b-bec24e2d2f3d,2
49cf49da-564e-467e-9b2a-1eb0975d599e,2
2db50bad-9f17-4fd0-9057-af43bfd63cdc,2
2d9d26dd-d04f-4be6-b3f6-476d50d1d0b8,2
49bedc37-3fb8-406e-8214-bcc781149002,2
41c41108-5895-45fb-a3c8-de542b0ed77b,2
2d1c5fc8-3379-4ea7-bfea-46d1e8e9b2b9,2
49993b9c-d4d9-4ca8-80c6-5ca4d597fd7a,2
2cd22f71-7c6c-4be9-9f3f-96ed48ef3e19,2
4998a443-e4f2-4fd9-956e-c9ae72dfe531,2
4988dee5-f5c9-4a2f-bc7d-4e124251b3fb,2
2c6ab162-9eb6-4854-99ec-18c4752d7d26,2
2c46f658-323a-44a3-bbdb-a2af303f1f17,2
4e094524-4cdc-462c-9737-aa73d67d7557,2
41512537-9730-4704-9024-31abc58c373d,2
2bde7103-fcbd-4691-8056-cb025cb1f5ca,2
5187abbe-810f-448d-b395-d0dc3103583f,2
2bbc5cef-aa84-4870-a0d5-a10c4b01d712,2
0282dd37-fd6f-4ac8-a8d6-460248a7251f,2
411b395e-04e7-4f3a-afce-b2759888216d,2
4109254d-89cb-4fca-8ff2-afde6df11bf9,2
496ed070-d3cb-42ee-97ae-c22b6a4f86a6,2
2b71c233-74bd-49df-8028-97808932accd,2
2b51036a-e3d0-498f-94f5-f395fdb097d9,2
05a580e9-9446-45fd-9f58-ec093ff4262f,2
2b2f72ec-b026-44da-9995-5ecace39882a,2
40c55470-7185-4801-9649-d66418982b4d,2
2b0014dc-fde3-4f9a-86b1-ca786b7bcf36,2
40bd11a8-52ad-432b-94a3-0240a9c06d74,2
2acd22e5-1527-4d71-a58b-835338bdbb12,2
2aad8d23-16fa-449a-8a44-34d54cbf2735,2
493cfed4-fc22-4e64-8bb6-a257682de6ba,2
013abff4-7efe-4bf6-b84b-be3bb19e957a,2
40a505c9-acfd-48be-b623-4f4a56b667c7,2
2a5d0d52-9943-4c52-aaeb-11ce5e5956bd,2
2a33e8d5-56dc-4ebe-9264-9725f7594e5d,2
2a1d8b17-e286-4d50-8b1e-0805cb264923,2
02a5fe83-cdb7-4238-bae5-f67bcda28464,2
f6e3a72f-7e4b-47d7-887b-300ae89a37ec,2
fcc26c82-59f9-4cc7-b657-a5c330c1833f,2
f6eb726f-bebb-4661-979d-77c8d8ed2f8b,2
f83271ca-409d-4c24-8a3f-629d7f5b96db,2
fc31e2a2-7de3-4b35-ad2c-4866de9c74ce,2
f84e672b-3e39-47d8-9402-dcd90645ba9e,2
f4ce5814-fd6e-4628-a4d1-3726edf9e5e9,2
f54d9013-e029-4e7c-be78-52c634fe0117,2
fcd32af0-3bdc-4320-b1ec-ec23b171aee1,2
f0ea1e09-003c-4ef4-84ba-1f0b32d6b6fe,2
f89d524d-5b88-4952-a8a9-8a0ed4c9f837,2
fbbc2400-13ce-4109-8b86-807fa085aafb,2
f10c6c4e-2d15-4cdf-9cc3-47cb19f356f0,2
ef1d0595-309c-4d02-af7b-e8ede07a75cc,2
fa83949f-825d-4159-be2f-743c15eeef59,2
ff665db1-0134-4252-88a4-6aa9d2f7cc90,2
f10cfc9a-132f-41b4-82f2-996f92df3a92,2
fce7926c-3f50-4558-a8a3-a9d778730b98,2
fd993e92-f267-4b36-bd9f-981d69279e95,2
fd9b536f-75b8-4600-a4f2-f0c699354242,2
f3dda49a-9485-4407-afd0-0e58818b6560,2
f13804d9-b51a-46dd-8470-2394d1c39168,2
f9fba246-92ef-4e55-904f-6bc8109ccffa,2
fe8eb0fc-1a7a-4146-8b66-ec10790e9b9e,2
fc56de4c-9cff-4855-a9c1-76023aed705c,2
f10de67a-be27-4f57-a334-9b847a52da69,2
f60e607e-2803-441e-8f3e-3d4ed1b654b9,2
f390efa4-7007-4923-97e3-9ef0f3308b1c,2
fc5f7fa5-38a2-46fd-814c-be2fdc145363,2
fcfe518b-9584-4899-acde-43df71a3275e,2
fdb9fea9-9bba-4fa1-942f-69df42660cb1,2
f0157eae-2202-4f3a-b12d-6577924353e0,2
f2cce0f6-1870-4f16-83ec-60e2b46c001b,2
fc675374-a44f-4d69-bea1-f8f18b5f97dc,2
ef9a94b6-99d8-4781-997c-4484ce6a1519,2
fa41fb6a-dbcd-40b3-8349-85c0377970a3,2
feb49cf6-d4c0-4ecd-a160-cf5adab509c9,2
f3430704-4e29-4195-95c2-3c8ec1809899,2
f18aca04-6061-4cc5-9a13-49f6b075cda5,2
f05c306e-bafa-4c9d-bee5-e8a56d0be2be,2
f8691d8f-06ff-4006-9d6a-a2011e45835a,2
f6977052-5c83-4a1a-8374-8d11f8adbb03,2
f44db259-8d70-414e-813d-a85346dbac03,2
f18c8cab-4782-4264-b3bb-224a17ed0157,2
fde04d04-db43-4bec-900a-41377b6ea5b1,2
f0d1f26c-439a-4d6f-8b20-13a039dff5f9,2
f7964ee5-c6be-4326-b9ef-eed81caf9e1d,2
faff67d3-afd9-4a79-b127-21a3f4f10b3e,2
f0db8348-344a-431c-9636-0b22a4428833,2
f407d25e-c873-4d49-8f59-c1f6f3ea300c,2
fc8bef74-68db-45f5-ad27-7191f5de7b04,2
f6326477-625d-4bc8-ac23-f89338bf1754,2
fd34ded2-df58-40e6-b33e-ecf4b29700aa,2
f7b08821-555b-497d-aaa6-97ae9082cdcb,2
f0de2e1a-9149-4a63-ae6f-0233a12640e2,2
f992c49a-65b9-4c8e-aa83-85ecba6f464e,2
f157b808-21cb-4dc6-a266-9e70e628e8ca,2
f961d1d8-ce94-4b1a-bc3b-aa6036557686,2
ffe5fb68-d510-4aec-906e-b0da9fee6516,2
f8ac441b-d4eb-498f-ae7d-250839a086c3,2
f32d3c9b-c370-48f5-b286-a8b2d0b4bacc,2
f1961890-af77-467f-a9dd-65ec0d720ed6,2
f7dc2339-30fe-40e8-8aca-2a72d864325b,2
f5825596-3f39-4c9e-bc86-4fe8ccb7f642,2
f5dd0142-fd0d-4d4d-b657-0bbc2e1a8e4b,2
efb63015-0f7a-498c-bcd1-a3e7d5563e6a,2
fc14504b-eb23-40cb-9a75-9b301ce0d872,2
ff0f1c8e-89cb-4123-8095-57a940635a95,2
fa66c75e-48ef-4344-851e-9c6b01b36512,2
f6bdc39e-1697-4b0c-a451-f1d23574daf3,2
f58c8095-f8e8-4b80-aa01-0b5cc24cf21d,2
fd5b09df-5e88-47d9-9e37-b111e988e5c0,2
ff1a58e1-da18-4483-8caa-3304edcca5d3,2
ef88b7cc-2d96-4bc1-85fc-2204bb013ce3,2
ff1df086-c5ac-4c7f-a545-535dec3c7644,2
fac30378-bbe2-4750-a13f-0a91f13c9059,2
fa22385c-b7e3-446e-9134-24d795c86343,2
f5449963-c75b-4dc6-b689-d207cf9f479d,2
f889b94a-ca7a-4d6b-b5a6-c5ab99345351,2
f966c716-138b-47fd-859a-9973b93aabab,1
f3c2a546-1d04-447d-849a-de3dbce3e23f,1
f96cb487-b1f3-4162-b013-3bd3e905e0ea,1
f3c3e37c-0384-4b7c-af59-7d0cf07597a3,1
f9760b41-6765-4c0c-9212-4a9a9a6e0718,1
f3c77d28-81d3-437b-b24d-63d9ea7fa691,1
f97d14f4-ce03-47ee-8e94-1f75f0001438,1
efdbff7a-39f5-4483-b66c-0b064b6a9328,1
f102c496-5b9c-4af4-862c-424e1d1c55bd,1
efdcd529-000e-4e08-a550-fde204bcd068,1
f3d1eb27-93d9-45e9-acaa-0c3a96eb46cd,1
efdd6b25-eda7-43eb-bc3b-9e6891fd001c,1
f3d6f615-2ad9-40af-abe1-522e028e905e,1
f9a03639-97b2-452d-ba42-115cb6329a22,1
f3d86624-2b80-485a-afe7-a13fab5c5009,1
ef0c8390-184b-46c5-ad57-e62956fb121b,1
f10c0a74-ec91-47d8-a834-c94b4aa8991c,1
f9b2e78b-1d4e-4058-ad34-b0a96622cb9c,1
f9b87b94-545e-4be9-9404-284bfcadec8e,1
f3e0488b-fed9-47dc-b667-f2239e017d3c,1
f1110d5c-3b3c-4392-b5bb-a3fe33f811d5,1
f3e56a0e-c446-4902-95f2-784d7eb7b05c,1
f11585fd-d307-4c5b-a46c-e9d72c2663cb,1
ef57d265-448e-4f7d-87cf-ce987c31522a,1
f3ea7051-7a8e-4b1f-a736-a7cecd26c19f,1
f9d8039c-39ff-4666-8638-544f606d5335,1
f9dc514d-8a20-4013-8899-ce18c7b1d4e8,1
f9e00818-285a-4172-b9eb-f0ce83d56bae,1
f9e22a48-27b0-4022-bb99-90692dde7695,1
f11b2024-0307-497b-bfe6-db7fe1831239,1
f9eb209f-af4f-4a04-a586-f594701899ff,1
f9f26d36-52b0-42e7-8fed-b47527924a0a,1
f11e36e4-b7ec-422a-86e3-57be62dee0b5,1
f9fb4b09-bfad-4041-8562-6bf3ed6bb26e,1
f9fd8857-f154-4813-8863-fd708b74d150,1
fa01c2ff-3dac-4b02-8ba8-3d9a98559b75,1
fa0416cf-8e9a-4ff4-81f5-84209f8fe589,1
f40385e6-65ce-4ace-a5ed-94feddb10124,1
efe579fb-d020-40b0-9e8c-770082532fb5,1
f1231013-8124-41e5-bddb-17ca39a04a1b,1
f40839b5-f7e4-4da1-a74e-fa9520d72c0f,1
f40c3461-5213-4a46-b74e-be7ff3e9efbf,1
ef5986eb-8726-48c4-ae83-b691d8af2a3e,1
fa1b5b8b-0641-4138-927b-60e8a09449ed,1
f12844da-44bc-4382-99b7-173cd0ab442c,1
f41296d4-d853-4f5e-bccc-920e714d8759,1
f1299e00-2b4b-41f1-98e1-9d9556d055a8,1
f41ac485-2d47-441e-9b86-a8f618890d86,1
f129d175-efe7-414c-94dd-12d3a059269a,1
f12b08ac-398b-498b-81dd-b9c9e542ebdc,1
f12badbe-eff4-48a7-bc21-8d3bed3b0f6d,1
fa3a6a0a-9098-4fc9-bd45-a3c5fe8bb8a9,1
efea4646-acce-4924-a677-d44557b4c38e,1
efeaae9b-6663-499e-bd59-cc7a5f86d832,1
efeb2d67-39fa-4e4c-abd7-cf79dcd8c263,1
f42cb1c4-a8ab-4411-97b5-1ed79e5442d4,1
f12ee2be-8d41-435a-9560-9c9941f82a2d,1
fa4fe1a5-4280-407b-ad15-da653fe669f7,1
fa544d84-bf19-4920-90f9-e0492a052e37,1
fa577bc7-d591-4b91-a494-8ea5ac18defd,1
fa5b8929-9112-4e2d-aa79-d919a9fe36d6,1
f43749e4-3f61-45f9-8e79-d22dd91bbaaf,1
fa67288b-6553-40c2-9847-6f44daa344ad,1
f43b9f4a-8e98-4a02-ad8a-2b1ec535c11f,1
f43eaf90-c2f0-4c1d-8c1e-187bf68f092d,1
efeed957-75af-461f-8616-9cf35b5de699,1
fa7875a5-7d1f-4db0-937d-f80b7e6b862b,1
fa7d8469-272a-4f27-8657-473258374f06,1
fa8359ed-8593-4495-beb8-acf97a6ba88e,1
f443b792-be2c-48b4-b6c7-32d7d87a682f,1
fa8aaa39-2535-4e40-a22e-3d1fddaf4843,1
fa9099a9-06fa-456b-b294-18ea1f44edcd,1
f449a7f9-3bed-40d6-adcb-eb131f23c258,1
f44a88d7-8f58-4b40-aaad-a56c08f4e852,1
fa9b151f-2c6a-476e-b89c-2a5ce2974a00,1
fa9f398b-6408-47d2-ad94-d830f9f696e8,1
f450b7e4-e140-49c6-b346-f870ffec604f,1
faa86eb1-1076-471f-9458-69b59d967883,1
faacfc2a-8b82-4566-83a1-35079855a76e,1
f4570ba6-9174-4194-bd7a-b4fb88414a1c,1
fab64d40-2236-4ee9-95da-16f3e9b6774b,1
faba9827-29e4-4eba-a577-f0920bcd3167,1
f1437fd7-6108-4050-84cf-2101d4614d83,1
fac25404-4a50-40af-b1d5-842e3d9c41e4,1
fac5792e-555b-473a-9ab9-eb23a338e331,1
fac96349-ac37-4178-b67d-0bbecc050803,1
f145b3da-e17b-400b-9cbe-caff22cc569f,1
f1462b08-18d5-4f2b-b54d-06500b8fd4c6,1
f46c8766-7c29-4970-b52c-2f0720c8140c,1
fad9de6e-8f2f-4f1c-931e-234674edfd21,1
f4718691-c943-4dc0-ab4d-33d9fc8366a1,1
f473a427-259b-43b1-b51b-de427692708f,1
fae3fc07-1add-45ff-bd27-eeba224ed5b9,1
ef5e39fe-6e40-4f23-b7f0-47b8f16f77f0,1
faeb9e5b-1121-4be4-8e95-7069e657c776,1
f4786260-2a11-4663-917a-de91d7eb8869,1
eff7a2bd-0ac5-453b-b550-daf7f9b7d512,1
faf7dea2-0645-4d36-80ab-630c9ee913c4,1
fafcf178-87a5-455d-b87c-3883dc0ee0cb,1
f47d8056-bb1b-484f-8d81-07161001b105,1
fb05a4dc-f583-42b2-9473-5052a448ed89,1
fb089f32-fd73-43db-8473-94cd4b587b84,1
fb0dafbc-98c3-4a63-a829-ce5a1b8576be,1
fb11c1ea-5bfa-47da-8200-0b22433c125e,1
f1585f3a-5149-457d-9666-6cd374c45130,1
fb1a6bdc-bac8-4bc8-a671-da710163a781,1
fb1e0f54-c8fa-4f8c-a2c3-924d5e2fade3,1
fb219408-ad38-4771-bce9-91fdf9aed6ef,1
f4917900-891b-4b21-9d4f-590ef9ff4fb9,1
fb2f35f5-8a5f-45c5-b47e-edba954c2600,1
fb327d81-65d6-467a-9153-d8e547d134e3,1
f497eea2-e88a-40c0-ad2f-f9edd3dec729,1
f49a2beb-5167-4e41-9d9a-5d0a055008ed,1
f15f8432-924a-4ab9-9d8a-fc167fe667a6,1
fb454c6a-81f0-45a5-b74d-0bf7f8354399,1
fb48cc7a-b183-4ccb-a1d2-11c098070892,1
fb4dec6f-56ae-4c96-9a89-f183f188076b,1
fb5093e7-86db-4e70-9940-4c45bc84f542,1
fb55681a-4fc2-43c0-9133-6ea0a958c13c,1
fb5965c6-f480-4f63-bc69-587e08efa861,1
f4ac749d-0a44-482b-875f-7a7dbe92ea9f,1
fb6308a5-cbd5-4111-ad5b-e0ed39630579,1
f4b04b4e-287c-493f-ade4-946d32aeb671,1
fb6f3fd6-5f66-4ce0-93c6-d4fe125854ce,1
fb750dd2-ecf8-4676-a053-2acdf7f49234,1
f4b7c70f-0cce-4bd8-a14c-ce690bcd4fe2,1
fb7c1961-35d3-459e-82b2-222b9a565072,1
f4bb62b3-d908-425b-b52d-1b7a97ca4745,1
fb84857f-4863-4049-ad51-b21cb6897ec9,1
f16f069e-14df-4179-8912-db76c547f256,1
f4bffdf4-d78e-4ab2-9930-3c002834e0e4,1
fb922bda-bf04-408b-b51c-fccd63a38561,1
fb960cf3-a7f4-4126-a2e9-534b77a5c804,1
fb9b1080-1292-4946-8ced-3aabb7ba7a30,1
fba05400-8309-41f1-bf88-74ef17de1aae,1
ef6492f2-2cf8-492b-abde-d850c8db7138,1
f4c6d1c0-9e94-4644-b323-9ceee83f02d1,1
fbae547c-1e7a-4bfc-8901-738da8d2aba9,1
f17786dd-e04a-4ad3-aea8-5a06802211d3,1
fbb2230f-74af-4b93-b0eb-53e52fe14ed3,1
ef65b6cf-f8d8-4ba4-b025-06a16044d6a2,1
f4d2436f-7b6e-4cf7-ba9c-a57c6b9efdb6,1
f17c9db5-b64e-475f-8be2-61e0a5f8c97f,1
fbc3fc4f-69a0-47fe-8a51-b5a66a9d722d,1
fbc8dde5-c957-48be-aab1-b8eb1b981541,1
f1804f5a-be3d-4266-87d0-41ecf02cbc40,1
f1809204-a279-494e-9bec-eda160b2a1d6,1
f1871a45-a591-47a5-a0bf-a9afbee2775e,1
fbd74c84-f8cd-494c-9297-4cc660a1c073,1
f4df7de8-f339-408e-a242-a81cec7fa005,1
fbe08b22-cb95-4033-8e14-07eabb2c91b9,1
f18aea3c-6304-4e5d-85f1-de19ef565d0d,1
fbeb191f-e634-49a0-8d0f-6d8efd37b99a,1
fbede7bd-1e4f-4c6a-881f-df351d8d84ac,1
fbf07072-b7c5-4b8d-aa8c-075fb49025ab,1
fbf2ec8d-52ba-45b6-9c83-1880861254f8,1
fbf7d75a-2b78-403c-8bdf-50a890c7b4ce,1
f18f2d0c-07ab-45ee-924b-000f9191c7be,1
fc0066cd-4e3c-44bd-983c-1c31060abb16,1
fc03dac1-b9e4-45fc-bb4c-ed7949d73545,1
f00f59c3-ca3e-48a9-9750-5a4061966656,1
fc0abd8d-bad2-44fb-862f-1482dd0fadd1,1
fc0e242f-41a4-4792-a6ee-3050196aaa75,1
fc10ee17-d9ff-4aef-a5f8-f123cf478208,1
fc145ccf-6094-4b91-9bdd-ac048cc1160a,1
fc1ae95c-df9d-4038-926c-4d0190db3a3f,1
fc1f47d4-c805-4315-a6cf-ee63171228cc,1
fc2402f2-e52e-45d3-bdd0-4806d8ebd0e2,1
f19c6da7-11d9-44db-b3e7-156cb516a096,1
f19e2b54-652c-4ec8-98ea-72dcf988fa5e,1
fc2f54ea-b3fd-4cb0-98bb-8f6a2a706700,1
fc32f726-b164-4293-8209-1eddf60103cf,1
fc3871fd-e89d-4dd7-9f52-429351b62960,1
f1a045ae-29f0-47cd-bb3e-d7e8efcddecf,1
fc3ecc95-9d0a-400b-9599-9fab9a58624d,1
fc418530-ca8c-4391-b94e-6aa5ab9cdf98,1
f517de0c-8f1e-4c30-ba14-6e774a495d71,1
fc49271a-da2e-4bf3-acb7-738e7d134671,1
f1a7ddc5-7f69-49ce-84c4-47a040b152b7,1
f51ab398-93bf-4fe2-a216-c1034444caf5,1
fc592e83-cf24-4977-bd2a-be592423e8d1,1
fc5c692f-9455-4ab4-bc20-e415bd547d92,1
f1aa6893-28cd-41d5-afe0-7e7731b9d8a8,1
f01615ed-00a6-45ff-bb74-40459f312785,1
fc6c5f31-a62a-45d8-8b9a-104b00a55498,1
ef6c2f08-7f73-4714-9d6a-04dd94678c6d,1
f524cf62-0d4f-4da7-bdad-884b4086d3a9,1
f1b409a2-83af-42e9-88be-518a7236933c,1
fc7b22b5-78c0-4f7d-9599-657c5b4e0f2d,1
f5299820-a1b8-4e93-a301-9a96c01085b8,1
ef6f2f62-692e-4438-aa11-60af342acff1,1
f52c2d3d-bddc-48e8-9702-db7856d9b54e,1
fc8a12d7-ad81-4443-a4cb-2b573cc39519,1
f53264bf-acaf-412d-ac42-112d166bb924,1
fc93ceb7-b746-4fb6-a43d-3945171151f4,1
f1bdd732-732b-4d1c-897b-c3e8e6223355,1
fc99a244-d36f-4598-91db-630c5323f157,1
f5377caa-1ca1-40b1-b5c3-6199d299fd8e,1
fc9f22cc-c8cc-4263-8ffc-bda9fa9c4039,1
fca51893-0b26-4bc1-a3da-d104b73547b2,1
f1bfa19a-f305-408a-a06d-9ac535d45923,1
fcac5172-8ee9-4396-9e2a-a8709a5149e3,1
ef713694-75f2-49aa-b788-f0f263467426,1
fcb6a29d-89ac-4024-9043-c142550add3c,1
fcba063b-5766-45f5-977b-e704a2b9fe9c,1
fcbd8044-71d8-4f8b-b351-0143633caebe,1
f5470103-4c15-478f-bd46-6c259c0fa36c,1
f022b98f-d08f-4a73-978e-f3a3b7c66da4,1
fccd49ea-1776-4e6e-8745-824de1cae87b,1
f54b3d97-81c3-4291-a09a-3426c53694ce,1
f54efa95-a87e-4b84-80da-75f4c00c35a2,1
f1cfe9b9-8260-4619-9769-a3aee7cc4e15,1
f026865c-f618-46ff-aaae-8e88c2de2b52,1
fcdf1a6b-abd0-411c-af8a-0eb297058d52,1
f5559a5a-372c-4a1a-b6a8-ed4877198b33,1
fce71f9f-ed48-4c37-8ab7-c084ead14e67,1
f559f5c9-c628-4a82-a4ef-cbb08ae75c06,1
f55a7238-fd89-49ee-b590-cead5a7db9df,1
f1d3319d-0abe-478f-8b27-a0549c6ce298,1
fcf5f3ed-d87c-4d3a-9982-37d89b61f13e,1
f55d5aa1-c8fc-46a4-b227-3e20098cc429,1
fcff71c2-081b-4395-8dc8-098d55cdb70c,1
fd03bdd4-a8e4-4ce8-813b-b3f0a6f1eda2,1
f5620b2a-3c48-491a-9d3b-6f2a7013b63f,1
f1d5d215-217d-4ca9-9327-da8f86949671,1
fd0ed659-4305-4b5e-8999-ffc04b3995b6,1
fd131831-c8fc-4cf9-b4ae-8598ed178733,1
f56a4409-e1c3-4fd9-9e58-da85c8dfc12e,1
fd1b332e-8c09-414d-b6de-9f9038fc0c75,1
f56c16ee-7b0e-479f-ab9e-02d1cea89ca0,1
f56d562f-1ca1-4485-9f3e-63a31e05a167,1
fd265205-5f84-4f3a-be4c-7a5522806f6a,1
f1dc5eca-e88e-4da4-a84d-68e4bb946b65,1
fd2e3576-51e3-499e-a46b-3507c0e66e5e,1
f5758af8-a7a6-4b36-83c9-097fb795407e,1
f1dfee04-b7de-4d15-b4f8-ec4813a938e6,1
fd393264-5bf7-43fb-ad8d-ec75ceb0b736,1
f1e1b3f1-86c4-4370-a30f-4b79432fc287,1
f033a87f-31e2-4111-a85d-6cfdc249f71b,1
f57ed132-806e-4835-a80c-d18d9ea5bffb,1
f57faa96-77b1-4035-b025-d22419d906fd,1
f5814102-308a-49f2-a4b2-b6d5b65b11e8,1
f0378c17-70ed-4058-b804-f6ff0b91525b,1
f5871334-2690-4938-be96-cdc410f1adb6,1
fd560854-2cb3-476c-b9a4-3764945079f2,1
fd5afc37-75f5-4065-96e0-5153ea13b52f,1
fd5eb7f2-43ba-4e68-99a0-948c4353f657,1
fd629c21-d59b-4eac-aaf7-af454ca981ec,1
fd661429-79f6-4358-9f99-81e60067841b,1
f1ee891c-0aaf-42a3-a285-40e34b76817d,1
fd6ca0df-786f-4d36-94ce-062f4981e233,1
fd7275d1-9cce-489b-9eea-8fef345875e9,1
f1f19fb1-5498-4622-b5e1-08f4b24c4bdc,1
fd7a6115-3e96-4312-87da-8c3bd6471d81,1
fd7f19eb-c8c6-4b28-b7a1-9a4d8fd68c23,1
f59d5666-c2c9-4498-85a3-67b0011b27a6,1
f59f2a12-bfb4-4e6c-85e6-24d53690e89c,1
f5a183f7-86ba-46de-a432-ba04aa7d4938,1
f5a2cd0c-eb17-495e-ad82-1a6519e0b4a0,1
fd92a312-ffab-4216-b35a-1176e68cc4e0,1
fd97ee9c-65ba-404e-9937-6f4f456483c7,1
fd9be751-e1c6-48a4-96b7-2edf65939126,1
f0456432-d618-41e2-93ca-96055839426c,1
f5a92a33-177f-4f09-9817-3b30e3bd3b82,1
f5abeebe-074b-4105-ba20-7f58b3f2406a,1
fdaee2a0-a214-48d1-964d-095223e6573a,1
f5af17ad-d705-4adb-bd85-ce7a88b0f787,1
fdb92d33-f54c-45cd-8e63-198cd33082ce,1
fdc0d6e5-284b-4752-85b4-3bcd1b6747c5,1
fdc3d05d-a7a4-4790-af20-310cb8c067ea,1
fdc88722-a103-4c10-bd29-819324500669,1
ef28cf17-cb6d-489f-9297-9615aeb58cc0,1
fdd17e56-af87-4b82-8a3e-cda5e3a3feac,1
f201f839-7095-4e02-8c5a-4021ce7fb435,1
f203bd13-1d61-4cf7-adb3-e2bac0682d54,1
f205a3ae-2071-48cc-9d89-c822a0cf7a73,1
fde324a0-0ed1-4d12-afb7-fb000b74784a,1
f5c47718-69f8-4e51-a8fb-19391d202571,1
fded18c1-4904-4b1f-9c55-8fd458567f44,1
fdf32a02-947d-41d0-aed6-8a63722847a4,1
f20a865d-11f8-4cfe-bcb0-47f533e41ced,1
fdfe411f-b2da-4bd1-92d7-456a15e8763b,1
fe03cd6f-5c7c-46e2-83cc-9c60f3503277,1
f5d203d0-b21a-4572-b9dc-e5910f8eaf1c,1
f5d4ae88-4f5b-4376-8b28-3747fdf275b6,1
f5d5fd20-23d4-4bd1-b371-faddef47ea5b,1
fe17f64d-6b08-4b72-966c-b150458d28e1,1
fe1b274d-08b3-44dc-9256-15242af60080,1
f5db1d3f-3824-433d-a558-199589613262,1
fe26dcb5-d924-4b93-a503-da5cac74d1c3,1
f5dfb17b-9c9f-48b0-86a7-71f63741a669,1
fe2f677c-03f5-4b21-bf1c-0d2b8dc664cc,1
fe345d85-b069-4ef5-b5d1-ea9057ffa191,1
fe3b1075-d9e4-47a6-9d20-ab9cf2772ac6,1
fe3efe41-8181-48e3-888f-5d65491e0b4f,1
fe413496-edc6-47bb-aa64-dda33c995162,1
fe45904c-cb01-4c26-83f3-e87ed837d447,1
f21befa7-4d86-47e3-892c-bcb6c7e67108,1
f5f0489e-ffab-4396-9f24-beebaaaf9f6c,1
f5f11322-741f-4483-8753-1b2fbc9f80eb,1
fe565b63-edd2-458c-85cc-1c31ddd1259a,1
f5f43900-4853-4cd9-969e-6e51668ee24f,1
fe5ea861-1075-4b68-b0f6-7a9a69ca57a4,1
f0556f77-1502-42ff-9e45-86a79b817a39,1
fe65f80b-e82a-44f6-a684-c71c62af793e,1
f5fd9864-cdf7-446a-b8f1-70277a4c5017,1
fe71e0a0-f277-446a-837a-23494876a7f5,1
f5ffb095-d7a4-490d-be42-77649942e915,1
fe786ec2-775f-4efc-82f3-cb87e6f67473,1
f602170f-afab-4078-9bfc-438b904f1d09,1
f228d560-8434-4d98-b8cb-0d31123013e7,1
fe853075-c5b9-46dd-8283-31be037a89dd,1
fe8bb163-e192-46bc-b6bc-8e0e39637dc8,1
f60a104b-1aab-4d51-a86a-0b2b45d754cc,1
fe939873-ecb5-4d3c-9ad4-71ba4e8a7cfb,1
f22c4b20-4ef2-4147-8704-ea64c2a18cd5,1
fe9c79b5-d2d7-4712-a7f5-5a955e0d6026,1
fe9ec7ef-3956-4593-815c-f192707f2cc5,1
fea36e3c-1d0d-469b-bd6f-f3f8b2e56ba7,1
f6158aab-f1a8-4073-a2f8-bb900a121220,1
fead08e6-96e2-4bc6-9e4e-b98e0e3ae6b1,1
feb13fd2-31f4-4714-9a79-7ea0652884a7,1
f61af9f3-1e0f-4e1c-8309-3826e9691da7,1
feb81fd2-2cf7-4204-85eb-ab5d3342ff06,1
eefae99b-d78e-4e50-b19c-02b085259068,1
fec42af8-ae91-4029-9868-bd0360c44c8e,1
fec7bbc1-7496-4d7e-90c5-6cb82a19bd0c,1
fecaf7b5-dd80-4239-82b2-872dce470d8c,1
f23823dd-a090-40bc-949a-eba8935d42e4,1
fed2af15-9c34-4a3a-939c-4ecd6ff0daa3,1
fed4eb9c-82f9-464a-858f-d3b01416ae63,1
fed94b0f-5589-43f5-bb6e-0d24fb028a7c,1
f23c9623-434d-4f69-9d60-13a9cab5b2f3,1
f6318def-64b4-458e-a69f-fbf33534158a,1
f23d464c-3c37-4f65-8ee2-4eece26e3cb0,1
f05f18aa-eb5c-41fe-b853-a3b401dffe20,1
feee0de0-8931-4fdf-b551-9b48b39c8b3b,1
fef192fb-b827-4464-b5d8-1833bf70eb7c,1
fef4b0fa-28c3-4959-ba4f-55c5f8fa3501,1
f244764c-8f41-4096-bdcc-32b121b14993,1
fefa839b-df6c-48f7-8468-f616aabf9e2a,1
f06083da-9663-472f-8595-789767b3805e,1
f649f798-a204-4e8d-98ed-80c26438f311,1
f24b04e3-21f4-4f07-b30b-b6f6c0b1bd5d,1
ff0c9ec5-e0b4-4f66-9429-5167a58b4aaa,1
ff0f7bba-3c3a-47c6-8fe2-802b52627a22,1
ff12a89e-96ce-4ed1-a3c2-c70e2c2258b0,1
ff161b55-7d76-4750-a8aa-05ee1f48730a,1
f6565a04-dc87-45b2-ade8-93e74ff68866,1
f0659277-be1e-4003-9050-3f953e70c6c9,1
ff221d7d-f17d-4402-a474-6c5eb1909336,1
ff26f641-d70a-4873-a263-36de7c3b7204,1
ff2b61aa-0875-41a5-85d2-c2cdba314a4e,1
ff2dec6e-584a-4eef-9c0f-9589346cea21,1
f2541ebf-ea65-47ac-86d5-951a61f22b07,1
ff38203c-a747-427c-b2b7-f9327c29f3b6,1
ff3a80a3-c662-4aff-bf23-534fc3efec51,1
ff40439e-0910-48d3-9d1b-b3993a702809,1
ff48127b-f398-4d4f-8589-058814f5ce19,1
f66bf7ce-415f-49fa-8c84-746563adc313,1
ff557fbc-483f-4a41-a0b2-9fbb47ed342b,1
ff595e18-519f-47b2-a6e8-d26b8bd80461,1
f6718f21-2841-48f6-9624-3d6c1708bf72,1
ff603188-0927-4938-84ac-c659398ae76e,1
f25eb337-6758-47cf-a342-bc28c8300b8c,1
ff64e839-1d77-4535-8178-6c7767b34cb4,1
ff67a7ea-b27a-46a6-b88a-adec157744c7,1
ff6ad174-2c32-415d-9e77-b0a2d26e01f8,1
ff6e2946-1ca1-4eba-91a2-ba9fd11a7394,1
ff740282-3fc1-4ee0-8f93-0cbc9aa75e24,1
f67f0e4e-79f2-4454-aa7e-d6270e3498cf,1
ff7c946d-86e2-4e71-9b49-cdd2b49b03a3,1
ff7efa29-c8ff-481d-bc99-70389424073c,1
f268087b-01f8-4d59-bd16-6baa0ee459e1,1
f6839c35-6d3a-406e-91a4-2817d8b99405,1
f269f371-1273-4bfe-b222-e3abc4a38159,1
f26b4dd4-a396-4a58-9048-914fabbd807a,1
ff8f984a-05b8-4d0b-959a-3b836036d603,1
ff93b67c-4808-4857-807e-d671026071ec,1
ff9885f5-41a2-465a-895e-7cf530a97f10,1
ff9d9573-e96b-4571-871f-699aaecdf4ad,1
f6907c57-17e9-484d-99d8-1cd3c4acd074,1
ffa29341-90f4-45ae-bb61-fb1267d62d2c,1
ffa4f4d1-3e5b-4928-8754-7d0468ec3e97,1
ffa7c841-8bb7-47e0-a89a-d9521a5bf46e,1
ffadc138-d77d-498c-8803-28e639602641,1
ffb1fbc4-8d0c-4c7a-907b-36fddf2a1afb,1
f698663d-458e-4039-bec2-e7c23ea52ff2,1
f6990e61-aa2a-4e21-94e4-ab35b18d89f9,1
f274f62f-bc62-45ff-805b-efe28079f268,1
ffc0a571-f794-4aaf-949e-0f05db9f7c7f,1
ffc469ac-465e-49c0-8592-d9a0591e25e0,1
f6a0eec4-18ba-4380-8f24-8ad7db62ca7f,1
ffca38c3-9e23-430d-b7df-2f721cb6fd38,1
ffcf0a78-bc83-411e-9cdb-66e9e9868940,1
f6a49a60-c648-400b-b80c-289ad8bc8560,1
ffd42e26-7283-4727-bf2e-ecdea5e49cf0,1
ef9cb90e-d090-44b6-a567-24912adc7e90,1
f6ab1169-0e75-43f0-b35e-7907b0c12674,1
ffdf3cb2-dddb-4a57-b317-2f64e5167cd8,1
f077b9b9-fd73-44c9-9664-8a4c6694db77,1
f07842c6-9be3-4d4c-b410-ff53b8448717,1
f27f45bd-28ce-4492-81c6-2aab6385d676,1
f6b4a25f-d5a5-4eb7-aa3b-670f2c4d86fb,1
ffefdff7-3b88-444f-91f2-5fb94d1d11db,1
fff4545e-98c6-41a9-a182-76280b83f343,1
fff75ff4-e4f2-43f0-8250-11c711d64970,1
fff96165-935b-4eba-a0eb-c4b8b71eedd6,1
f6bb29fc-9166-4440-89d9-eda4346a35e6,1
f2838f29-a4d9-48e7-bb18-10f19846ef0c,1
f6c5b993-bbcb-4f60-b1e8-46811d0bd705,1
f285c70a-dac6-4994-9699-bd8d99567080,1
f2872ac6-c3e9-4cf1-8f70-901e111123f1,1
f6d4cc58-d8da-401a-a06e-dfb9c6f0b570,1
efa0c880-cf87-4e69-9d50-b7f2f8c980b1,1
f07f3575-cdaa-4d6e-8703-e36035b7ff70,1
f6de13b6-cb29-43a5-9cf4-4770656393f0,1
f6e3cbb1-4ed5-48b4-ab05-45dda1b290f4,1
f291f611-b48a-4b6b-b7ea-36c430931e8d,1
f6ebfad2-4147-4802-82b9-80de7531de41,1
ef37b37f-8a31-4c7e-85db-57b33bdab571,1
f6f216b1-cbb5-4cf8-9cc9-5dc81a7bf6e3,1
f299533d-8761-4d9e-b861-ef631ad12948,1
f29ab460-92f8-4914-a0ab-3047805c4068,1
f08c6457-2d91-4a10-9829-0b5e91ff853b,1
f703cf8c-a7aa-4513-9674-97ddf3ee237a,1
f7059aaa-bea6-462b-84a6-09dd2d2fdb53,1
f2a3efb2-ff23-4c6c-8bfa-8af7418c5b47,1
f70ea1a4-b1db-47c8-9eff-6f5c39faceb7,1
f0903b29-6be1-4bf7-bd90-cd82e463987f,1
f2a8fb20-5d54-43ed-94d0-1eb9b1de8b60,1
f71900f3-2f05-49af-8e93-03061278fb8b,1
f71dec18-2db9-47c6-8262-4f5b3e28d1e4,1
efa7db66-bc07-4265-bde9-d8f0b1b4719d,1
f0944bec-d6a0-4f8c-be55-2cd9f9ecac65,1
f72987f5-32aa-4c42-b5f0-d7ac5896db34,1
f72f5368-b0e9-4581-996b-23f2fc2a5217,1
f736522b-e1d1-42cc-8837-179a148acde6,1
efa8c8e4-7d4a-424f-881a-fd6d36fa284d,1
f73d27c2-3882-4865-984a-695dc7fa2573,1
f7405b32-9c0f-4035-bf8c-ddada90cd554,1
f2c3c73d-2f43-417e-a912-fdab4e824d33,1
f09a313c-733e-4233-8e08-9a3c67d24fdb,1
f09a9e2e-67b4-4af3-9e89-a8835696e0e5,1
f7567968-c18f-480b-ad7e-c6f7743a1640,1
f2cd5eb0-edd8-4eaa-84a6-eadce2a8e5c1,1
f75ef8b4-d7cb-4459-b418-ed043f025158,1
f09d75d3-51ab-43cb-96d7-f4119b5a13bc,1
f7675d92-3e84-4378-ba19-b3c20c93c5aa,1
f76cea3e-8c5b-49da-8af6-96425c10316e,1
f2d4c530-247c-48a6-8329-0c13f53753a7,1
f0a0a6a0-d01a-4241-9328-5ddc7e3c162c,1
f77aecf9-5318-47be-bf5b-f48db84cc780,1
efacab05-8d78-4fe8-93a3-55b818ebd504,1
f2ddd7ba-2c38-491f-b6ec-f708d54b1cf4,1
efad49b0-87bd-46af-bd43-ccebe39184da,1
f2e0c6c9-2a4b-4566-a906-447505a438a2,1
f2e1c194-5c02-4672-b663-3b37ef035ac9,1
f793392a-0790-41e3-9638-48c47b308b3e,1
f7979f98-3959-4924-95f8-5628b40ad159,1
f79c88b1-1038-4b0e-8c6f-3dce5eb9b08e,1
f7a155da-e594-4da8-acba-3810fa51ca6f,1
f7a5081e-f7ef-4634-ab51-9153485dad36,1
f7a97967-4506-41fd-a48c-3a7dea72444c,1
f2ee46cd-5fbb-4086-9535-80698dda1b89,1
f2f16c40-5401-430e-ae65-90b7ee151014,1
f2f4b2c2-d341-4403-a467-8c33ad41d7d0,1
f0aef799-22aa-4fed-933b-00ec6cb93a4a,1
f7be4a1e-b110-45a3-8ab9-62f17d1703b7,1
f7c41350-86f7-4d7c-85b7-23444b04105b,1
f2fb7219-a9e8-47eb-bd65-491a61933658,1
f2fc8916-531b-4a70-a24c-1a418272d0f9,1
f0b46afb-a692-40f3-9861-796d1c998252,1
ef435a02-dbf0-499a-b0ec-d256ab225e12,1
f7e09111-fcb7-4d4b-9309-d017a9aa3658,1
f7e68453-64b2-4509-bc2d-a26fa9a74fd6,1
efb631cd-7f69-4fcf-b6dc-7fb4f2d49b5b,1
f7f1b64d-2eb2-48dc-ab31-f9cc51c39abe,1
f30ea0dd-fb54-4161-88e2-f90615c6224c,1
f312d401-6c3c-4fb6-891b-7db597c8d4d8,1
f314ff59-c104-4e57-8655-d321762a4614,1
f800e81d-3c54-4267-8f7e-4f062b3d0354,1
f0baf048-1c28-4176-bb89-d28eea1eac31,1
f808d136-7026-4798-a2ec-b8010a0aee9b,1
f80cc8f2-81a5-4a86-810a-597b9b43f02d,1
f0bcb636-bb7c-420c-a02b-c76944466f05,1
f8152890-019d-4842-8aca-dadd49114d66,1
f8182ece-6f3a-4f4f-a3e0-d2c2a10fee75,1
f0c34758-dc2e-491a-8235-498707900075,1
f820c8ea-30a0-4624-ab36-df59e6529ae1,1
f0c43f98-daf1-4e25-8444-c9c21f270f85,1
f0c5368e-7f80-40ef-88ab-33a47e7f1c75,1
f82b5e52-c2d5-4a1b-a167-c878a66477f1,1
f831faba-a528-4f05-9116-00d0676c1f4d,1
ef44d631-000f-47ed-942b-4a98b30bbc40,1
f0c96d06-b919-4bf7-a7a6-f7b183dec943,1
f83dcf14-785f-4c17-90d8-2a7c75262958,1
f840e4fa-d9ad-40c2-9df5-3a914e7d4c49,1
f8433d06-3ef4-4621-bd54-b9d52a8cf983,1
f8452888-f21d-44f6-8d15-b4f40275501c,1
f33944fc-6e8b-4e78-a305-3592c6c72ea6,1
f84df108-073c-43ac-ab0d-614603bd35fd,1
f850f692-05a2-4c1b-8b72-0c407b475a85,1
f8540010-0481-45ee-87c8-ed3c7106fe4c,1
f857635f-5348-4382-9fac-d8ae77975f82,1
f85c5d04-2a10-4364-ac59-88054e295275,1
ef48565d-f1dd-4178-bf6b-e8c07201fdd7,1
f866233c-0add-4b9f-89c1-a374213cd579,1
f868f06f-6222-4d76-91a5-9d4462fe025f,1
f0d22b1b-3993-48cd-8696-fbf6f1b6c28d,1
f8733e78-076b-4882-80ef-32271fc75087,1
f8798000-0678-459d-9593-280b9c255627,1
f87e8fd4-8a75-4758-967a-7549fb3c2041,1
ef027ac2-4c48-41d3-aca7-61aa2305b334,1
f88783a5-0080-4e82-9b32-480a8066d376,1
f88b5a36-375f-4ba6-bbcd-376d3c9c9db5,1
f88e5d14-49e6-4dae-8c37-35b1dd687ea6,1
f89176fd-57b7-47a5-91c6-d3f6e79f015e,1
efc5857e-4b26-4544-8a06-a6a05d44bcc7,1
f89a5966-7713-44e4-aefb-36ca98c59f9e,1
f89ca647-a2b4-4a7d-9ef0-61bae55fbcc2,1
f8a35a52-d86a-46ba-8048-858deabb50eb,1
f8a66de8-a8b5-4681-8c81-1d20af578976,1
f8a97640-1afa-48e8-86af-8b85517da26f,1
f8ad5e87-89fb-44b7-a46d-08b6b64865c7,1
f8b0f089-0f9d-4994-80ee-c601e3db4590,1
f0e02617-65d2-45f4-8fab-17760b83e29f,1
f36d2f4c-3cb8-4a9b-8a6d-8efe9e0e9ebd,1
eed9c6e0-4423-4bca-a410-ffb71f3bd691,1
f372d6c7-715b-4286-ac8d-d07e2df03748,1
f373b4d4-dc4d-46f1-88ef-92cd22781fc8,1
f8cee138-4cd7-455f-a828-8bcefd8a82cd,1
f8d468e4-a5ba-4b2e-a68f-dad003e12464,1
f37a4847-53c8-4e43-b3a9-ce0cc4ececf2,1
f8dc9a3b-b98b-4f5d-a436-41292fc443b8,1
f8dff7f6-c017-4758-b8fc-bd2f71eca17e,1
f8e371be-c04d-4b8b-b5d9-198ba11e972f,1
efcc4b9b-1bc7-4e8e-9ac8-0691116215b2,1
f38726ff-6b2f-4788-ba18-3ff3d47171a9,1
f8ed1658-4375-4e32-a875-a4b2968f5c79,1
f8f20b49-5066-4180-acc4-872e3652def0,1
f8f569dd-fd78-488d-b5bd-d1babe8d4b04,1
f38ed72e-3f9f-420c-bb1b-04e86d2df844,1
f8fde6e7-17b0-4c61-9125-c124eab8bfab,1
f39635e1-8a27-404d-8e84-d9fb408aaab5,1
ef50dc45-4c09-406e-a2a7-bb3bc47862d8,1
f9089121-e84b-4185-a1de-30c72370b01f,1
f90bde49-b190-4ab0-a168-c4ce564aa7c4,1
f9126ac1-e31b-4493-b65d-cdb26a1ade36,1
f91743db-a903-439e-ab86-1c247d724282,1
f3a1732d-cf9d-4529-9c7c-42ed623248a8,1
ef51e3eb-cbd4-472d-a88e-6483e1d3e240,1
f9240b9e-9e4f-47f9-894f-9126df3e59b5,1
f3a6ea3d-0565-4c0a-80f7-d7b7d406a5e8,1
f3a99954-ac90-4bb1-8c40-4878cd87e442,1
f9312c35-237f-461c-9168-45506f2c384a,1
f0f70392-d3bc-4b45-af88-52e78415e7c8,1
f9392aba-b47a-479b-bd53-221a13639051,1
f0f7d1ca-1be8-4911-8309-517ff339606a,1
f93f9c61-57bc-42f5-95e9-9eac3e0281cc,1
f3b328be-4893-4fbf-b842-5d5adf1ece48,1
f949c630-6ca0-48a8-8d31-8950bf33b287,1
f94f2827-95b0-4414-b8de-f2fe6e465f0b,1
f9537d4a-82b3-40d9-9ba6-76cbfcc7c34b,1
f956e75a-4c11-4ce2-877a-6de7ff9f3721,1
f95be055-75b9-4ba4-9fe4-55b097140dbd,1
f9603dfe-f7f7-4103-b3f1-da572fdf66c0,1
f9641dec-aacf-421e-8118-04cb7912b7b8,1
5be02e12-657b-4bbe-83d6-8259e0198eb5,1
81e06605-93d6-4fef-bfdd-86bf19aa903f,1
67b7de85-9f4b-4301-9a63-5a9528e273df,1
81e8de16-8bef-4e08-ab1a-9e072c308c52,1
81eb2c90-5a4a-499f-bb31-9b1e1c79d0c9,1
67bba0c3-d914-4b28-a58d-e4109dc37da4,1
81f1e1c8-cc95-4337-a00e-70a03f2d1bb0,1
81f53e9b-f434-4783-994b-a6666b5bc8ee,1
81f87d4b-666a-41bf-9e5b-fe6ef30385bc,1
81fcaa54-082e-474e-95bf-98cee564937c,1
67c409ba-701d-493b-98e3-960e4506d4f3,1
67c751b4-12ae-40f8-ae52-fb5662d5bc8e,1
5bedf224-5094-4d43-ad6b-236cac17acc6,1
56451c14-d620-4c4a-b19b-2195ca5ee9ea,1
67c9fc90-8259-420d-a9f8-2eb8c4feb0b7,1
82142e01-fea9-4cf5-9b56-df262dacb594,1
67cd942c-2c31-491f-a2b8-55ea2d51573f,1
56479493-cd96-4824-acfe-d120aec7b862,1
5bf4db72-0b2c-4dcc-8365-8822e1a8e7fc,1
67d512f1-0fef-4f69-b1b2-574107a5c6e2,1
67d85be7-b8b8-45f5-91c6-cbc9322caee2,1
5bf69e80-cb30-4588-b17f-ae24dd3c8039,1
67db6493-d2dd-4989-b4c0-a03e5698c164,1
8231c5fe-5308-4975-8571-41bd91497e95,1
53c5294d-17be-46ff-98f2-f6907e3ba378,1
8239606c-7501-43f7-b508-f52bf603a7f1,1
823def0f-8a4d-49f8-afc1-5bfe51e41eb9,1
82438aad-1ca7-424c-a5a2-100b50d85626,1
67e74b10-a7bf-422e-82aa-c50fe49941f2,1
53c5a890-7a3d-42c0-9c95-d7d7c517b190,1
82506889-1349-4fca-bf6b-4bf6e246de3a,1
5c05bd44-3225-4d8a-a054-6f0bb332b779,1
53c6b944-9fa3-497d-bc97-f1f6cf73a936,1
53c6ecb9-9f48-41dc-8081-b4ffdd0feb7a,1
82626ce5-bb3d-45c3-ae78-a1f85a1b85a8,1
67f33210-3814-46ba-b1df-af2dbf7a23de,1
67f67283-8ee1-409a-b194-c130d0530115,1
67f7dc27-e25c-40b8-a3ba-84f583cc057c,1
67fd1a20-7132-4108-99b1-8db4e7663030,1
8274fe29-3c73-43ee-8edf-bf09860c3ab0,1
8278fd8e-1d5c-4cc5-a6e7-576faf9f8250,1
6807138e-4fc3-444a-b5aa-7ad269116433,1
8282d3d2-363e-4018-8d4e-405b01b83b83,1
6808f812-5480-49b9-ad93-b38675fa365f,1
5c0f9069-05a1-464f-b022-011542c29942,1
828f01d6-4093-4d8f-b8dc-3f3ec128fbcf,1
68111f7d-88ae-424c-ae74-086f9ab0af61,1
56577d16-b834-43c4-980d-977b9e5ac980,1
829a53cf-ebe6-4874-ab72-23be57b616c8,1
5c13b8a8-a892-439c-8716-3fb370503b1f,1
82a1ebff-abc8-4557-8724-26b052b943cd,1
5c151440-aaae-4eea-92e3-def2be866097,1
82ad27f8-1d09-44f4-8164-aeaa8e49b6aa,1
82b41930-be22-487c-a1e3-3bcad50cfc1d,1
82b905ea-dd11-4591-b3ef-4d38e35a1515,1
82bcc3a4-fbf9-4ede-b7d0-e24996e88b7a,1
6825f86f-0e92-446a-9ed1-5182d992157b,1
5c18b02e-3b48-4fa1-84ae-b92c9c9289ee,1
82c92f73-9016-4ac7-8064-f8f8aebc5893,1
565c03b9-7f12-4336-8efc-2a8df5cf3279,1
682c55a5-d2b6-45eb-bb00-3a568f35541d,1
82d6870f-5f9d-4fc0-9f7d-59393e54f67b,1
82d9aa4f-cc5d-4518-a0db-6001406808db,1
68301eb2-f9cf-4602-bc05-3c8db6b58837,1
82e50f64-762e-4a96-a66b-86e909c9b31e,1
6834baab-9783-479f-bf27-c171ed74c677,1
82ee5cc7-9d30-473b-bb94-0e8f52700002,1
82f42321-67f2-4e61-b828-019ae8fb7244,1
5c21c87e-b0be-4c36-90a3-61f66426eb43,1
82fbc984-845c-4ed8-adc0-d7e9cea6916d,1
82ff40df-2d3f-4cdb-8eac-0fef7d532585,1
830309fb-29d0-4e5d-9574-d75dd8556ffd,1
83071b7a-d22f-4074-aadf-1333488b0a55,1
6844835b-6803-4080-b255-e0eda2c75617,1
830f127d-3451-4e93-97b7-61348c0e51d0,1
5c2718a0-fee2-4ad4-887c-9e9d6e946fbf,1
831689bb-a788-4420-9f2a-0271b85a6d0d,1
5c2a5589-77db-4649-9d18-22d9c482ff24,1
53cfa36e-afcb-49a3-89fb-9b2cdf959271,1
8321e386-04c0-4840-b3b4-ba111e0e3482,1
8323e054-99e3-454f-894f-187331fca6f6,1
83270f77-4d2b-4905-be42-7358e40b2e2c,1
6856fefc-1163-4252-a00b-9086d1756675,1
83302de7-8170-4c65-a4b8-31ebc417f8db,1
833301d5-74ce-4b04-961d-fc5afacbb271,1
833519e6-cf78-4038-856c-7593e075af9d,1
833aeea9-06d8-4c80-a5a1-ca4efde29d35,1
833f7a44-86cd-4f48-8dff-5f563ae8664f,1
6863db93-a165-41b1-9cac-40179afa4144,1
6867a0fc-6b0e-44f1-bcb8-b39823d4e3d6,1
834b0142-23b1-43ae-ac90-3cffbe86b60c,1
686c77f3-3053-48a2-94f4-7c30c396a35a,1
8353d23a-08f0-4269-85d3-f822b2bc499a,1
8355f810-1749-4a1b-ada9-7706fafc9d83,1
8358f9e7-cd7f-441f-acad-27f23e7c1fb3,1
835b2930-b09b-4643-9f45-fcf8fc495ebd,1
835d9c1d-9f10-4945-af52-ad7287c00082,1
687cedff-3b1e-4ac7-bd2d-26828d842f98,1
5c37c82d-5397-4fa7-b814-67e81eed890d,1
688301b4-2aa5-4c74-a8dd-57f80e9611b9,1
836d6ccb-c452-4c4b-80cd-0304543f4c5a,1
8373678b-c139-4738-91dc-450da8b60531,1
8377f5f1-c277-4194-b775-4255c26ade93,1
5c3ad927-4705-41e4-ba1d-36e3f72ee6d6,1
8384c5ba-102d-4fdd-b7fa-f17f476d4823,1
8389bfc0-a842-4ec8-8847-1b7f2933be26,1
838f802f-a3d7-4823-8a22-96989963d21d,1
83933e3a-0d7d-4ecb-8754-5d139a860bf4,1
8398ebed-9527-4097-af07-65d2b82e0a76,1
839d9346-0741-4d1f-aadd-87461ebd6da7,1
68954bf1-e78b-4623-a48b-6a1c11e5f16a,1
83a63e43-ff1f-46bd-87c9-66947d2d6b2c,1
68985631-48df-440b-abf2-6d4ef4a4a6ae,1
6899628c-0315-4fd3-b6c0-92b44520d0e1,1
83b3dbd3-abf5-44ed-be7c-8c0c67df3d28,1
83b9652e-0eb3-4efb-ae6c-3a99657af133,1
5c44bea9-15e8-46fb-b260-ddea5c6581a8,1
83c20da9-912e-4ca9-96c7-7f1764e06baf,1
83c87742-e8aa-4ebb-8adb-8b99375ed49a,1
83ce6d05-b404-4c39-9003-f936062defdb,1
567b589f-22d8-44db-95a0-1aae02f618c8,1
83d8879e-d6c4-4003-b11d-68884e12c483,1
83dc44ea-89f5-460d-9115-a9eb5cf58729,1
83e18b65-b451-43aa-9eda-a07d730b8aca,1
68b4fd2f-3d85-48fd-bc23-377c4800656a,1
68b7b431-08a9-4e6d-8c6e-b76ba9f909ea,1
83ed20e7-473c-4146-9915-94ddc24d17f5,1
53d6cffb-bcd2-4060-887c-1872cc59487d,1
5c4f7574-ebae-445b-8d43-a80d13cae699,1
5c501dc6-00ef-4fa2-bd67-5fa0496d934b,1
68c54900-974a-4e80-8119-f9c9ffa4c419,1
5c522dc2-ebb8-4b7f-b514-25d93b22621f,1
68cb0d41-b7e5-47e0-914d-fbeea1599de9,1
68cea769-85d7-4ea2-bc0e-55ee6c6bdb58,1
5684aa76-d310-4e1a-bb8b-76e7ecb6b2b2,1
68d2c057-36e8-443c-9641-495236cfc7f9,1
68d4b76c-aa61-40fd-b72d-25f2cea864d2,1
84148c0c-c2b2-490f-b39a-e5fd7a0f4408,1
5c57f7b7-665c-4202-995d-8ed1b9b6983c,1
841c501f-cd3c-47cd-a2cb-246341104420,1
8421333a-7135-4f17-9ff6-a5e2ca300597,1
842640fb-6b5b-4bcf-8129-2b08d6356b86,1
56879009-fb61-4588-a7a1-27f770cb2398,1
5687a526-e6c4-45cb-a8d2-28d0ce4a158b,1
68e42f22-9ab9-4ce4-b781-66e8d0e87801,1
68e690fa-2f2f-4712-9e7b-486d9fc8afa1,1
843dcad4-215e-4b25-afd4-be541283a318,1
843f6289-35ef-400f-a397-359908be1f4e,1
68ee59ad-5a43-4836-8201-4713a0a33cd2,1
84467605-28b9-4edc-b150-75cf065c2a06,1
68efaef8-43c3-49e6-9a52-6f18dce305d6,1
51ace462-1ded-4698-a13c-199658923412,1
8454c1da-f51c-49ad-87b3-fd795492d183,1
84592511-6e1e-4ef8-9ad7-d7763f442062,1
68f78275-14e3-4717-a9f2-fb308ca8d295,1
68f9ceb1-b250-4957-91f9-42b1aa6dde82,1
5c6acb8b-01a4-4735-9bb3-126ad6ca79ef,1
5c6b36ab-50b7-44e9-b86f-692418a710e3,1
846c27d4-d169-44f3-9ed7-1ae0aa0f7d22,1
846ea9ce-6785-4f72-8db4-390c000acf9d,1
5c70cef0-0127-4c6c-8866-6dc637b36257,1
690833d0-9b47-424a-a35f-80cfd0505508,1
521b3fea-9d04-4edc-8970-402c3607bf0b,1
568ed2e6-6831-40dc-887e-102656fd34d5,1
8481abd1-b059-4bff-b734-263e32142555,1
84869273-66cc-4e0a-acf1-39d641265929,1
848b04b8-fc8f-4cda-897d-530bf8d6b688,1
84904fe7-f481-47e1-be6d-00eb63063680,1
84934c72-adb5-4753-bdee-00115553f699,1
8497b814-ff13-4396-97d8-a0f4bc19b539,1
849dadef-0d60-43ef-848b-1f838622caf6,1
84a33b57-5ba5-4ac5-a95a-9fcf73c2049d,1
84a84804-0f52-413a-9e49-58e1e672ca52,1
84b107a0-9cfb-4a99-a9fb-ef588127f35f,1
569221c4-33c9-4765-bc05-05a386e20766,1
5c7fa855-ed42-42a3-b525-42ab669041e4,1
84bff472-1c77-4ae4-9b5f-d9f915a17972,1
84c40bdc-1d89-44f1-85ec-ffbfe8374209,1
84c86952-0145-43ea-8d20-217ca17eb534,1
5c831ecd-2d8b-4b49-b835-d2af95313306,1
84d06d9c-9db9-4a3f-a0fc-2e9e260e7d11,1
84d422ed-33f0-4b50-9505-6110fbbe1dbc,1
84d8672b-a67a-4d1a-bb09-518bebec5311,1
69326d57-3244-49c3-a0e1-e1d436461f20,1
69352988-2ab9-4393-9248-b8ff24203c8e,1
5c8d9d4d-3f0f-4d47-a5a4-374842ead4c3,1
84eb534e-b142-427e-b231-8e664d974eed,1
84ed54e8-2d6a-4ac6-835d-b033496cbaaf,1
84f2caa4-256f-4f18-944a-e06f8c5126c0,1
5696972e-5d24-4d25-9113-f77aa58ab5e2,1
84fc1815-b83f-4892-a45a-5167e1878643,1
6944d588-49bb-4fd6-88b5-aa5b0542117b,1
69466609-d1d3-4a10-afca-bbd31cdcb086,1
69481e3e-2a0c-4aca-8491-f4542685231e,1
569c31b7-0fb5-488c-9d37-a09249ded380,1
850e3f39-df06-4612-96cc-8f2dc9f92d81,1
569c82eb-7691-4d68-957d-4567dee57fbb,1
694fff2f-f566-4b3f-9acb-bdebadf48860,1
6953cab3-329f-459b-84b4-6e1c9eae812d,1
85234039-1f00-4813-9167-23ed820d8187,1
8526efe7-5f84-42b0-930c-341c37a85fbc,1
852ab1c3-efcc-43c6-a472-e6223ff9b8ea,1
695aac89-1497-4887-b91b-f5d832a108f7,1
852f51be-7dda-44c3-87a7-07a852747dc7,1
5c9fc6c1-d307-4b67-b1f9-4fca979df93e,1
696270af-b43a-43f4-8924-312468a28da8,1
853bff9d-8417-4f97-a9ae-37768c45db02,1
853f96be-fdc8-442c-81ce-fcfb4ac565cf,1
5ca30619-836c-4723-a9ee-2b55a41c7c99,1
85473209-d683-4d2d-8547-e3a71c2300a1,1
696f48ab-168e-4d94-9902-c0eb7f581582,1
5ca5dc40-233f-4500-8fbc-4b39c84475b6,1
6974d5c1-7e32-44d5-9f04-730017b2192b,1
8559df80-fb47-4d0a-aa5e-a41d059b046e,1
855e64bc-0bf0-485e-b6b9-a06b440a2d6e,1
5ca8ca69-5ed3-4b48-9188-290d8d8fecae,1
85677083-81e6-42c8-906b-3eb7553b1f85,1
52afc406-398a-44a0-893d-9c09c1e7e106,1
697efca4-9c69-48d0-ba9f-ed59f6f4f089,1
85716d53-eade-4ce1-bc27-efac94676302,1
857364aa-dea6-4382-8364-f4b8cea0170d,1
56a61610-d90f-44d0-b35f-59f7ea000245,1
56a894d0-081e-4d00-abac-c059a5a87e11,1
698a62c2-dd6d-4ac9-ac88-92be750553b4,1
8580e130-699e-4525-b0b9-0b25f7d43c8f,1
85863b1c-54b7-4fe4-942b-de523e108602,1
858cc6b4-1023-46b6-a110-74b4ae7ac71a,1
8590128e-e179-492f-824a-3247c208ac3a,1
85933e24-5743-41e2-89fd-66f1e2270402,1
859a9ac2-e0b5-412c-bf79-6f78fb263fd7,1
699c6f9f-0d66-4272-8183-7c782ec0e4ed,1
85a43ec7-c58f-4162-b69d-74e3d2f2c6c4,1
5cb64227-aa94-462e-8472-c9389e5b109d,1
85aa6da1-a6fe-4831-b9fd-e06260ccb9fb,1
85afc07e-3dd6-4cf3-92d3-ab395ac296e5,1
85b234cd-5cb8-404d-91dd-1f89f6160e68,1
56af1044-3b06-49aa-8c45-fd748b956a81,1
85bb05bc-01fd-4da9-9811-53d81ef1d984,1
53e7e678-2583-4d45-aed9-74c717b3f733,1
85c095ef-f8f8-4101-bc7c-c64f9ee11be3,1
85c3f6f2-a0e0-4e45-b05e-08990fe563c7,1
69aaee61-83e0-4eb4-aec0-c348efbd3401,1
85c74432-733e-4355-90ca-7795aa10681a,1
85c9bf20-a56d-46af-9c0b-62f4f1d519e7,1
85cb5345-52f2-40de-b082-af5d868859ef,1
85cecd83-a614-4c9a-9b62-8e7802857d30,1
52b36f02-23ab-4c35-aeeb-e201b381e5d4,1
69b812e6-e89f-47fd-8c12-3e47d2173720,1
85dbce5b-8d5b-45b3-81bf-2c90fc40d8ca,1
52b42a61-d488-44bd-a4aa-818af0b9875d,1
69bcaa2a-14a5-492d-bca5-c397ccad784e,1
85e9faf7-de90-4a97-b29e-d72760284fdf,1
53eaf694-9603-4251-8adb-9a0adeaa2ef4,1
5cc9bb12-c3d7-4f1d-b081-ea39578a6514,1
85f64f66-983a-4245-9424-973ad49b6a06,1
85f8c6fa-6fd0-40f5-bb5a-59419b0c9cec,1
85ff7a41-86ba-489a-8138-67a462ba5d5b,1
86028943-b69f-4657-8c6d-c30c30b88095,1
86060055-77d2-4d8f-94b3-df3fc116f471,1
8609eeb2-9576-46fe-bed6-25151a124400,1
5ccf28c7-d79a-492d-a8e3-5c553fc7f651,1
69cf42d1-804e-4471-9484-071f3fa73252,1
8616a2bd-3d61-47b5-9b63-0b14873be3cf,1
69d332f1-23b2-4aac-9d0d-10612a7b4f0c,1
861f8662-1dc0-46f7-af90-1cb50946946a,1
86251e53-5639-4c9a-90a5-53fe6f1e1d2a,1
69d9688a-1698-4447-9f7e-03416b09d8cb,1
862e80a5-b440-4246-abe9-14cf7e9bf37d,1
863334eb-74ae-4ba8-822f-2eb35d21db4b,1
69e0d662-b6be-446c-b1be-28b099100255,1
53ebd51e-0a71-4dce-93d2-6abbc7cd2c87,1
863ec203-510c-401b-97a3-735baa60c051,1
8642eaea-11a1-47b1-bd7f-c5f06c11ba50,1
69ebcc53-2fe0-43c4-b5cd-6d7ad7871e48,1
864f44bc-6c6a-4ff6-b569-c09962694e1b,1
69ee90ed-0712-451f-9917-8e10a1d0fda4,1
86540e7e-1521-47ea-bfcc-d8e4790e1477,1
56c4aff9-b110-4d66-a631-5b04d898e9e4,1
865c95bd-47a2-40e6-99db-d88c6d06d745,1
69f6fee1-7f30-4149-a3bd-952d5cba9505,1
8667a0f0-de8d-426a-9635-2b84f31e4dca,1
866a6eac-3451-4641-a722-e659cbf51aec,1
69fe0804-5e63-455c-b53d-d9245a52120a,1
8673e740-c5d6-402d-b0af-b5bf333baf67,1
8677db86-d3f8-47b3-b883-97e0294e1e6c,1
6a01b4a4-55b4-4968-a678-0d5928e2a716,1
6a027469-c633-4083-87d0-6d24e9465592,1
6a050648-1ead-4e0c-8a11-c0412573ed6c,1
5cea20f8-f5c0-406f-b998-c192137c3930,1
6a088eb9-074f-46d9-a9df-a9a0a79563fd,1
6a0a9d89-c324-4bcf-8ca0-119e297cb526,1
86984a09-8fc2-4fa5-af2f-47fadd96a93a,1
869b6eb4-23c3-42d6-b9a6-73a598cf6935,1
5cec9169-8e0c-4cc7-809e-85e394222d92,1
6a117900-d7ad-445c-878d-c08579d2e96b,1
86ad6ff3-6598-4826-882e-922c98e0f0ba,1
86af5489-3410-4dd6-b657-7e2490fcbf86,1
86b32cef-3187-46de-957f-82a1ebee0b53,1
86b6b861-a5ea-4d13-ac7b-f46fc3a472f1,1
6a182633-bb9d-4502-95c5-7085c97e0e12,1
6a1c6a80-242e-4684-af6d-dffa2f743173,1
86c515eb-6d0c-48c8-8f86-4fd95b690d41,1
86c9addc-2423-449a-9704-15746cf7216b,1
86cd83c9-ab60-4ac2-bbca-e85619947881,1
6a23c541-a103-4e4a-83f1-d5d31fd963b3,1
86d51a0e-ce40-43d1-9676-59b41cf4aee0,1
86da1238-f870-4d71-bcbf-b37fe50624b0,1
86dd94de-0a35-4ffe-bff8-93cc0b7a1560,1
86e1364a-f9af-4b06-a6eb-d6d18c95b4fb,1
86e72fe4-fda0-4b20-901d-3906f1b49383,1
86ea3d31-ec8d-4e68-a3e2-8747ba4c66ed,1
6a2dc233-1b9b-4662-9d5b-5eb2329a72f5,1
53f46fb0-4eb6-4f77-b253-a0d5586c544d,1
86f124e8-0127-4f36-ad4a-00bbf640daf2,1
86f35e28-9f78-4dab-b59e-f7f11e68e257,1
86f5ebb2-aa64-44e3-b278-2cdefd8bdfe1,1
6a364c14-5501-4773-aa5c-8528201265e3,1
86fdd746-db26-4156-92cf-55be96407cd0,1
6a3a57bf-25c5-4437-97bd-a94495819c87,1
870915a5-63b7-47ae-9fde-93a3f48f115d,1
6a41ab59-4cdd-476c-9960-7d96187701df,1
53f5b8da-38b9-48b1-9b01-387855473cef,1
6a461280-2193-4384-95b0-2276fbc54b7c,1
6a48d12e-4010-4a16-92ab-2316ef263bc9,1
871edf9e-cc66-4f9c-aaa6-a723e73dbc6b,1
5d07cb43-d654-43ea-bfd6-44947becd605,1
87253208-1fbd-4d54-b5d9-88a7b85be2da,1
87297285-bdb0-4579-bbbd-8f1941073490,1
872ddf83-f362-4a5e-b851-c7e615cab3c1,1
8730a1c7-1265-4116-8be2-c6dcf64339a1,1
6a516de6-c5d3-4142-b0a3-dc246bfbbedc,1
8738dc6e-1558-43ff-9659-6e2fca1e6c86,1
5d0d7377-112d-4a20-8022-f6bf7e9e8061,1
8745e3a2-0cef-46f2-9219-f04c3f8e2673,1
874a21d2-b7f8-4e33-bc41-4787240dcf78,1
875151ce-b611-4e0e-832a-5d0f17cab3ab,1
56d9e3d3-08ea-403f-a33c-ee67d458ae16,1
5d125264-a983-42b1-a2ed-01e0166d2e1e,1
875d0fe3-6d58-4a61-bbf5-e1fb662b88cb,1
6a6149bd-4727-4b3d-9cd3-327d2526e206,1
6a62ddbf-bc0c-4893-a9a4-f6c080d29be2,1
5d15848f-c01e-4b88-af33-0b61a5272fb3,1
6a6afd2e-89ad-4602-9347-7d84e5a36912,1
8779de27-466f-428f-8526-bcf24131ca5f,1
877e1ebc-e9cf-49dc-9d0c-7d6916f04623,1
87810042-1acc-4771-a722-40c43dcbd747,1
6a6fb234-2f36-43ff-837f-da3e4869b832,1
8788f67c-1da7-4c3d-bb62-ebacaccb0d9b,1
878d2e3c-d68b-4218-a4a5-03ecad0786d1,1
8790aac6-51aa-44f5-95b9-4ceeae6e3a91,1
8795650a-8922-41af-a9f0-d4272f2a18bf,1
5d1c5fb8-3b89-446b-bed3-1de8ba4019c5,1
879bb93e-0a01-4ff6-bd4e-433fdfdb6542,1
87a073be-4af4-4ade-a8fe-b161c8c9e3ad,1
6a7ac119-58a2-47af-850d-36f384d59a70,1
87aa36ef-276a-45d5-9e7c-5e9da99ab825,1
5d21122a-5763-48d4-b889-96bcdec16078,1
87b1ee4d-6e30-4007-b757-0d306b130902,1
87b5ef84-61e6-4517-954e-2a3884ed38fc,1
87b962c8-f42c-4ae2-a5a0-d09e5eb1a0ce,1
87bf4ab5-c8f1-4077-8015-b822a1da873b,1
6a81e1bf-0b4f-4872-8718-a3c22a6c7fb0,1
87c4958a-50d2-47ae-8f80-d0810565e7da,1
87c68a87-d0a5-4ddf-ac9b-7d0c4b7972c1,1
87cafcf1-3562-45df-a85e-4857fd72cb69,1
87ced61b-6675-4d7d-bd10-b3a6b9ea2c40,1
52c1e8e7-3f50-4584-812f-c5beb8ae6914,1
6a8cd72a-6c8e-4ab0-87b6-bd59fbabb2d9,1
87d8f4e7-62a0-4657-875a-a11440dc3d37,1
87dddd2b-d54c-45dd-9221-d1eda987caef,1
87e382d9-e3f4-4804-bd3d-6cf7424d17fd,1
87e78ad1-49a9-4f89-9109-ed1d0832c3d6,1
87ea7b52-c564-426b-9587-6dafff9add58,1
87ed2f7a-d044-4c51-85ab-18877ec79091,1
6a999904-4572-4a59-b168-97e4bf5c2a8a,1
87f690b1-5251-4a8a-a51f-c32f30f8746a,1
6a9c4c4c-f17b-4e12-8808-22affbef1b64,1
6a9f5f21-8323-4da4-8179-35f913d67bc3,1
6aa05d76-14ea-485c-b8ba-bc4704c6bd11,1
6aa29bdd-946a-4e56-840a-45eed498327d,1
880f682b-248d-4196-80af-cceb7613fe11,1
8815a41a-8d9d-436e-9442-6280535be907,1
540186ba-44a0-4e4a-a443-5e93d77b59c3,1
881aa5a7-d01f-4ecf-a585-38985df549d1,1
6aadeea0-3c38-4044-b8ec-4749cd6386f1,1
88231362-27ca-454a-959e-8db597a6863b,1
6ab2d6b7-f1d3-4f56-860b-1faf5d892af6,1
882ca5ae-15fb-4f49-958c-c885b8550d7d,1
8832ab97-35d1-4d39-b420-d3c18df110b3,1
8835af5a-606e-4421-ba4c-30fa28c0909d,1
6abdc220-b8d1-42d7-95a3-e8d1b76e9521,1
6abe9652-242e-4213-a03b-71f717d85f53,1
6ac2668e-b5dc-4a48-a86c-6cade99bd7cc,1
6ac6841f-8ccc-47e4-9f56-7fe7340e3b98,1
5d406045-4309-4e03-9a75-c241bcb2da1c,1
884d6503-3ae4-40ca-8716-06abd9477510,1
884f8974-c945-4f0e-909e-2c27006af480,1
88530e94-619e-49c3-9e24-a32b0fc6c38f,1
56f1c3f2-fbf6-401a-9538-0d7116fb86cf,1
885aca4c-8871-4281-bb28-270d7df51f60,1
885e5440-bdf7-488b-be68-162c640146c8,1
6ad45162-0780-4166-a9d5-5be6b8671b54,1
88689526-d76d-48d9-98f4-babce580f665,1
886b9c12-3f65-4cac-977e-3823be02519d,1
886e3e60-d2fb-4daf-b8c7-3b492b5700f1,1
56f43115-04b9-486e-9be3-421014b7e41b,1
540736b9-edd4-430d-a72f-7af61b918462,1
54073a55-0ef2-4513-8aa2-81c2ac956a62,1
887d7f6f-4d6a-4788-9634-2f56f716d539,1
8880ff6e-8e8c-41d1-8e92-4f9d2c851b8a,1
8884cd97-166c-4b68-a02c-83141f8c36ff,1
88873720-6bf3-4c81-85b8-95019299af73,1
56f824a6-77ed-4dcb-8c9f-20d5bff6908b,1
8893633a-ea60-4892-a25a-3b64b09499f2,1
6af5a501-105b-4895-acc7-3688814f3c98,1
6af6372c-a51b-4143-ac9a-489ba12408d0,1
88a1bd29-fcf4-4927-9c73-fa0c3fbf89af,1
88a65bf2-a08e-485f-8f4f-907fe7d3c23a,1
5d5d026c-dda7-44b5-b58b-2a2ed7d04d22,1
88afb41f-b592-4576-92e8-50c8a8032ce8,1
56fb9ac8-d82f-4438-aea7-826a82c5287e,1
5d60286f-f17a-4425-a8da-5e1a9ea9a546,1
88bdf871-b644-4937-937c-b2e7d479d092,1
52cb6b0d-ae8e-4f44-b3a3-5e5aba85f49f,1
88c6a638-c238-43de-80af-0871f5556b91,1
88c94d66-8599-4ce6-a9b7-30cf94c4133c,1
88cd29ca-e9de-40d4-b2f9-09e24a48fb41,1
52cc0f63-2ae6-4d08-9ffa-460cf66ffa08,1
5d666e85-3822-470c-8b40-84d20e987226,1
88d84c6d-58d4-48ba-86d8-30d8af4f4731,1
88dc8131-1d46-4019-b59a-9f8561fbe7d7,1
88dfd3bd-5afe-4b03-8e60-fb993899180c,1
6b16d187-bb74-46cb-ab17-9f7193b3fdb4,1
88e821c4-df30-4078-8080-a1b98f3e03d0,1
5d6b5e88-b2b6-4f43-9383-f3650a70b895,1
5d6caa50-b395-4351-a1fe-b7439f7e457e,1
88f7e25d-499c-4e2b-bbb6-1d74a155626b,1
88fb7176-e8db-41ab-8990-dd3701aa229c,1
88ffb31f-08de-4343-92d8-eb1b8da5843e,1
89044059-9588-438b-a31b-828fe380eb5a,1
6b2bc236-d68a-438a-b4c6-985f61732f5d,1
6b2cd54a-3932-485a-8bce-a99512f0de02,1
89124323-13e9-43c1-8f2b-3748b0bcb989,1
8913f7e7-1fef-4b24-b2cb-41387584e61b,1
8917025d-97dc-4a2d-9176-43bf9bc4e2a8,1
6b34c99b-70a3-4ee2-939e-e373ae5ae580,1
6b389018-72a5-4421-a943-2a9c24a02810,1
6b3b5f5a-7969-4bf4-809c-036a21e7345d,1
8927e819-c547-4701-973b-df2411ec60ca,1
5d773eae-21e9-4203-a683-c02615734c1d,1
6b45f839-efdc-4563-adc8-53cc993d7bce,1
8936d0ae-5e31-4298-a516-ebdec103364a,1
8939c8cd-702a-4939-bfc9-8b71426eb899,1
51cf12b8-d6e2-4989-a533-6ef5a466acbc,1
8944b3f2-8d1b-44ff-b27f-4f5fe9892e4f,1
5d7eaf4d-6f01-4d6d-875d-263c10cd3560,1
6b528dc3-4bce-4f5d-a080-832311f0f94a,1
894e29ec-33e1-4189-b343-92f1143b204e,1
54119144-5e8a-4f16-b883-469a0298d940,1
6b5abce1-f49f-454f-9e35-ce6fdcccf60f,1
89571f15-c0d3-4fa0-836a-6a4298863977,1
895b8c57-c288-44c5-8d09-f8a2de3903a5,1
895fadec-bc4f-4f17-b6b9-372359e75271,1
8962205b-4a76-4c95-abeb-77ed7f77b61f,1
8963a322-cb5a-4945-a385-5bff57439546,1
8965d5ff-60b9-4afc-bcdd-9caf1b36f32f,1
8969d8ff-2fe2-4d68-b2e2-89fa55e9dfcb,1
896e98ef-32ca-4041-9501-d2c1ade1ed03,1
8972821a-2c66-4d6f-8513-db5802810b0e,1
897840a0-2057-4d1b-8442-c84e282b0bf8,1
897c3614-8cea-4105-a5ee-9a3aebfbf9b3,1
89814401-3b69-4c00-a629-6636ef861c0b,1
6b718538-f4e0-4e9c-9581-dbae109ec7c9,1
898bd004-491b-4663-a26c-ba5a908d38c4,1
6b75dd51-ef6a-4f29-a583-492748524650,1
6b77e224-4137-4c7a-b792-aa218136045e,1
6b78bcf3-e0aa-4b3d-a6a5-29ef61c32e68,1
52cfba19-2e82-49b4-9bac-3f8160efc439,1
89a10479-189f-4189-a026-5014da262d81,1
5718b077-0456-4abb-bd50-8ed131047787,1
89a8b5bb-21a6-4355-a8f9-84cce80dac1d,1
5718ef61-f7bd-4186-b13f-244aa87cf8ad,1
6b8565a2-b3b1-45c3-907f-8409e4eb9218,1
5d99a3af-f9cb-4cf5-86d8-7ff295185bb4,1
89b722e7-47ab-41e1-8edd-6056a9aa89de,1
6b8ad8f8-9f57-438f-ab94-5b71f3c9ffd4,1
89be06ad-1566-49fe-8087-6dd52bd32172,1
89c1864a-0da0-47df-9bf5-69b587cd70ff,1
6b8fa7b7-e37f-4709-bd7c-401659ad0e24,1
6b915a26-7bad-4912-8970-762ca4a750af,1
6b933a52-46bc-4f9b-85a7-236845583c01,1
89ccd1c6-f90a-46d8-9a5e-2b9d9f3660e4,1
89d03e63-7d0d-40f3-a2fa-e86609cf0dc4,1
89d46353-4729-4c1e-b40b-e2efe0663a9e,1
89d94c7f-ec6c-442d-9e3a-5d377d614ede,1
541abcf5-0fd0-45d7-a6b7-2f025d767dd4,1
6b9ef007-f510-4ec4-92b3-222b82d72885,1
5da473db-c7ac-41ff-b4d6-52ddf23abb34,1
89eabeff-f47e-4df0-b2bf-80095d2a9b28,1
89ee59f2-8959-448a-a533-4e317f578037,1
6baa5f47-4d3a-4c05-b3a4-cb0a2aa2170c,1
89f24e8b-2908-40fa-bfea-6dfabd88e194,1
89f4538e-d0c2-42e5-bc2d-9f5a8d095318,1
89f85419-f72d-4c37-b365-6852c6b32c8e,1
6baf2913-3d60-40ea-ae67-dbd3e5b2746b,1
6bb1698c-96af-41c8-81ce-9b5fe824cc4f,1
8a05958b-f7ff-4cc1-bb1a-8f628d52cfd0,1
8a0b6e86-7c92-46c3-9836-81a2bfb323d2,1
8a0f4d9d-007b-4288-ab66-f13c5a1eceb0,1
8a13e17b-b7f3-4dcb-b971-70d2b24d8530,1
6bba045b-8b09-48c5-ae35-2c088a9a079d,1
6bbc2a14-0506-41a6-82b7-439e4cba387d,1
8a20caad-05bb-40a3-a7ae-df5b9a1a45df,1
541e668f-1dd6-4ad0-b685-a638b0719046,1
6bbf2fc8-e7f6-40dc-895a-306c7874fad5,1
6bc6940c-764b-4b1f-b31b-f04b1f454801,1
8a337766-c59d-4ce8-a7ab-025cf88d0450,1
8a3b4716-32c9-4f76-bdb7-edce56487582,1
8a3ed985-1543-4e79-9347-1ebba5bd0913,1
6bd11d79-01c0-4769-a011-d780cc7ca9fc,1
8a468d49-0909-48cd-ab23-035a3dc5e1da,1
6bd439fa-6d2e-4d62-a288-80d5da6b8a2a,1
5db92d85-f89b-4e93-bb89-531e6d1b886f,1
8a549232-104b-4473-b5e6-f96a7ec38627,1
6bd6ccd8-8751-4133-9b83-7f0722a0e06d,1
8a5b8545-d313-4614-9f48-a5d565230c9d,1
8a5d7be6-b26f-471e-9ffc-b8aff0b58061,1
8a64cbd6-64df-4694-9040-8b4cb7b48ed5,1
8a68382b-495f-4c54-87b9-7715cc84b257,1
6be28f87-9d7b-4db5-b94b-a682857f1efc,1
522b67ae-fad2-4279-8b57-725340a21d24,1
8a728158-044a-4f07-96cc-e5f84fe3f097,1
8a764234-897b-4627-b6ee-4a00bd320f62,1
8a7babcf-4953-42cd-be32-36dc3545664a,1
6bed34a2-58a6-43c3-a496-1b1eceb6cf11,1
6bee82cd-30df-4422-b6f7-712f2de02cc4,1
8a875cda-ef7e-41d4-93ac-c4abbb87a043,1
8a8b1bf9-68f9-40eb-921f-66facd6a68a6,1
8a8f6b92-26d3-47c1-b5f0-119626bbd9a5,1
8a93e7b4-5f5c-481e-b098-f61564395f8a,1
8a97cc49-8d75-4d50-89d7-a8be3c5e0202,1
8a9bd889-dacf-4f4c-88e1-3d00e34a5ead,1
8a9e7e04-e8a2-4b3d-a9f8-29e38a7c3ae8,1
8aa0e8ad-ce57-4e4a-be63-25e3be55e0fe,1
8aa6a8f3-8889-4f14-87dc-24b19a9f8f0b,1
8aaa3065-3c37-494c-90d4-9ad495ba80cb,1
8aad549f-c29b-4cc5-968f-dfdef57aa994,1
8ab054a0-2620-4fb2-be33-22b8158e9d38,1
6c05c175-2109-4805-98b9-f413e842ffca,1
5dcf4877-88d5-4493-b10a-071b5fde0de8,1
6c0c0967-13f9-476f-97d5-59ab1bc80f9a,1
8ac3d7a3-1635-4861-bb80-82be8056aace,1
8ac76690-98cc-4775-93ce-20af71c1c593,1
8acbb817-745a-4a37-a8d4-f4489fd513ff,1
6c13d205-2f61-4451-973c-7c5caa94d1da,1
6c155d6d-4f8d-4b2e-8543-8a3c0573bc30,1
8ad60833-7867-46f1-82d7-d7e415e6d582,1
6c189c4e-b317-4c7b-9a26-886527fd0e47,1
6c1b7452-671e-428a-8214-f5cdbc3baac0,1
8ae35312-0d05-4908-a545-ca5372752d8a,1
57360271-9ed2-4122-ac1d-eb4573a69e21,1
8ae91702-fc10-4292-abcc-41a0e1762895,1
8aecda43-971d-41bf-af74-c18e76331f5d,1
8af3ad06-e405-4bba-b1f1-5840d4cc21bd,1
6c26cedd-d3d0-4c15-aba8-33d3f75d2579,1
6c2869b0-302f-47a3-b869-b8cff3c1e08b,1
5ddd8ae6-d190-41d5-98df-dbafe9ed25e7,1
8b02e8e3-d9f9-4438-883e-1f51dbffb774,1
6c2eaf3d-6937-43d4-b33c-9c7d16e948cb,1
6c3285aa-6733-4a8e-bbb3-2b70b40e61a6,1
8b0c216a-8934-474b-abc0-55f6601b91fa,1
5de24263-8b03-4e6a-9de4-eeddd05b5bdc,1
6c38869a-8a94-4304-b34c-87806e909a1f,1
8b180d4a-3462-40a9-be5c-f46e13e4bbd5,1
8b1cab5c-d3c2-48e7-94cc-83bdfe08c9c7,1
5de49f8d-852e-4e2e-a553-56c1a3a89d42,1
5de4ee05-6368-4d02-a94a-9662790b5a3a,1
5de596bc-d410-48b5-9aa6-ad0ea7c1c77b,1
5de73bd0-ffca-43db-8ed3-4caed137d202,1
5de81930-60f7-467f-a45d-cd10767f62ee,1
8b37660d-722f-4d04-8dec-1279872f7c97,1
8b3c325c-0670-4476-b4ea-e56db5f9dfdf,1
8b3e4688-77dc-4659-ae99-7da18c7b4578,1
8b43baf4-b58c-45da-991a-7dbd3024bf42,1
6c489cda-2ec4-4b66-b0e7-6b02ed074294,1
8b4a8fed-298b-464a-8fe0-f730d545220f,1
5dec3dc2-bade-46b1-ac13-9ea3553e7256,1
8b51004b-b06a-4bc1-993e-df41a589643f,1
8b55dcfd-385a-4b20-a816-525dffed836b,1
51b0b5d2-ef40-4537-9a2a-4ad4d64334bf,1
6c543959-362d-4414-95d3-689a8cb0a661,1
8b653b27-7086-4fa6-87c0-c4a2359d6daf,1
6c58763c-fa5d-4ee6-a67e-3132738de7cd,1
5df12174-0fac-4df1-90ca-f17463265b6b,1
8b6fb35b-fb4e-4737-b5ed-03af4b659599,1
8b740717-27e8-4b51-a947-645c1358b6ca,1
8b78efaa-df67-4a91-97fb-9b1e838b3db5,1
8b7f8fdf-92c5-499c-967e-f73597beba0c,1
5df67ba0-5f2f-4c9d-aa78-92b9e35ee363,1
8b8a5980-ed06-4769-b43a-8a6abdadba6f,1
5df94b41-4bef-4028-bc8c-dd011f3e9f35,1
6c63bba4-cd8b-4945-b00e-1801bcdaddba,1
6c65a537-c7ec-4a8e-afda-48bc9580f7c7,1
5dfc203e-109a-4359-8c33-87cb5b4bdccc,1
8b9bacb5-0836-4a6f-91f2-f4de0b4f58f2,1
8ba064f1-2ffc-4817-817d-d65a65545c5d,1
8ba61181-0064-49be-ae38-2cb4bb3a932a,1
8ba8dd80-f59f-4ef0-88a4-4d5439720090,1
542f195a-112a-412c-88cd-8572e252cc2e,1
6c755ebc-a488-42a1-ab3e-eb5070a843b5,1
52da07b1-d66f-404f-a930-836bdf9e8ad2,1
6c7a027d-7cfe-4e29-a7f3-417596733e1b,1
6c7ce09b-6435-4300-8d37-cd589b1c9ce7,1
8bc27b82-8047-4f48-a2ac-a9e8376eea68,1
6c80f02e-aa62-42c8-8291-6727ebbfc06a,1
8bcb7f73-ce60-4b0d-a269-1582e583002b,1
6c831f3d-d05d-4254-9651-82c94ce8ad9d,1
6c85afae-c0ef-42ae-b038-48b57cd55114,1
6c878a43-ef23-4093-8338-1cd14b75e23b,1
6c88b2df-5619-4fc9-92f3-b95ffb39f8bd,1
6c8c2cd3-3346-4f1c-b2ca-3b9a401c2a8b,1
5e0822a7-6d98-4bb8-b107-d5a735b6ba56,1
8bee6a3b-f20d-429b-9e8c-cd15b1c375a0,1
6c920a47-2166-4d5b-8752-1324e9fa13f9,1
8bf8cd57-113b-4345-87cf-263c93544e90,1
8bfe0d12-1067-44ca-a06a-3eb792369e35,1
8c01195e-ffbd-4365-aa18-fea4e9519e96,1
5753ae32-2a76-4cab-968f-8a22d910578a,1
8c0d63ef-06ea-48eb-a4b3-b6dbf2605c34,1
6c9b4614-e6f6-42dc-a2fc-02809a38ba46,1
575663ad-f0c5-41dc-b28a-c494734c8457,1
8c19da1c-4829-4a76-b581-8766bbf989f0,1
5e0f503b-86a5-49f0-9c42-3c446a24d246,1
6ca09439-cab4-471f-ac26-7ab27b997d0b,1
8c27c236-9c2c-47b6-80be-72d373860226,1
8c2adde8-74da-4d07-acca-d745de882c73,1
5757ca65-5efe-4d6a-b962-525b19a059f0,1
6ca9f95b-ed03-49f5-bfed-a17e4303ca99,1
8c363248-38aa-408c-ae0d-05f3ae0e3cde,1
8c3c3954-1184-4e67-972e-001db5b0c1e8,1
6cadb07e-9e97-4761-99f1-6c7958c6f258,1
8c4503b9-47a5-4f77-9782-b2ac6155ec19,1
8c48773d-158e-40ee-8042-27b05915bcf1,1
5e18e916-b1d0-4be2-8dba-dbd2f3d80a17,1
8c51135f-3c5a-4366-b59c-308559062751,1
6cb665fc-0198-45c4-9033-b64ebc3a8a09,1
8c59f404-ab6a-4c9e-a63c-10e9727eca07,1
8c603afb-dac6-43ad-bb9b-c19cefba3bb3,1
6cbb4bb2-9cce-4beb-9e3a-f4b4aab0ec67,1
8c697239-7c3d-4483-97bd-21026b0f5843,1
8c6f3388-64a1-4dac-9bec-0952ead0010b,1
576033f9-b476-49a3-b9c7-d157930b323e,1
543ad2ee-1c67-4210-b2cd-64be0649ccba,1
8c7afde2-da9b-446a-a68b-ef5687f8e329,1
5e225cbe-5517-4043-8929-04d031e042cc,1
8c80b523-9f14-4527-a6e4-cc704286a3ba,1
8c83af2e-b32a-40d6-af9c-d7155633454b,1
6ccb4642-ed95-4910-a73d-f5b157e02a1c,1
8c899a24-be43-4e40-aa42-c3241a3686a1,1
8c8f709b-efd3-4e79-986c-96583d6320fc,1
5e29eb27-0c4c-4b29-bcd5-51bdc019d99d,1
6ccfd958-6481-4447-9d83-5ca74c23277c,1
8c98e111-007e-4b21-b861-eaadfb5b64eb,1
5e2b4652-269f-45b4-a981-6f6486a3f3bb,1
8ca02697-97bf-41eb-8b22-6c79be45aa2d,1
8ca39366-9014-4735-8b8a-fd2ca85acb55,1
8caa9cd2-06f7-4085-a270-d7da43bbff60,1
8cadec4a-3e91-42d1-9cf9-9248d9fefcef,1
6ce10bb1-aeed-4691-a70b-3b0af968c61f,1
6ce34f5f-28a7-411e-baa4-53d00ee5c9f1,1
6ce55183-1a21-419d-80d0-83c96646d159,1
8cbbb206-f70c-4fec-ac98-e1df09f1acfa,1
8cbf88a4-058a-4471-81b0-9412170e1fb4,1
6ceead1a-7714-4c2f-866f-773e3a8a6c13,1
6cf0757d-bdf2-4e34-8e1f-8fa5cea8d454,1
8cd0a81f-3110-4dd8-8454-88981e41d63d,1
8cd2e5da-bfb0-444c-a37c-0a1be0cdc260,1
8cd7ccee-c63f-47bc-baf4-3f257a5c54a4,1
576ce2ca-3de9-40a0-b7bf-9e8c293c8f79,1
8cdf6a0a-d521-4fa2-8f1d-680e396911ba,1
5e3a2606-2a34-49ff-9a9f-fb4ad5f88f6c,1
6d013467-33ca-489d-8666-0b8679dc1b02,1
8ceb21b1-45da-4f34-b9fe-bbcabb40afe5,1
5e3ba667-7ba8-4fb8-a57a-e708b53a1b82,1
5e3d0394-abcd-4c5d-a85f-6f7e52a82f48,1
8cf8f64c-ce9d-4289-aeb6-fe3820be39d6,1
8cfe0ef3-7eca-43b8-938a-dc8104caed2c,1
52e36a90-23a4-4109-adbb-0fb156a3b238,1
8d05ffc9-fc1f-4461-984f-382645178f0e,1
5443db38-d3c3-4867-9c9c-9b0eef84452c,1
6d12da25-f317-4f62-ac54-96e0dbb7b16d,1
6d13b220-1418-4c9d-8e9f-da99bea2c954,1
5e453d99-e53d-4c7a-87a8-499fde940bef,1
8d1d8694-5b08-476d-824f-58afa704f096,1
8d21bd67-0e43-4db0-bb63-70e19e7fd627,1
8d240496-e1ff-43fb-850a-0288df3bb0a3,1
5e485b29-23fa-491d-a499-643c26a205d0,1
6d2550f4-e483-4c36-800d-cb915a3827b2,1
8d30d513-63a7-46e6-9507-19602049489c,1
6d26ef2b-9124-4a0c-85e6-a1cefb58f66d,1
8d38b62a-3b91-46cf-b775-1fe133faa39c,1
8d3b19ea-d930-417e-8b01-0e35eff9ea09,1
8d3f0b5c-6ada-494b-a9d7-a00393a7b816,1
8d445205-fca2-4ce2-808d-dadfd7dd7cd4,1
8d490c0d-e30c-41bd-af19-50a9f9a1fe05,1
8d4f39d4-4648-45e5-b9c0-bee58557d33e,1
5e4c928a-bfe9-4204-93a8-5efbbd2d006a,1
8d5b85fc-49fe-4ac7-bc43-8028d461f7f1,1
5e4ff34b-0b0a-4afd-b4ac-87f2c59f4b01,1
6d389f32-58b7-4d30-9b8a-29cde04c88c7,1
8d69caf0-42fa-497f-b105-fa2103557128,1
8d6d0478-a697-419d-a492-117c875c7ba9,1
8d6fc4d4-a126-40d2-85af-bfd264a87584,1
5777ccf7-8845-47b7-8397-aa063b34adc2,1
8d77ab63-b677-4c91-8cab-d05fe9212c9d,1
8d7bae55-02db-480c-bcde-e68827052623,1
8d7f4d2a-985e-4420-9a3a-daf23a89a47f,1
8d836a2d-f315-4208-9084-ab59b18917af,1
6d48bbb3-a96b-4ebd-849e-e53a27a742e3,1
8d899c56-c958-42fc-acc0-d5ee3ee773bb,1
577bde7d-d0f4-4e8a-bc3d-22d2fb1976a7,1
6d4e3f30-e10f-4591-b9ef-7817819dc852,1
6d50afee-0c48-496d-a5ea-c26db41841c0,1
5e5f2b34-ee21-4156-a9f1-1a5b59d23ff3,1
8d9c6083-a755-4a7c-abba-3d3e722c2534,1
8d9fee27-6e7c-460c-bf2e-a628afbf8515,1
52e536f1-4f2d-436c-886a-a09d3a05f6d7,1
5e6405db-6b8c-40bf-ba99-8ee949170167,1
577fc931-2f59-4e11-9a9a-46e6c6b9b6c0,1
6d63a7be-6e60-4280-bd74-53189cdd337f,1
8db4f91e-50c3-47cd-8321-00ce734549bd,1
5e681c72-dfc5-4592-94ae-99298f8d9a28,1
8dbf6d9f-53a8-4937-a536-d4256aeffa50,1
8dc2ec1a-d3f3-42a3-b93c-bcd934e4b15a,1
6d68e275-d840-4c3f-a7af-b13c37778df8,1
6d6a8d8d-2498-4adf-ac3b-8d0ec9f60ace,1
5e6a52a8-858c-4f8b-bdf3-7c86c851c530,1
5e6ab688-4dd3-4d16-873a-97dd0e83da4b,1
8dd6f28f-6397-4d26-9c83-cb3bbf9b5ac2,1
8ddb38fd-4e64-4a84-85d9-d44c641d4b94,1
6d74f357-353e-488b-a607-b03d7bf63e1b,1
8de29266-786c-475e-a0db-7be1f0ba0fcf,1
6d77f088-accf-4988-942f-ca5f78e45536,1
6d7a5166-5b50-4bbd-bd8b-997467abc805,1
5e6f2241-bc98-4975-b6cf-773ead20c5e8,1
8df2a94e-4352-4c16-8d41-264dbe1a5525,1
8df83181-f34a-4bdd-b124-88043d1a23c6,1
6d81b8dc-7974-4b6b-87f0-cf8a2eff8b84,1
5e73935b-fdea-40fb-813f-0af4ec8743cd,1
8e0132c8-4053-4aae-a1d0-843eb354074d,1
8e056d04-d96a-4e86-89e4-1eb07e4de1ea,1
6d87c25d-1daf-4f64-8341-644be32c86e9,1
6d88b3c2-1e1a-4166-9b87-295ec6a5a0b6,1
544ef638-8b72-4a61-aede-167689a83332,1
8e127d12-04c5-4342-8b29-c2725347c187,1
6d90293c-7c61-4a5b-9a2b-2df55c45c169,1
8e19b99e-4f9d-4e09-8a1f-c0cce48a87ce,1
8e1feece-93dc-425c-8ea9-a344fcbb73a1,1
5e780223-e0d3-454c-a331-79306d528370,1
5e784e7b-6716-4112-a410-ab579248483a,1
8e2fda9b-5995-4309-b2f7-4eb179141c3a,1
6d9ac05f-7d4b-4162-9495-b26a5525ac98,1
8e39bcd2-619c-4e3f-8c2d-26c38547e604,1
52e851b8-2eea-4849-bcbb-7538d46dc793,1
8e44f966-b637-4070-a825-4d780b03cad4,1
6da44e1c-411f-4150-9b62-3c690db3cdbb,1
8e507abd-bd01-4dc8-896e-d52f640e7bca,1
578dec57-dd83-40d9-ba94-1a1c74ada1b3,1
5e8012ec-553f-43cc-b1e2-bee47e8d9300,1
8e5a1d3e-29ca-4ffb-acc2-9c0c9f212865,1
8e5f5594-a5d3-400d-9c9d-1a5a84d6ac78,1
5e83816a-47c4-47cc-9de7-b435eab4ce57,1
8e6c4250-a7e5-460e-bd8e-b961ee12a758,1
8e6f163f-b506-4ba1-bf62-650666e55565,1
6db159f9-4f5f-4960-a017-e1a8b9a318cf,1
8e76fb3a-5481-471d-ad55-d5ba2bf4376f,1
5790f21e-146c-4a95-adf6-03dd8355e2de,1
6db4cae9-f48f-4afe-9f7b-a75eedce3e80,1
8e83d938-9465-4308-9525-0d45ed42f378,1
8e87aad7-861d-4165-a9b0-bd7a97853a22,1
6dbbb4a5-959c-4197-bbac-4983ee065b1a,1
8e8e1530-29cd-404d-84de-38b422218444,1
5793e344-54b8-4b8d-9746-54795166f463,1
6dc0c26c-927a-4acb-a3d5-9271f13f2f51,1
8e966918-cc70-4295-b95b-0e51f63bbffc,1
6dc52266-e095-4e8f-a7f0-35f02127c78f,1
6dc8209d-af4a-47e8-bc5e-eb64b9ede93e,1
8ea22816-399a-4827-ba61-4fbe7b4995e1,1
5795047f-09e1-4161-ad7f-994c37a85901,1
6dcb40f9-368f-4888-9158-6f23ff6e080a,1
8ead2e38-1ce1-45fa-be71-109969e316f8,1
6dcdbd20-83e6-459a-9e10-de0fbc26617c,1
8eb885f3-8c7e-40c8-9a82-acb0fc3d7bc3,1
8ebb7f50-8168-459d-8c00-a47bd02f3c24,1
8ec21439-3a04-40e4-bd1f-7e4e9fa83fc3,1
8ec59ed1-c56e-43cc-a2e1-d2f106b62766,1
57960a96-b97d-4801-a4f4-733bda8acf80,1
5796ff22-01bf-4798-aaa2-957dd52e52b4,1
8ecff117-6322-427e-a11d-fcbf4f358050,1
8ed4b1b1-23af-4624-8799-327997dca01c,1
6ddd5ae2-df67-4841-b1fd-9e94f1a15e54,1
6de0a0f5-7545-4bdb-aa55-aecd4cc49bfe,1
8ee121a4-0d32-49cf-bc81-dd64fc397dd1,1
8ee4afad-82a9-40c0-a97f-8c5a111ff085,1
8ee83dcb-aa57-4984-8aa2-bc62c9b511be,1
8eeb64e8-988c-4a6c-997e-0592866415ec,1
8ef0d965-9308-4116-a7de-799950572fd1,1
8ef5a49c-d0e4-45ec-99c6-51f1b473811c,1
8ef91065-6f12-4601-996a-7c0a88476515,1
6dee2478-1578-4264-a7b6-fcd9ea8c28e5,1
8f001908-e0ec-45f1-b10c-3287ff02be5d,1
6df0bf4a-5fc4-4a28-9e4f-873ef182e5a7,1
5ea554b0-1ba4-4a1a-ba37-816db0737d74,1
579ce5dc-f11c-49d9-8d7f-db5e511a3996,1
8f11bdb1-aa46-4d4d-b75a-ae0a4ba7cac0,1
8f14b609-c414-403a-b9fe-5b37dbd66460,1
8f1ad508-d447-4bad-90e9-0494d551e0ee,1
8f1fe6cd-dcea-47f1-b05f-cc8d91a2986f,1
8f225ae6-bf7c-47ef-88b3-10838e8c8066,1
8f28aced-c2e3-4309-8a51-0aeb970581fe,1
8f2be59e-f128-4872-a5dd-0ca897707ade,1
8f315b91-e582-482a-8c6c-167f5ca700d4,1
8f386ed8-4605-48be-b94d-e50f72cfe735,1
5eb00d5d-045f-4320-a74f-d63c1d8cf1fb,1
8f3f719f-ab60-4b61-a498-f9668584651c,1
8f458490-a4b9-4277-9df6-d031462e1552,1
6e0ccfd4-a2c2-40c0-a0ae-626bf60f08e4,1
6e0df274-2764-4569-9250-ec3dcf2b5e4d,1
8f54b6fa-4d31-4751-8bb5-f3a1e00234f7,1
6e0fcb01-bc41-47b5-af7f-e6360b6b60b7,1
5eb45b33-ac9d-4bc5-ab3b-fa067b7f3644,1
8f613b1c-0648-4591-a43c-cd1e2e7f5ff5,1
8f645e09-999a-452f-8455-b4aa1e6d9770,1
51da91b0-2170-4dce-a5f9-9d7715950dfc,1
6e1c5ff7-0460-4122-81e5-41c78d675c51,1
8f711472-1765-478f-9ce7-fc86b46078b3,1
8f749903-43d8-4a55-83a2-af694d836234,1
8f7a5e24-a15b-45b9-b806-0ece01646441,1
8f8082f8-58a3-4e71-abd1-e43035828338,1
8f852e94-af21-4d00-9abf-503540eed725,1
8f87e162-31d6-4ba3-a9e9-e46b13d2ae67,1
8f8d24e6-f3c4-44d3-a05f-211656de70b5,1
8f90d2fc-2f6c-43a9-b95a-17b060fa1a1f,1
8f95ee63-c65d-429a-ac15-0958f87a2ad5,1
8f9aaf46-6b59-4297-a7fd-26f31aeb2f1c,1
8f9ebcc8-7454-4fa0-9f3e-9c27725386d3,1
8fa54035-4501-47da-b437-974a339ecde2,1
8fa9d2bc-1689-4f44-b25d-981290927ea8,1
8facdb70-d31a-42d5-a29c-7e917cf9d990,1
5ec8c801-4f83-4319-86ca-08e429276894,1
8fbb3ff4-9093-4977-af9b-828feaecc41e,1
6e3f8f5d-c48f-4a65-ace0-31e672e8dfe2,1
8fc2ad27-80e5-49aa-bb82-017473d6c7d9,1
8fc6bea9-9efb-41a1-9115-76a536f7146b,1
8fc8e6d6-a954-4059-8201-ee80175b09ac,1
57b1f337-ab0d-4b01-ad74-e590a2f65328,1
8fcfbdb8-95f1-4118-86c7-7bb0c898792c,1
8fd3386f-397b-4b30-afc4-efa987ebb887,1
8fd4d2ae-1a9c-4a0f-8f5c-fd051c9ec3b6,1
5461995c-9c65-4431-8a04-52b0a8f6a8e5,1
8fde7db8-133a-4c42-9ca7-d7db896f7c81,1
8fe23e3d-4af4-47ad-8014-b94a2dc0571b,1
8fe603db-bc0b-4dc5-adf6-f51c71cd1cdf,1
8feea56c-11d2-4b34-89c2-285898129a29,1
57b4e987-092e-41cd-b522-a4de6747283f,1
5ed40f23-c83b-42cd-b93f-4ecf820563f0,1
8ffb4eab-2a00-4368-a0e3-9901845ff8db,1
6e5efc88-cb9a-4e28-9fc8-020063a312a7,1
5ed557e1-3703-44a1-89ee-1ad1f8aa9601,1
9006766d-693d-4c22-b7d9-e476022ab06c,1
900a98c2-1e80-4f1b-8be2-445344b37f55,1
900cc021-7493-470a-b720-dcd21cc1c787,1
57b58f92-ab19-4b43-aaee-e3b9dabd560f,1
90186559-8e45-4061-832f-aa083ed93306,1
901bcf0a-d03b-4a95-a9d4-bda41887164e,1
5ed8e7b2-464f-4a4b-8cdd-d259ea638dea,1
6e71938f-43e1-46a5-9238-b1e2cfb7ac39,1
902956c7-a856-44b5-b814-96d9a71f724c,1
902df228-cf00-47ce-9a16-5334f1eefdd6,1
903154b9-38cc-4be3-a52e-59bd2f37656f,1
9035a111-9864-42cd-b69f-11f577e04245,1
57bcbe13-694e-4dda-9be3-f93bd2e0e938,1
903d103d-e8a4-4077-bf73-e792d8b8ecaf,1
5466a843-046a-4c60-86c8-4c6e5a08187a,1
90455752-fb86-4784-ba41-ec1605c1191d,1
6e861344-77ac-403e-a0ce-b446c576e3a4,1
5ee0ef12-6a09-4249-bb0b-399ce4587f47,1
904faf61-3f57-4dfc-a18a-feb19b422243,1
9052e18c-d5f5-4fe8-873c-198e9b71c32f,1
90568267-f7d8-4911-9563-ad0f7e1fc5e0,1
6e8e130d-d9a3-4ef8-9c1e-eec9512aa52c,1
905b68c4-25af-4ce5-9a42-011f7055fce7,1
905d9827-dbbb-4807-81e9-3db0c0f8362a,1
5ee4e022-d603-4312-80ce-370656b87ee4,1
5ee5c478-bcff-49f2-a55d-34c0acd80a5d,1
5ee5f7f4-71fb-4a30-a232-3eb0a2a00c9d,1
5ee766df-16c4-4afa-8b8f-94af43b4c75b,1
906f524b-4f18-4ca2-8bb9-10eb8c6ddc41,1
90742035-9656-47d0-8096-9e08d82c96df,1
9076d230-c58e-4511-8272-e3f3377424ee,1
907b8cd1-a5c2-46de-8ed0-063d873ec29f,1
6e9f595d-cb3b-4f1c-bf86-870f4c2227ec,1
523c4b23-1d85-48e2-bdd6-7e04befdb75e,1
6ea57db5-904c-4fee-88bc-b16d2bc08f56,1
908b65d2-e110-4571-aa68-4de776a7876c,1
909017a6-96ad-4d58-8999-3563f494c483,1
909530e7-7d2a-4403-a716-3524693dccf4,1
909a7f24-e77a-45f4-973b-08a45a3de7a7,1
90a0bc92-55b3-467c-9202-cec7442092c7,1
90a308dd-ee43-4794-b41c-d0771c789374,1
90a5ef3a-e46b-483c-b8a1-27ad3fd68fac,1
90a9f048-38de-4961-a162-ec9e53c9f066,1
90ae4c38-ad0c-4867-bca1-4398e84265bf,1
90b37ac4-d0fd-47e7-be6d-31e2d05e284c,1
90b7b44e-b3cc-4878-97a7-85aea07c2861,1
6eb99845-2638-4701-8413-2aecb2ce58bd,1
90beb844-abc5-449a-a3b9-129370696de3,1
90c40189-e143-4fd8-a5c6-96f0b7890045,1
546bb22b-d4ba-46ab-b86e-4c275af540b8,1
90cec2e9-f5e5-4411-a85e-dd747697fe98,1
90d5ed4f-645a-44aa-9e79-9206917712e1,1
90d8f82d-a3ed-4b0f-b4d5-afa518afca93,1
6ec62e5d-da43-455e-b92f-e3ba3f908e4e,1
6ec84f6e-f3b1-481d-9936-17f668e39168,1
90e5a676-9c21-4090-9fc1-3c7d9a7735c6,1
90e9869a-0144-4d76-a93a-023dbe8c00c2,1
6ed0ae31-9c4e-4b6d-801d-d7ede8d12d68,1
90f0b1cf-6d70-43ea-af63-c8833eb1ef28,1
90f3b0ce-ed7a-4b5f-adb4-09fa112e1cfa,1
6ed983fa-6bd1-4fe4-a707-6e99fe92b8af,1
90fa1321-c6d9-445f-a849-981a51b988f4,1
90fdb663-e3f7-47dd-a2e6-66a43206912d,1
9101d3a4-30b7-47a5-b88b-588565bdcc74,1
5f069428-e975-47c1-88ef-682ab9172d96,1
91075f70-1301-40c6-a710-336c3a93d60b,1
910ba4f2-d73a-4034-b116-4f69fcafd057,1
6ee340c1-455a-4d67-9f3f-079176b14110,1
9114f99f-a762-4ef8-9072-2b3e13e95e1c,1
911a5f85-2d80-4094-8db3-06e87d37a3e7,1
6ee896e2-69da-4454-ad78-03047693d77c,1
9121780a-e67b-42a6-8b68-3f91717195e3,1
9125387d-47e4-443e-a98d-ab8e32083bb7,1
6eec0cba-d851-470e-91bd-87d4022258fe,1
6ef05645-345d-4c60-89ad-1decf9f2040d,1
9130d302-97ff-4684-868e-650a8aefcc8d,1
9134b787-4f9d-4d3e-a6e8-497e91204e4b,1
6ef3b194-0f87-4460-beb1-12bf64cd2605,1
6ef4b8b3-8a56-4e90-bbcb-b5d16863bed4,1
914124f8-1c5e-4788-b90c-0afbd9c5c0ae,1
6efa8c10-2753-4df5-be50-9ec679f26ec9,1
9148a388-2e9e-4697-8b24-a12992988792,1
914cfb3d-d692-480f-b523-10a33f460b44,1
9150ea1d-07c4-477b-84e4-1874a3ae8c54,1
5f102d6d-f794-4b38-a998-a9db480a4ac8,1
5f12b0fa-d6f1-4026-bb7b-4805169b7bdb,1
915da17d-c737-4bd5-aba1-3e7ab1102ba3,1
916093bd-2089-4e82-a032-94ba0c54cee9,1
6f067f7d-d614-4e5f-9eea-53ef886108dd,1
916aae11-326e-47c6-8204-ab82680deb7a,1
5f15b846-6810-4a3c-9846-41fb17109000,1
6f0da8af-7cd3-4bab-b7d1-3d387609846f,1
91753e03-682c-45f3-8465-96f241b6e125,1
6f1161bf-3d76-452d-98dd-c6df1bba8b46,1
917d2b74-142c-4901-a85e-204cdf88a521,1
91800aac-ab65-406c-8137-e55d117d5d52,1
9184c2b6-6471-4a55-bfcf-fb4e96fec856,1
6f1a11b3-7bf5-4362-9754-aad56bea12ff,1
6f1c2dd3-db1e-4cdf-a230-55aedff710c9,1
9190a409-e2f6-4119-b8c9-9a388cefc561,1
6f1fbcb7-78dd-4ea9-9330-fa920be8ffbb,1
9196554b-28a3-4e04-bf38-cea7d6bd5be5,1
919b746b-7761-4236-a103-390ae74bd89a,1
919e6a49-614f-4d4c-9435-9f27aee643ec,1
6f26d3c6-4590-4a65-a950-07658e80a8b9,1
6f2851a6-ca7c-4560-bf97-d32075676e4b,1
6f2a2f68-3798-433f-9987-ab3b02d536df,1
52f81304-0720-4a41-9867-0cbfc6ba8604,1
6f2d28c8-428f-4089-8f34-c921e4d3ddaa,1
57dcdabb-0480-43d7-bd3a-3df55cd5e2cd,1
91bdd0b0-c7d9-473a-a418-806d9d3cae85,1
91bf9ac0-d1cd-4f45-ba05-ac07fe23f39a,1
6f338a4e-4fcf-4401-b090-4ac069597bce,1
57de6f10-9404-4630-88b0-2b20fb565595,1
5f2e778a-b2df-48f9-b6c4-5cc37540458d,1
91d03a5d-b8d3-46d1-8dc9-e97b38703916,1
6f3be2ba-53c7-4e76-b6da-abfae4bb205c,1
91dbc572-2a98-4d91-95ef-1ab0b6598dff,1
91dcdfea-92ba-4514-b108-267c897efa32,1
6f425d2b-ef36-4350-9f33-f44366863735,1
91e5dad8-a628-48a0-af32-e78de8b07ffd,1
91eb05f8-84cf-4feb-8c6e-fbcf5f3578a2,1
91eec33e-a220-4d60-9158-d6cc9909af6c,1
91f307c1-a435-403d-87c0-e1bc6d6b13c0,1
91f559f2-b487-4f35-b8a5-df6f2aebf5d1,1
57e22a8f-a81d-413c-a092-b4e3f82df203,1
91fa932f-b8ba-43bc-9993-6d81640e3ec5,1
91fff5fe-f1eb-4ffa-8b1e-75d0797415b6,1
6f4e6ad9-dc49-4fb6-9b8e-23a6fd974aae,1
9206d4c0-0f3a-42c0-a937-3bf646dbe199,1
5f3744e1-944e-44ef-8e63-242f9c050808,1
57e3fa53-4f13-4f9c-be4e-602f27677958,1
92126f7a-cf8b-4116-9c87-9d49a7718a1d,1
92167aec-4c1c-472f-8fb5-b7872e56ef6f,1
9219c3cb-eda4-4c3c-aa48-dc89796f59f3,1
921dab62-e83d-4f1a-b4ae-ecf0e68e28d4,1
5f3c5408-9fe5-4c8b-850f-1974af00f70f,1
5f3d85b8-b8f7-4d41-b6af-fd8b1a7a2c89,1
9229dced-b337-4778-a94e-e6759d3f2f1b,1
922dda76-d01c-48ba-baf8-26c2848a7c83,1
6f5e78b1-cee6-4c32-b486-1bea1d11119d,1
9236c327-953a-47e3-b4c6-20b174a982fb,1
923b2a5f-b948-4e3f-8337-626ffb3fbba9,1
923c703c-cf3c-41cf-b673-87bbcd97144d,1
92416030-9b82-44f8-b182-75821c425dbe,1
9246921d-e721-45be-9ef7-b143bc6a86ea,1
92488d6b-2a5e-4f52-8eaf-7f3f0ee937e0,1
924b9e83-c2b3-4f94-acc3-b09a242e60e3,1
924eac0e-1988-4073-8011-14fcf2173c54,1
9254a38f-9a22-4661-b50c-829420069b42,1
92577ad8-9901-4d84-97f8-fdb496ee123d,1
6f6cf524-340a-44a9-9ce7-bf8d4b942e3f,1
57edf790-217d-47d4-8819-00d4cf693489,1
57ee8d65-9be7-45d3-8df3-32be78fde936,1
547a88ec-e95a-4c00-98b6-2645a634237d,1
57f15170-dbd6-4131-988d-a89e44eccec1,1
5f4e9836-55a9-4f9c-9445-251d12277f63,1
5f50cfe5-ae7e-4208-b69b-fb906e7e6f94,1
5f5139d3-2233-4f93-96db-fa23fca3d4ea,1
6f7fbe66-d338-418d-a440-4cf830ceb1bf,1
928955e2-9ad9-4658-9ad2-49705c3ca107,1
928e5e69-b34b-4838-b058-1fde95cb42f1,1
5f55b8ee-bdd5-4624-98cd-af49ab09c08a,1
929432b3-db94-42c5-b84f-7d7c459d96de,1
92983443-4011-4ffd-a2df-6fcb473b2f69,1
929c8969-f17f-43d0-ad30-a5d1ca1451ed,1
92a0c868-1d54-4c07-95c5-372acd223aad,1
92a47306-8f26-4238-998b-bdc90692eb5a,1
57f44854-f7f8-482c-a30e-6ae9e5c4c427,1
5f5b1ec7-ec46-4198-9563-a56c8156a076,1
92b11027-ccc8-4c0c-99e9-0daeab9745bc,1
57f60779-f2c5-4392-8a5c-e6eba8ab4392,1
92b68ace-0acc-4157-8a5f-349b751a3602,1
6f9b23c0-08cd-4782-bc28-9ca4a011451a,1
92bfdf89-410a-4c8b-acc6-54176dd25f08,1
92c41b8f-7912-4ab2-a731-b77b9459e4bf,1
6fa1b98c-5f89-406e-b1ee-af95b941b6c3,1
5f6423ae-2a6d-49aa-8ad9-9a13acbb8cc8,1
92d2255b-3e48-4a6f-bac9-2347ef1f3e14,1
6fa9f0ef-5882-422d-8ad8-0cb3979f2e42,1
92dd29e2-dda3-432c-a9a1-8495c029f362,1
6fb00eb0-2069-4b22-b418-b533c48b0baa,1
6fb1d43b-266f-4552-ad46-afa445cbcb52,1
92ec5b39-4779-4b6a-a049-c9d08cc9f237,1
6fb5e1e3-6d02-4e8c-8079-36605b6e4316,1
92f24331-43a5-436a-890f-c66150b059b0,1
92f92b7e-df5d-4a9f-acdc-73ef8f5e0d70,1
92fe5b7f-88ca-4402-932d-02f2e5ba156d,1
9303512c-1d98-41ed-b829-510267c02abb,1
9305f808-1e38-40a9-8de7-45ead7a14e04,1
5f6f3059-b459-4d44-9a97-251ef6d8b38d,1
6fc3d9c8-b50a-4f68-9aff-dda145b8619b,1
93123aee-426f-4df6-be2f-3ae35f2a1273,1
93165744-4ca5-4d56-881b-d63583772e55,1
5f707c8d-f62f-4999-b677-9c7e06678a38,1
932325f1-86ff-4ed6-bfe7-e72ef1f467be,1
6fcfbe90-4da2-4d19-b537-0cf7d1968a2c,1
547f4627-f4bb-4d8e-88b1-632a9d6139f9,1
5f7365c8-017b-458c-8668-cdb6d74cfa9a,1
933a6ad6-22dc-4d54-8db3-29b90da65a1e,1
52414bbb-f816-4b54-b1c5-798ab934ed52,1
6fddfb4b-feda-490e-82fe-b40ab1f592bd,1
9349ec69-1e09-4aa9-a76c-7bf5f914a1cd,1
6fe11632-2b5e-4d40-abfe-7913668bb634,1
93531f28-7655-4b17-b2f2-e542acd98c65,1
9359de51-d993-497f-a3a8-0f9fb2f53ddf,1
935c6b0e-abba-4a6b-9c26-8b96f1dec5a9,1
5f7eb5b0-dea4-4f65-bc6d-635d2eeaf914,1
93658492-0d72-46ee-a71d-78a4ef633709,1
936a2432-dadf-4f7b-b52c-a6364752eccf,1
936de7df-80db-4769-80a3-613828fd7749,1
93715849-3ea7-4447-9306-15d44aee0c11,1
9374c58e-06b3-44ac-8457-88302b2f952a,1
5f837009-4f46-45fe-a964-f47d47276496,1
937d79db-c28e-47f4-9725-9de56e02df27,1
9381653e-baaf-47d0-bcce-99f5ef36cdc1,1
6ff6b022-f8cb-4c64-88ba-867bb3aba212,1
938a9cf2-1ea8-43e7-8c72-da97cf1895ab,1
9390cce1-4dc4-4836-800c-3c483dda9782,1
9395e334-b574-4908-98e0-6c00d9f8db03,1
9398dcd8-6f71-4e81-b8de-1a1b46bc5cf1,1
7000d984-0daa-4a0f-93d4-ecac6903f1b9,1
5f878dec-3378-4051-a005-9f70dce8e11f,1
93a5f61f-e846-4d15-ba69-7c54eef6c9e2,1
7008d7ab-fce7-482f-aaba-a0fb00d0b672,1
93b18dc9-79c1-4aca-b8b8-0100d476a78c,1
93b4d9aa-f037-4ce1-a0ec-9e60e5b07803,1
93bc5f41-584a-4fc3-8e4a-fa5aab1e2fcc,1
701027b5-bbb5-4bc9-8023-05334b654d9e,1
7011493d-d628-4b24-98f3-71ed51f6706c,1
5f8f6b29-f1d9-4ced-8e44-aeceed099a01,1
93cd9b9e-a7f7-46e9-b619-5e8bb98334be,1
93d090f9-0ce8-48ef-abec-c32a7bcd5d29,1
93d2e7dc-e51d-43de-aab6-14ea010cc382,1
54889cfd-d826-4842-85e2-4dfef3033b2b,1
701bee2f-b382-4223-afd8-184ae3b61a13,1
5489a87a-d7b0-47bd-b025-3648e5a7f74d,1
93e59832-70b2-4a9f-8a66-465ea9a77f77,1
5f98e904-0107-4021-a643-3cec7e253493,1
93edd49b-10c9-462e-9827-a015e19f796c,1
70261427-5a0c-4d47-9b0c-f4e989361955,1
702842f4-e84d-4b7e-b90c-09e5b312791d,1
5f9caa04-b8fd-4252-b201-9059e4b37165,1
5489fde2-b9d9-4876-929c-f8776fbbb72f,1
94002329-d560-4ca2-8be0-ac1930a9aad4,1
9402eff1-ab1d-46b4-ab3a-18a242cf0a68,1
7031fbf6-ad1f-4a24-8145-78b07d0f7da8,1
530364bd-e7ec-4aac-89df-768db43dc8b6,1
940d30e1-a8da-492f-9e88-66a75278f125,1
94101595-e911-40a3-be0e-9d4e5ffc4c29,1
94135768-7033-4a3c-ae8a-4808eccc866e,1
9415965b-a9d0-42e6-86a3-7444396ff61a,1
941957fe-c6fc-4801-b376-67f3596c899f,1
941cdaf9-cc6d-475a-8d40-6eb28ba6de75,1
5fa3bfd9-4a7b-49ae-86c8-a10aeb357c3c,1
70425419-fc40-447c-9d86-6fcdd1af8f80,1
5fa66e88-df9d-42d5-b745-9897ed0071ec,1
5fa68a3e-4eb7-452f-91cf-42e5f4aad373,1
943672c9-c9c2-414d-b068-618b392cfbfb,1
943a9ab5-5b23-4421-8934-6591a3357b1b,1
5fabad74-4263-4f50-863f-f81f25502a68,1
704ccdbd-5a71-449b-bc4b-4ef1dec10a45,1
5fac99ca-bda8-40bc-b556-2599f878a291,1
70521d65-7d40-4613-982e-353cf8be893e,1
5826ca34-8b60-4409-b96c-3cc4b5b38426,1
70547aca-7021-4249-9532-85b573511004,1
9457b785-7942-4e37-8406-a08ea3962fd1,1
5fafec2e-1d46-40aa-8109-e68f8f489638,1
9464405b-3a18-4a73-924d-fdfb852c6206,1
9468662d-c0c7-4a33-8faa-be84f3996230,1
58295ceb-add1-46b2-a69f-a214ae840816,1
9470685b-c593-456b-835a-4989df34eb16,1
947366b6-768b-4bde-afed-f689f15d2e3f,1
94780176-7f0b-4431-99a3-85dff527be06,1
947b13cb-bee0-43ff-9ffc-9d19075fb561,1
5fb76172-8d8e-4f2f-996f-c9593eb9b6cd,1
9482fe40-e34a-4018-b165-989b809046c2,1
548f8edc-c17b-472d-8c86-a4b547a99486,1
948dad37-f439-44e4-8932-2d47b44d0d91,1
706c4727-3bcc-49e1-949e-19f6d8b736a9,1
94973c30-a36a-426d-8072-1abc9c9982f7,1
707025a5-6627-48f3-9da7-3d5d3847578d,1
949ed73a-bd39-4e10-b773-0f0411077543,1
94a3d64a-a4dc-4fac-b300-18c3f59f44f4,1
94a82aff-37b5-4362-9ad7-bf6256505b43,1
94ae9c65-d8ef-4d0e-825b-0b0934bdf403,1
94b4f649-bcb7-4661-8377-f781570398a6,1
54901cfd-6ff9-4fcc-b2a2-f8e4f80b0c1d,1
94bbb541-a518-4a7e-9359-f575f3302872,1
94bf0a6d-df85-4172-aad4-dded996e5991,1
94c35240-4049-41ab-9f92-4bf4d771c63f,1
94c62f3c-0d3f-4f91-803e-4b042e8c958d,1
70870b6d-f55d-4310-81fe-e4d0cdd47b83,1
5832fc75-64b5-49f9-a94e-d0f6832d1dda,1
94d01f58-779d-4eb9-bad9-a2dd0a33637a,1
5fc97dcd-d7cc-4942-9590-7f22997c2fe3,1
94d8eaae-1586-40b5-9939-dad8f545b99f,1
708ef170-df63-4e00-82f2-dc57ad201790,1
94dea1bf-9b30-486c-bd09-95e1f9bc5214,1
7093c54d-6b9e-4c80-8216-5c30ee2fda52,1
5fcd5e4c-3f87-4794-a30d-ba8d24a1ae93,1
5fcddc77-fc97-46a8-90f0-e1280d94cc2f,1
709aaba7-ada7-45f6-93f9-c490caa8e330,1
5fd0f724-0e59-4948-8e31-19e10429c045,1
94f634fb-312a-44da-860c-e4ce54378b90,1
94f93c8e-b9d1-424d-a82f-78b194523db0,1
5fd14222-4a9c-4341-8836-dab934d231c6,1
70a6faa1-62d7-4d1f-8588-f98194ebcc9c,1
9503b92b-e118-4587-8d33-a32727a81467,1
9506c1f6-1277-4f11-8169-e48469038d08,1
5fd4abd2-a3a8-41de-966b-065767072ad6,1
950e7df3-8916-455d-a8e0-0fa3a9bfaa16,1
9511b8fc-cdb7-489b-b739-cc809c2faf7c,1
70b357d7-6ea3-41ef-bbaf-54c5c4fc944e,1
951b8f9a-910a-4dc0-ac5a-9a0f5b810c5a,1
54952e90-aaf5-49f9-b938-0b046dab0822,1
9524e413-1f7a-4d37-8dd4-db3d2127a21f,1
70b9af4f-b502-4726-af83-3a18e6db8f6c,1
952c0283-85a2-46d0-82cc-715e22f0210b,1
70bd969a-b110-4792-b41b-1f2859418549,1
95354462-24e5-4ed5-8ee3-72199e23a031,1
583a34f9-6e6b-494f-9f92-84d7da8e8fd4,1
70c6128b-3be6-43a4-97cc-8f399934b574,1
70c86209-1185-4ace-aa02-30164a739975,1
954232a4-cb42-4f3b-b99d-b72481a28680,1
95462202-73d3-46bb-a127-08858c506390,1
70cb336a-9cf0-457d-a4f9-9151bbcabcdc,1
70cc9159-1891-4abc-bbe1-f80084f7646f,1
9552eced-6f9a-451a-97a9-3a7fbb2ffd1e,1
9556614c-3ed4-4833-9424-8cf18b04f7b4,1
955b6937-e692-4610-81e5-b2a96bff80cb,1
955f1045-9ffc-4a84-b7d2-b15189dbfb63,1
70d23344-dc9a-43f8-8216-c552ddb2f908,1
9564a92e-f199-44f3-80b4-9ad912aacc91,1
5fe99382-0171-4150-8c81-2f497e9dd200,1
956be0b6-a640-4d1b-9f2f-3ed58503beb6,1
70dc1ccd-b894-493a-b8d2-b7fab7019680,1
9572bcd7-cc53-4e66-9b80-f71ad85bae3a,1
95775e4e-d9df-4f95-8966-b13be7185f57,1
5fee8e37-e595-4450-be99-a655d1287a85,1
95808baa-09d7-4b92-81f5-b6ebaedb9981,1
9585d673-c8e4-46cb-b798-ba78ff0079b6,1
95897f3e-f815-4a66-93d0-6098fa0c67f2,1
958f8c13-00a5-4e20-8c7b-ad47a8b3145d,1
70eb3bb5-2caf-4c45-a277-fc132951075d,1
70ed13e7-9f5a-44c4-bbad-ec8c53c365e6,1
959d2fdc-548f-4e39-9b42-17fe0c0fdf0b,1
959fda3c-7592-45cf-ba26-d3b8cfbfe5a5,1
95a3c105-64df-42b2-89e1-d49baa2a512f,1
95a675e8-186a-48fd-a15e-ff2a6627a428,1
95a97df0-761c-4935-a695-7ef9630b0f61,1
95b052b1-0790-4e4b-957a-634b9e71bd83,1
95b4b78e-8ed0-41cc-95ba-d6842ff00527,1
58474273-19aa-4e0c-97cf-54d644a5c5c5,1
70fdc919-9bf6-46c8-a7b9-8aa234dc8bf1,1
58481993-fbf8-4698-95b5-99c2874b20a1,1
549dbcbd-27c3-4353-b263-5a55dbd56d0b,1
95c5fa49-e2f0-4419-98b3-822caf9f73c8,1
7105f33f-6a32-41d6-a060-1d73c9047c24,1
710a6a14-81b7-47f5-afce-d72dd602dabd,1
710bd8af-343a-4536-b14c-ec6d447e474b,1
530cd1c7-2dfd-4044-8c8f-a5b1882e53b5,1
7110113e-d870-4d44-97bd-a34b3f6fbde1,1
711092e8-2a6c-4159-95d1-d4216a2237bd,1
7111b112-2376-4878-b52c-f6d5d6655c52,1
95e31d13-21f0-434a-a898-b333844ecd88,1
584d0dae-cdc7-44ca-a41b-dded672813e1,1
71198c60-795e-4d33-adf9-b682b5cffe3c,1
60044ee2-04b1-40a1-8406-c8d59a112c68,1
95f603bd-2a93-44f1-a9b6-f2ecede7ac19,1
95f965a4-22a6-4dce-97d6-f37e233fdf29,1
71225f7f-5c93-457d-a7b2-0a68bd8b14f9,1
96012741-30b2-4a7c-b1bc-522921b97ba4,1
7127af8e-1db6-4d6a-a87f-60ff4498e5ef,1
96087840-f783-4599-9ab8-cb7c35caef4e,1
960ae42e-6216-4481-b1e4-341a31bbecbe,1
960def50-69f2-4c69-908b-de330874f34d,1
961338ae-027c-43e8-8dce-f7d93f2ce421,1
9619f33e-a43b-4fb6-be5a-c1ce89731a56,1
961e4a28-1467-4e80-844b-84d9d0b5cedc,1
962109d1-5093-4bf3-b911-fd3b9de2e823,1
96260697-c2b5-4931-92ee-043a5a4a47fd,1
9628f45b-c55c-483f-8d8e-7efe325e77e3,1
600eb2bb-8fad-4052-9d91-1a20a50a4183,1
96313fe7-9f22-471d-ace2-e5689ce2cf23,1
601038ed-dc29-4f21-8b64-3dcf53edf67b,1
713b7498-e58d-4de2-b0c2-bec21e008705,1
963e2773-5536-4bf1-adaf-d927cb980021,1
71410067-11cc-4660-95a0-f529786a9dd5,1
5855bcf0-a2c8-49b8-a14f-5ecae767d20b,1
9648d61c-6b9c-4fe3-b821-9f88dc75878e,1
964b98b4-db45-47ce-ab6e-39c12f556ac4,1
585690e8-af98-46da-8d15-9da89a8fe441,1
96542934-c469-4113-bdce-cced7c3c4a44,1
965701ef-da77-4422-8c7b-6b2310da3a5e,1
715222f3-8389-46fc-89c0-10e2cfcb0640,1
601b23c1-d4db-43dc-ab4f-997f3a4575c3,1
9664b622-5fea-4433-b9dc-8c96aee6ea9e,1
9667e03f-d94d-4f93-bb2c-fe1bde751723,1
966c06f0-7a5b-4fc5-8eb1-f513c02f246e,1
967188ba-1fde-4258-8528-a772f3b810eb,1
96765dff-b689-40c0-a994-e57ed835f623,1
715af6ef-3508-42e7-889c-70cfe001f502,1
967bcce3-4430-446b-bfad-a6c966e87cc4,1
967eec57-f745-4c17-8c01-d01793779cef,1
530fc759-222e-477d-ad2c-3fe9d43f42da,1
9685b3fb-7d87-418c-a007-d70310452a36,1
71653843-11fa-4da7-948e-b2aa49a240d1,1
968d25e0-a659-472e-9303-15777a79eddd,1
9694a85d-284b-4b28-929c-e1c8442e3d99,1
969aa473-ea50-4e83-a46f-a0d9b41bf437,1
969e617a-1f4b-47ce-a8e8-b2f67bbf2fbe,1
96a1bd0c-6df8-43f2-b88b-372e63978606,1
96a48e6f-0e53-4007-8f82-c9bfe5ec4fa5,1
96a9f6fb-4d13-4d73-ac52-ec654480876c,1
96ad8631-ca64-4a31-806c-b5811816266f,1
96b2a136-2fed-4037-b7b9-99a9240ed535,1
7176c03e-0710-4a5f-9874-675fc895c289,1
602d5b0f-cf5e-4f2c-9eb7-4d37a593b710,1
717bec27-c6a1-4cec-8da5-f280e6fcba54,1
585eac28-c52f-4417-b362-8688e90a3346,1
60328c80-48df-4c2d-ad3d-5f1d77e026be,1
96ceed44-3917-407f-b6cc-516a30a33cfb,1
96d2bc7f-7a47-4078-bcc8-47e6704da447,1
7185f675-7723-4652-a4ca-33d9e3eeb3c2,1
718872bf-8991-4d5d-a8a2-d897fa42cf99,1
71899368-0475-4752-aff3-b20d47c3acfb,1
96e3e253-5f3a-4f82-bccd-35b824ad8419,1
96e8e45d-6ea1-4bc3-a317-63b262714828,1
719241ea-f448-466a-9be5-7824afa72e5d,1
5861e4cb-9b18-4e40-9e86-339fada46d1d,1
96f53624-621a-44e1-880f-198aea88af6a,1
58633408-b1d1-46cc-9d1d-92156e6d95aa,1
9700f5c0-e237-48e2-b8ad-ac8009f32365,1
97041a40-d96a-4907-b998-314da5b97a34,1
603db688-b0f4-4c9f-ac19-2962fca25962,1
970b8eb4-0b85-45cb-a403-d3ad6d6e7577,1
970e2539-3788-4e8f-8b27-ae5c3c957593,1
71a0eada-7aa4-4f92-8e75-0afae2dff4b8,1
9715a7a1-57b3-46e3-8f4a-093be790ccf5,1
9717b2a1-9215-4db3-a686-c32638233e5b,1
71a43f40-2a1d-4e4f-b329-d34d1621711e,1
972259e6-98c9-4923-9220-2684d41eeacc,1
71a9c811-f364-4b36-92ee-9622822bf450,1
97289399-11ce-4bfd-84ec-06f98367f83c,1
586d705d-3f9e-4722-b065-3051cc84e42c,1
71ae843c-b1a5-4eee-b2e2-d17e56176037,1
9737b225-2017-4257-bdd9-1b61fecc866d,1
973a5f36-4244-4849-b1d9-22bded07e06c,1
604875d6-dd2e-44ca-9ad5-f481351f4a2b,1
71b5252c-0e63-4b1b-912c-2a0b646726b1,1
6049c168-61da-4b69-8f06-97f733dfda9e,1
9750d7c5-73d0-4f44-9c6a-abdce0b09690,1
604c28c2-3d15-4f6e-b63c-7fe29591c85a,1
975d509d-3fd4-4f61-a84d-2a993c068aeb,1
97618400-a515-44d9-8550-b36f8d0cb2f1,1
71c11bb9-2b63-409a-a4df-3ad63b835522,1
5873ae6b-4c8d-4934-a4d8-315a21ead5f8,1
71c5ee11-ff8b-4da8-b9ac-794095b1e355,1
58748591-7560-44f7-81cb-a6a208b4f7a0,1
5875cca3-aaba-4560-998a-7fdb097976e2,1
977bbd64-cb05-4030-a198-dccf7d261d6f,1
977e3325-0a13-4613-8bd7-5196eefe9a77,1
97826cac-715a-43e0-96ba-daf8c96c833b,1
71d24d75-29ed-49be-830c-86e74320bbb1,1
978ac2a5-abfb-43f3-a228-b2953c9e5938,1
71d627d1-14ec-4f17-93ba-f3183e74219b,1
587aa528-f0b3-4ef1-bb2d-f73a7fdb3858,1
71de8a89-17ea-4ade-9e50-a71bb7f4c811,1
9798b18c-ce58-4378-a58e-9f43a7689139,1
605f4ccb-cbfb-4687-87e4-0c48a3f68b30,1
71e2148d-be5d-4634-acd5-14f587881241,1
97a803ca-235d-4b5f-a102-c1cfe784d79b,1
97aaef79-a4fa-4b4b-a639-73ccac9e9e85,1
97b03b29-8b7b-49f2-aa6e-2820c1dd0f60,1
97b73a17-aeba-47c0-a928-b5bc6dd217c5,1
97bb0578-d86b-4287-9c3a-912b20ec93e8,1
71efd28b-d8db-40a2-84b9-5346d2a2f33f,1
97c4b450-8126-4a39-8be2-91ea767381f7,1
6066c7d8-aab0-4da2-810b-ffeaab323521,1
97cc112c-511c-4959-bf57-dc8390b6b8cc,1
71f72f24-da85-4e1a-9831-b70ad5b852c4,1
97d73e83-e464-49bd-9f6c-5f4ff0e79120,1
97db9d43-54d2-4283-b884-f549ad1a4cb6,1
606df8ff-2593-4ee4-94a4-3df390d347de,1
97e4ec01-1427-4a02-8599-ccc91dd4ed50,1
606e2b19-3bee-4588-b427-7254d8d1698f,1
97eab47b-9980-405c-829e-d33fa41ddb68,1
97efff92-0924-4b1e-8556-c7d4a681298f,1
97f405fa-5f2f-45c1-a252-b5a2b77482e5,1
97f764b5-14a2-4a14-8c96-8636b49dd71e,1
97fdb9f2-a461-4780-9e77-6a7de3735024,1
9802dc4f-5b6f-4f10-8f45-dde25748fcc1,1
9806ff07-dbb9-4993-8045-5cacc6adacef,1
980becf0-7d4a-4bf0-b5a6-b6b054864a06,1
7218de0a-02b3-4d0f-991f-1b1beafcf4bb,1
9814999e-9898-49ad-9393-2596e0cff617,1
981953f1-35b7-4cee-b1ac-f560dea5c1a4,1
721be9fc-035c-4d37-9f1c-6a8b44822052,1
98229d7b-deea-460f-b6b8-8eab64921fd6,1
7222ee55-97dd-4d5d-92df-633f23a853ff,1
982b66ee-a3bc-4b3d-be92-53262dd9f0dd,1
7228dd97-a4ce-4f0a-82fc-29f36f7b2419,1
9834d436-9e7d-45d4-9859-9f85ccde0297,1
722bc86a-27cb-46b0-9550-64c50e061a6d,1
5887cd9f-2882-4215-95f8-9afc28c49c8b,1
983df7f5-ef98-4c99-92d1-32bd485d022d,1
984373be-823b-40fd-a520-905dac5aad7a,1
72335bb6-3fa3-4d68-8261-1a5df0b53dc9,1
984dafd4-37ac-44bf-8f9f-f39c05ff5744,1
608787ce-2542-423d-80d2-cfd67125b222,1
588bce0d-d423-4e88-9443-470515aedd22,1
985c141e-38c1-4106-b10c-4f37b841c123,1
9860f557-7553-48d4-8ee2-a8fb8d2d8c76,1
986418e1-0785-4340-a850-ac0db92aca7c,1
588e9157-9a13-42ef-be1b-7f9bb114ca27,1
986fa91c-6629-4d89-8f77-fd01548cbf2e,1
7247507a-5b0d-4594-94c2-e9c904ded5ce,1
9879d5f7-2a68-4921-bc6a-81eca8446da3,1
987da5f4-2a5d-4b69-8551-6a6d8733d0b3,1
54c47809-2fc5-46da-953c-a21edb240872,1
60939f12-71a5-4a37-b52d-7b367b629f50,1
7251a16f-46b5-44dc-acb5-5f45432ce3e9,1
988ed8ef-9dab-4485-bac5-bf28613a4a3d,1
9891fb97-1d08-422a-981f-d69b884a21aa,1
9895627d-6482-4576-b4b7-97b6efec6ceb,1
7259192a-7738-4cfb-9a81-55062677fb04,1
989d8fae-ab6a-4328-959a-4ebce3d8c027,1
725bcaf9-c86f-4833-909f-138bde89ddcd,1
98a7732c-d3d7-497a-9a20-37c17046d68d,1
98ac79aa-3b04-4656-9111-73fde2d28467,1
98b0839a-8eb8-4f77-abdc-d70dbfb0a8c2,1
7261cdf0-2219-4d21-80cb-0d7b2a018809,1
98b5951e-c2e1-4c73-9aba-9dd9ca25eb3e,1
98bb43d7-cf2c-42af-979d-d1c9854f95ec,1
531d69c8-f092-4a45-a385-f967cc143e78,1
98c55479-e467-41ba-9f63-11c0e678cb3f,1
726c86f5-d78c-4bf6-9add-699edc0b4517,1
98cb6fb5-3a4d-4f8a-afd1-8bf30953925e,1
7272c9c7-91d2-4c49-b458-02decb8a0320,1
54c5de53-b30b-45b4-ab4b-03c946cf9a3f,1
98dba31a-7bdb-4c25-8047-d537d6ad59e2,1
7276a000-6061-46af-b331-9d9d5b706344,1
72776aa5-d76e-4a42-b547-dfa5c4df370a,1
98eaa2fc-5d4a-4f5d-8355-ad12e890420d,1
98ed0d5d-11fa-47f9-90a4-a5e0366ebfd8,1
98efa408-8a82-439f-bf94-1d541037b747,1
98f3157b-9207-4027-988e-ee0dadd22351,1
727dec6f-8d4a-4bb3-8b81-4341705b4d53,1
60ad5b04-be3e-49a8-a7da-9716e07e2614,1
60afc226-c459-4e24-8fd5-a230173548b3,1
728454c2-3afd-4851-804f-3e1b6f4f6d83,1
9903a1bc-d737-4cf0-a935-917da8910df7,1
728ce3d1-f0f5-4da7-add8-513b9bae947e,1
72912154-d644-4dde-963f-f89ad4030957,1
990ea58c-259d-4819-b2b3-cfac015aeeeb,1
991292fb-3911-4638-b158-7873ca702396,1
72952b3f-8cfb-41ab-8c47-1535776a7e6e,1
72960d8d-fe23-46f6-9fdf-dc074a12e54f,1
60b7ed53-0051-47f8-bdb1-be3b47d9f32a,1
9924118b-bfeb-47d7-bdf8-6d85b07aa743,1
729dc581-6f41-4d69-8284-f2c7847ddd4e,1
60bcf554-1826-4660-9e46-69f263bad1fe,1
72a1f29e-24d7-437c-a078-e1e65a7138e2,1
99375509-1971-4f43-8902-f40cfec78c13,1
54c985b6-6ac1-4f74-aa03-3b4a62a5a21a,1
993cadd2-645d-4fae-a5eb-dacf4b317588,1
60bec2b6-0ce6-4dac-9cbe-5a4e5660bea8,1
994770f5-2993-45e7-816b-c2beb0e63ea8,1
72aa06bf-5787-4807-9033-4ca93f199fc9,1
72aaa137-8e77-4c48-975b-fe71030ff018,1
72adf540-fafe-45c5-9be9-1c75ab8a2747,1
58a11008-7985-4015-ab95-a84b2b9d9532,1
995deddb-ef73-439f-9f1f-873fcd7a9da9,1
58a12f46-4d82-4aeb-ac60-0c91f729376a,1
9967ed63-f195-477d-821c-1a46841b54a0,1
60c5fa5b-353d-4828-818e-268d1d0731e5,1
99719ae0-4b17-41a9-9996-449c0eb8c47f,1
99747603-b65b-4d80-ad20-b26f62c77cda,1
72bc906b-066a-42dc-9f82-3386d609ff24,1
997e3228-c5c2-4703-948d-62cb589ae51c,1
60cb3304-aa7e-4977-a15d-965fd98cd942,1
99841fed-4a16-4e5a-b8af-289f00bfde6c,1
72c6b659-00e3-455c-8aab-0877df5c9b3d,1
998da931-c2a4-4bf7-a83e-6833300cc327,1
60cee303-f988-4946-a1ef-99f5ac02724f,1
60d2267f-f259-44a8-a548-eb80f7c0508c,1
72cf996a-c9da-4662-b3ac-4986440aee76,1
58abe587-ab0f-4aa2-8a49-e6c9a4fdf495,1
54caf8d7-9d61-4164-b31f-2e3e14c8d661,1
99a6c204-d56f-4ee0-a509-8433984fe92e,1
58ace219-feb4-4972-b24b-e138461ac3b7,1
72df469f-da17-488f-8990-afdc86684f40,1
72e09817-a697-4ee8-a44b-ff837d8b4a57,1
99ba4939-a431-4eae-afc8-2c0394893aae,1
99be007a-7a99-45d2-b376-09367aaa8552,1
99c04b0b-866f-4a2c-b2fd-a98d5deb6d9d,1
99c33af5-f813-4ff6-a28a-bb53eec34ead,1
99c6e36e-63e9-4b34-b4cc-4bfeb2d62dd6,1
99ca882f-4327-492d-a559-f06c29f8d63d,1
99ce1f76-6914-4a56-bd15-538cb5bb8299,1
99d27cd2-60d8-4e8e-a08c-f57580b489dc,1
72f0d3f4-7e3c-47f7-80df-8f634647176d,1
72f27b1a-fb60-47fe-ad97-81a9afc9c18d,1
99e0359d-c66d-45b6-a04d-b2116db69b5c,1
53236263-a93d-4402-9928-f74bf80b14f2,1
72f73c81-b72c-43ac-9631-e8d6ddfd042c,1
99e94ad8-844a-4787-9a9b-a9476870cf03,1
99ed8946-a113-4cba-a11c-b7bb487054d2,1
72fc1785-0d6e-4236-9e1c-712f4ab66883,1
72fe00ae-5aa3-478d-8362-2c4fea6da648,1
60e3c14f-fffd-4d17-bf41-2e09b04f1f22,1
60e560d7-fe68-452b-806c-1287f0d7e1c3,1
9a014556-f3b8-47a5-8c90-f6413bf6b43f,1
7305651a-b676-4129-ac3c-06147d885fe1,1
730714db-656c-4c4d-b825-1d48d50c5870,1
730924ee-9b29-45a3-b38a-1257090ad461,1
9a145abf-08c2-4162-9e51-07f888ae9ef0,1
9a183c60-ba08-4413-b762-0c9f64d377bd,1
9a1c82fd-5be8-4608-95fe-08f2df9bdd2e,1
9a1eba65-718b-44b4-8e57-a1346d96b776,1
9a238e31-b9c7-4a9e-a7e5-86ee60054921,1
9a280754-913e-4442-83b9-704244f1afa3,1
9a2dc6da-9b62-439d-8eb5-681035240926,1
58b84a9e-4c05-4f27-ace3-719cb6a7213f,1
60ef35a3-8bde-4b44-98d4-58fa3bc1e372,1
54cf43c5-a30c-476c-8632-258f4c2d49cb,1
9a3cc74b-5a57-49ad-a2fd-d60d3c006837,1
9a3f3b7c-da18-442f-95ca-7b5593161265,1
9a420c4e-c25b-453b-a303-27e610a4f237,1
60f34376-3725-4262-ad65-8d0b9d1737c2,1
9a4972a4-14db-40c4-9709-a5978ce16e68,1
51e64aae-55cd-44fe-8901-45e35b045177,1
7328515a-10e3-4eb4-bd26-54a7a52ad330,1
9a55c813-c748-4801-9796-ce38e6e38b23,1
9a5a240c-3757-453b-925a-d854fbb76b8c,1
9a5b6026-eab0-4854-b1ad-8a45e81d25a4,1
732ff1f4-a3e3-4040-ad24-9ad46c6b3e07,1
7330f4be-3747-4440-832e-b6f821cd095b,1
9a647f3a-dfd4-4925-93e0-820d9ef44682,1
9a68bcb0-6ced-4f5a-811e-108ec9f77513,1
9a6ddcee-3723-4d02-b0cf-17e3270c561f,1
9a7182dd-3060-456f-8dc9-4b4e297256ad,1
9a7929ee-c6d0-4fa4-9a9b-59049bba731e,1
733b05d9-1512-49b4-9dc4-72b73692d5ce,1
9a822e1a-cf68-4489-a68f-0b70335b59ac,1
9a855c5a-9b87-4128-82b3-2b0ddf618680,1
9a88cf94-006d-4832-a869-0ac093d4795b,1
58c4e1c1-0efc-4eba-9376-2144b825252f,1
9a90406f-8138-42d7-8f08-cd3759683a3e,1
6106f905-66a1-4e71-93e6-5916cc1e6c88,1
9a995c14-5946-45ab-ac14-7cc8d85044ec,1
734a42ab-d805-4cdf-add2-aa3ad342992c,1
734cf704-f709-40f0-854c-ff32440f561c,1
734e2dd3-4a3f-4a94-b2b6-0b1cb8f5db82,1
58c74b12-dbdf-41b9-b2e6-43ffbf5f17e8,1
9ab34887-90db-432b-88bc-316d0618126b,1
73540db4-5db5-48de-a51b-4bf4cfcb44cc,1
9abaf765-a08a-42a3-a5b8-eefc4cf47ad8,1
735bae93-78bb-47c4-8276-d37bad903468,1
7361db59-17ad-41cb-bd67-ddf5ef2265e4,1
7363f8f7-4a51-41bc-bc36-cccbd852767a,1
61131e77-2190-4fc2-9bba-dd9900ae6216,1
58cc5e6b-be8e-42c2-94ae-ff68a5fe63e5,1
58cc83c1-a4f6-4d0f-8fa2-acbeeb5431ab,1
54d67d2f-2172-4f45-98eb-f55bce005160,1
9ad61370-1345-48c3-99b7-e9c348c9a404,1
54d681ea-2272-4b94-93ed-3773dc0bcae8,1
61176779-f69f-421a-94ab-bf357d04aadd,1
611a0821-fe54-473b-918e-83d3cd535b5d,1
73772581-b73d-423d-9cb2-727f4cf2ebf1,1
611ba5fd-eb9e-4938-8b07-b00c10fa87eb,1
737b0c44-2764-40dd-b293-523f981a2637,1
9af35160-75b4-4ffd-a370-9dc1c1c0fd36,1
611efe31-8564-4905-922a-292d6d4fd4a4,1
738125cd-d804-49db-b953-868c4395e713,1
9afdde97-7ceb-40f8-82cd-38bbc218c7b8,1
73852b64-527d-47d0-aa1e-655c4ff07bef,1
9b047417-f26e-4abf-b0a2-8dee54f943c8,1
9b0ace9d-1e25-4b4d-97ba-38695a4fe509,1
738bd720-7ddd-4767-8eda-f34500b78bb2,1
9b131537-16f6-42cd-80b9-0f265fd5fbbf,1
9b16c823-db02-4630-a436-e0cfabe7c41a,1
73943d7e-4457-4391-bd60-424a3a40ffef,1
54d93abc-3986-4818-87dc-3ce17218e773,1
9b229466-64f9-4c8f-9f3c-09982c198773,1
9b259d60-3644-4efc-8235-dd35ab7f2d6a,1
9b29d6a5-33c8-41ef-981a-bcc31ce6d612,1
9b2f066b-63e9-4454-9bf3-fa32dc70457d,1
9b32c823-c19a-4c16-af1d-836e86d35fcb,1
6132aa10-5460-4bbc-b6b0-70a19ab5e550,1
9b3be82e-6231-46ae-93e9-c5c5538e52dd,1
9b40c765-f50f-4165-b1e5-cbefc07f2912,1
9b44f2e7-4a64-4958-a20e-a28944df5e83,1
73a7b658-9d37-4b90-8ffd-974280902b41,1
9b4c21a9-73dc-4475-a587-e5bda8966d74,1
9b4d99a1-49a5-4814-ad12-1cef020d2667,1
73acc7af-ab6b-4f52-8067-91449e97f4fa,1
9b56b2b1-855d-4d74-8837-bb5b126108a0,1
9b59c683-2332-4cc6-95ef-34bb88faed50,1
54db61c8-cae9-4ebb-99fa-aca39cb95308,1
73b36a7e-6dec-4af4-abe8-c908f7c52afa,1
73b4ba11-e630-4062-817f-02ed7eb3c476,1
9b64b046-e87d-49a4-a739-5198cc2521c7,1
54dd2a4e-847b-467e-8ad2-c03e2dd326cd,1
9b6b99d7-b981-44d1-8fba-854c15d0432d,1
9b703fc3-5d2c-4246-934a-016fac66326b,1
9b746711-30bb-43cd-b9d7-a7ca7c99cb90,1
9b77fae1-af21-44e4-b0cf-c567d2da5b56,1
6145fb8f-0659-4191-8084-99bddc5f81fb,1
9b7f2b96-88c5-4b39-bcdd-963727e4edfe,1
9b81d7ff-f62d-42b7-9f7f-5d065e148ca3,1
9b84ee81-5207-48cb-a28e-38ef74519b51,1
73ca0bb1-2291-4ff1-a923-1388b9475121,1
9b8de0fb-f448-4465-b2a6-db8242e383cb,1
58e00977-06af-45ca-aedb-936a5fc2f31a,1
73cf7a58-4e88-4da1-aa19-a5866b805c55,1
9b9cfa49-4646-49fb-b0df-0b21dc47b800,1
54df530f-4044-4ff0-be55-18f2ff3e2826,1
73d7c4fd-7e79-4889-b882-7326ea5c5891,1
9ba9580d-82c5-41b0-9da1-78a779239d3d,1
5329fe83-320f-4c32-bc2a-d06cfb7d8c0d,1
9badfeec-d025-489e-85e2-f5cd98c7761d,1
58e59948-bfc4-46f2-9286-55984821f04e,1
54e0a50d-a3ec-4252-bde9-dd6e0fb16c2f,1
73e36b71-4fdc-452d-b6d8-5a905bc8a69c,1
9bb9bd28-fdc6-4cbd-8c63-96ce5e337869,1
9bbdd6b3-82fc-40b3-a757-8b9d277b3a00,1
9bc3dcf4-8fd3-42db-9384-dddc2e20e061,1
9bc7f477-c846-4ef9-8631-568d8fde145c,1
9bc97d7e-c4d8-4fe9-9f99-ac42dde567ee,1
615b9441-79d7-48dd-a512-8c7700116bb6,1
615d0096-aaa1-4edf-9217-97a2e440bc25,1
9bd8d663-1aff-4d69-a49d-61fd6279f6a1,1
9bdcd006-85ad-4232-b2d1-14073ff2e38f,1
73f0cf44-c431-4442-bd91-540fe6a3e8c6,1
73f37e5c-687d-4ba1-ba40-634960452e38,1
9beb5168-b43e-421b-9abd-8103aff168a9,1
73f6bd26-0e39-4a86-bc9c-2b1454619965,1
9bf3e286-2bf2-480c-b447-973255f21564,1
9bf63a66-caeb-4a09-8867-9b5216fc8480,1
73fd65ae-19e3-46c2-b7c7-ea537c004c5e,1
9bfbd8db-f034-4894-b1db-7ba113951b64,1
9bffdff3-2e62-42fb-b1b8-f55b55cebc66,1
5252dd03-304d-442f-9fbe-1f187a9530d2,1
9c059f77-1434-4b2f-9e1e-ed3afe5b662a,1
9c09b192-ee90-4448-bdce-79211768f22a,1
740a40c2-449f-4760-9d94-6dc613cde116,1
9c109889-06e3-46f1-9395-571c204247c6,1
616db04c-b13a-45f3-90d8-90b1dd2bba3e,1
9c1c1a64-561f-48c5-b0b5-0737b6b14ed8,1
9c210236-4103-47bd-944a-e8d4dbd0c3f1,1
9c25a82e-9e8f-4b24-bb3e-b573b3447797,1
9c2a872a-4f25-44d4-b711-6b99e8a97f73,1
9c2ed5c8-6f16-4e94-ad6f-75c51b717b01,1
5253546f-f350-4f23-b211-d116caf7c526,1
741fa6c4-b193-46ea-aa12-7633bab591bd,1
9c3adb51-2d63-4ddd-b82e-988cb3a6f4c9,1
9c3f739a-aec0-405a-9f18-92d696d810a9,1
7422061c-cfa0-49e1-8181-ece9546e0f5d,1
7424c2c0-3c67-4f3a-a729-d056be456771,1
9c4b1e54-a41f-492d-9742-e0ac195f66b9,1
9c4ed1dd-db04-4c19-a390-decc4077ac6f,1
742b2f0b-7085-427f-b93b-583f58bbe3ac,1
742f3a01-1657-4d12-b397-3be181952f10,1
7430ffa1-9d39-404c-96db-55e8b7cd2356,1
9c5dd151-d380-468c-ac3c-d0ff59d5aa7d,1
9c6202bc-8dc4-4f9d-bbe0-aa3e4d4d9d94,1
9c6860d1-8576-4f25-a8dd-9dae2712e628,1
9c6c6b54-3d6b-43b0-b681-c3a769a97c5a,1
9c70eacc-94fb-4c65-83df-6aa137863262,1
7439a994-b92d-4102-bc99-cccca8285902,1
9c786404-def9-49a5-ad7e-bbb4577b6c57,1
743dba59-2064-435f-ae86-942726a896d0,1
743fffd7-b7cd-470e-ad03-8f7c99155e39,1
9c826087-4dbe-4dfb-bfe3-109f14b6e504,1
9c860f6f-f0f3-4394-9383-9acbe1cd30e0,1
58f97a1a-c0ba-45d2-be2e-b67379a55504,1
9c8e1c60-ddbc-4462-b1a9-2df8bfd8f160,1
9c92a6ad-220b-496f-a81b-e515464601b1,1
6189964c-552b-4980-9d59-3976140ee7a7,1
618a6a51-5218-46d3-86c1-c8b7cf1c1239,1
7453080c-c440-4eab-853c-d54719eaec09,1
7458df61-cbe9-4bb6-9790-707d6e5aaf93,1
9ca5a8ca-03a3-4fdf-adfa-3739cfb5e1f0,1
618ec343-dc73-46ac-af85-cd7a74a69647,1
9cb15069-f1b7-401a-9d13-c7842c42f54a,1
7463004d-bff2-4a13-a375-7176a0399a0c,1
9cb81203-d7b3-4bb1-bbde-2a33c7e98636,1
7466657d-f588-4432-9e89-06cda52cfc9c,1
9cc0fa82-937e-4581-b092-6914eaae6575,1
590012b0-20d4-4b29-ae9f-859d3c348e9c,1
6196be82-1dad-4d2f-ad60-20e32a69c38e,1
746c2749-d710-4030-ad36-782e02ffba88,1
9cd00a6b-2b28-42f2-a7fd-90751009b3ee,1
9cd2e3cb-2f16-41d7-9872-f5bd0f5156e5,1
9cda745d-2814-4f2f-a864-06149a2e4116,1
9ce13eca-64fc-4c37-80da-475490aaed0e,1
9ce6b816-cb9d-42ad-8422-d48502bef726,1
9ce9f216-9b03-4cea-81f6-2ba00ba26f04,1
9ced7141-0033-48aa-a601-2990755c3fec,1
9cf2c613-0a77-459e-8770-0b4562456297,1
9cf6aaa3-e484-4183-a87f-f0df7293281a,1
9cfa0d90-4faf-4ed9-bcf1-31d4445e2f46,1
9cfdac1d-9ff8-4f1e-9d97-a9d3ab8aab66,1
9d02ab47-b979-4869-a5c5-99e573dc16fe,1
7486d000-df84-4348-8656-9c7f418e0c8a,1
9d0a5732-c9d2-47c8-a27b-928cd5f762f9,1
74881dbe-cf28-4ef4-a795-24bb13681961,1
9d11d038-83dc-40bc-842f-e8ede74656a0,1
9d14ee16-7ba4-4614-83f9-8d08d3cb590d,1
9d176bde-e5a5-48ac-8faf-9ba44a5e5503,1
9d1b9824-c10c-4e44-bc37-6d37797c3add,1
9d1f986d-2eaa-4426-80aa-36d4787cb282,1
61a5330b-6d63-461c-862d-46345f4cd328,1
7494e3dc-ba55-466f-a78e-e2a1653d4b3e,1
74971161-7a39-4bdf-acd0-49527a4c4fcf,1
54f2034b-9eeb-4709-8451-0c6fc8d29c22,1
749af54a-b0ec-47f5-87a2-b6f515ad02ba,1
9d334a13-7078-4959-b219-275b91c4e138,1
749e023c-2d29-4141-bb0d-07b112f0bafd,1
9d3c5b2e-2179-430e-a947-0e230e466005,1
74a10cda-8983-4536-be7d-21679a66398d,1
74a48b3a-1af0-48cb-9946-3bcc976421f2,1
52579def-04b5-4217-8538-eecbd5e5d94d,1
74a74a68-5eda-46db-8bf9-ed979065bb99,1
9d51ab97-aab4-440e-aabb-271120d58771,1
74a8d2f7-dbc3-4802-ad3d-a14d5f2cfa7b,1
74aa1576-a386-4177-b9c0-86ef99f49916,1
9d5b2e8c-40a2-4ff3-8df9-52a8234ca2b1,1
9d5e5dfa-c681-482d-bc87-f56f093f2c78,1
9d6266c5-8539-4463-9fa4-ce154e93be9c,1
9d692cdb-4ca6-4709-927a-5f1a8a66fe44,1
9d6c0154-eb84-4593-bad6-725d9de96a22,1
74b487ca-652b-41a0-a1c0-820c353880f6,1
74b7b8d7-a489-428c-945d-8d7da6a21f4f,1
9d792809-5c0f-4648-b4a0-ef2d24156cf9,1
9d7c6e25-6594-44bb-a512-f5e0077519b9,1
9d802a3b-a4dc-48f8-b03f-5b401d4f76de,1
9d83c9f5-f238-42b8-b5b8-5cb3fda30061,1
9d88c024-eee6-4abc-bae2-ef97946a7f2e,1
590ff345-cc98-4c4e-b2a8-3772ab609bba,1
9d8e106f-08c4-4c1e-9ad1-1254abf7de14,1
9d94bebe-b821-4e0a-a380-5303f746640a,1
61be2760-46ca-43a7-aaea-69cae0b7104d,1
74cbad39-61af-46b2-a390-332ba5c69f85,1
61bfa149-739a-4390-bf6d-c184dc3158d9,1
9da59f16-33c0-4a9c-ad9b-27f771437157,1
74d1a1c7-0002-4bf4-8e4f-8c9d0cb84fc0,1
9daebec9-15b6-4497-ac2c-b11d66b70714,1
74d62f9b-1c3e-4eed-842a-a6eba2d3cf90,1
74d7383e-066c-468f-a535-b4b7f1300b35,1
9db9596b-0ecf-4ab3-a188-f64cefcb0a68,1
9dbc2f2d-30ba-43e9-ae4a-e65c2729a525,1
59179da9-fb69-4894-a083-7d58ed2e5db7,1
74da330a-53a6-4139-a4d8-1c811031346c,1
74dc77e0-448a-4d60-ab69-08c95edcf044,1
51e9ddd4-b5f5-45b2-95d7-609b2ef93016,1
5918dbc1-26d4-45c0-a31c-3c3bd231280b,1
9dd1f2bc-b2fe-43e7-9602-5e624f44d38d,1
61c8c8b5-d03b-4f2c-b2c9-dad14c43d153,1
9ddae012-d9f6-41e1-9464-90c716d83c6c,1
9de3f25e-4e9c-4cf0-b9dc-b817daf4d6c0,1
9de75c0b-4f3a-43f9-b5c3-ffb48d358b84,1
74ea33c9-d682-4e41-939f-17dcece06677,1
74eda49a-e3f6-4f11-a9a8-4453501f2722,1
9df6b239-85c3-4016-a8c5-331c529ffecf,1
9dfb2bee-eebe-4566-88c7-0708248ccdda,1
54fa7b91-d85c-471a-ac25-01775a31aa73,1
74f3c016-1d8c-4e65-98ce-174cf4500b30,1
9e054aa2-1d46-493a-aeb5-d633079ad2eb,1
9e09cc21-0a04-4e50-8b6c-f81fdd9a349d,1
9e0db960-313c-4c3b-b2ea-d20b8a86499a,1
74fa833f-ee19-42e7-9074-c6627b96bdf1,1
74fc9855-8947-4dd7-8f77-c7646f6d686c,1
9e1c2078-66f9-4fed-a06f-683380a4af45,1
61d5a71f-edd0-4a8b-b413-38e87d9bf155,1
75019106-79b6-4050-b895-1b6b25117bef,1
9e2b1c72-61c9-4ee9-b235-2690674e5ac1,1
75059eb3-0d9a-44cb-9ae0-8b7fea80e6b3,1
7506159b-84c6-4668-88ab-08522930dc9a,1
75082a2b-bb2e-45ab-b412-e1a8b019beb5,1
9e3c02c9-761c-4dc9-b079-1792c501f551,1
9e40aaac-5e31-4c5c-b36a-011e49f0644d,1
9e45deb4-52a3-47b9-aad4-e6d7c9358c16,1
9e49e31d-f729-4711-b1bc-ba64493266a1,1
9e4ebabf-3f7f-4d81-99c5-92c4a6d6ea65,1
9e525297-3724-4a62-a90d-5a557189c64e,1
9e55563a-3796-4a45-ae0f-35901f0e9308,1
9e5941be-a561-447e-bc85-1e5af6339519,1
9e5c3442-d3ed-425c-b9e9-7fd041b63853,1
9e5eac0a-a7f7-45f0-9d3e-ff4b8a580763,1
9e61f626-da96-45c1-bb81-0f436f42677c,1
751bdb2d-bdee-47ea-a899-53d6b965d3d8,1
751c876a-ea66-4990-b7a0-dff7f3e14bf1,1
751ea0d8-8c4b-4f9a-b944-34d713692c6f,1
9e724ca1-c3d2-4b6a-bd31-6899ed3ef07d,1
752027a5-7db4-4e82-bf57-f9b6a6b5aa46,1
7521c3cc-304a-4c5e-977b-46dc618d1dc5,1
9e7f1d08-b46f-4597-a92a-e7ee1d1bcd9a,1
61e65d5c-9b64-4375-a5b6-9d161e6e44a8,1
9e851920-e4a9-4c53-9d37-b4030c3d8a5a,1
61e7cb46-3223-4523-9353-cc09b398b959,1
61e98028-b758-498c-a366-9583772c675f,1
61ea6752-d0a1-4f1b-af7f-e46ebd86cdd3,1
61ed8c91-6a7d-4930-93a1-4994667fe744,1
9e98c759-bbff-41e7-bb1d-8e1dcf4e3967,1
9e9d1fe6-be7b-49e1-8d4f-1097f4c56e36,1
7532d02c-44c5-4121-834e-141c7dd09cb9,1
7533db9b-c99a-4c13-b942-4fd2ce9ab4bb,1
753461cc-8b47-42fe-a1a6-2e94eee269b5,1
9ea989f3-35a3-4c7b-a31a-97dd2731500e,1
7536d24d-bbf8-4378-93d5-31bc3e9449e0,1
9eafe141-0a27-4f0b-9382-ca11cfa875b1,1
753a1ad5-9879-404d-8969-39a3e92c06be,1
9eb61160-2cfa-4d68-9cde-e90a6713634a,1
61f584c1-6a41-42c5-9a86-ad409ab8afed,1
9ebb3971-045a-48cd-acc1-22a5e1606b56,1
9ec09516-5ce3-4085-8700-5f2bb75627c4,1
9ec45f70-160c-4d73-a87d-c527ee3dfaae,1
7542feac-cb93-41c0-b973-b37ea92f2e1d,1
5928e299-431c-4d5a-af0a-15510b1c43fe,1
7545b5d9-a71c-4fd1-abe6-aa1ada560155,1
51a4c9fd-c04f-484f-a38f-d5d74cc3ccfa,1
61fa02d7-0dff-46d5-8ef4-116f748485fa,1
61fb2d22-00f6-48af-91ac-8170a033f10c,1
592b1187-db78-46af-87f0-d46fc4a74a89,1
754fcae3-3fb8-4585-95ac-de04c4d93192,1
550353dc-252b-4f2a-8002-e4b5db6fdd64,1
550354fd-94ad-49d4-8464-d81919d5a7c8,1
9eee67f5-59ba-4544-9d81-01a413dc1b74,1
9ef38e1f-6d90-4584-bf4c-904e016e394b,1
9ef78b02-4d38-4a5f-a3dc-653eae35a647,1
9efbd20e-c4a5-4c83-a06e-f1a558a1b579,1
9f00f613-11d9-4eb3-a206-a626868db305,1
755bbda5-09ac-4002-a3af-a18136ddb295,1
9f079d95-2e83-426a-b1be-38da996b1b72,1
9f0ac9f6-d2e9-445e-b954-92204b5bdf7f,1
755f5832-ac1c-40c7-a2bd-8642452c9f94,1
75626df9-7ad4-478e-b653-6b3e425748eb,1
525af9a7-33fa-41f7-b5d7-953f7685130f,1
9f1ae0a9-9283-4745-bb1e-f67d7a1c5f4d,1
9f212149-9154-4751-b566-83491eb472c3,1
9f246fc3-8cc0-4fc8-b3d4-f16bbd42ec91,1
9f2798c3-e194-4f5d-be5f-7fad1bd51ff1,1
9f2ac83b-0114-4c2a-82a6-8a056a743836,1
620c3c11-0cb8-44ce-b15c-da4334d72612,1
756efe75-14e3-4b0d-b5ba-ce9464396323,1
9f365467-0075-4ee7-82c0-b4672da8f811,1
9f38f448-b800-428b-aad8-74830cf5ff63,1
75724cd4-73ba-464b-acab-77934e2a7037,1
9f4344fa-157e-4794-a9c3-7b61e6cab7cc,1
7576ca93-4f26-47df-8704-d8043db09eac,1
9f4cb3a0-f5ca-4a1c-bd80-d546deb4fb83,1
9f51a5f1-7119-4f5c-a1a4-d577f3228921,1
9f574380-f866-432a-b116-643190ca0c03,1
9f596414-665a-491d-a4b6-97a781fbda50,1
7581007c-f6ed-4996-88ba-a924b8abc9cb,1
9f636b61-6d8e-46be-a986-4bb9968cfd83,1
75865b19-8cec-437e-93d6-19830778351e,1
6219d282-3e37-49f0-8f0c-93ea5069a1a0,1
9f7032e7-aa62-4507-aa25-1243da1177e5,1
9f74a5e5-7886-4697-b9c5-f763637b3920,1
621bc8b8-9372-49bb-bfd7-318069a77de8,1
758ec4d6-5c6a-49e0-8c3c-6740f43aa7dd,1
9f861152-ee65-48f7-b9f6-dc50933080a0,1
9f8b81e6-c3f9-474b-b787-3bb9fd2f69db,1
9f8f1a05-a62f-476d-be81-02f4594b2157,1
9f9184a5-a9bf-448c-bc1f-ff1e8c4356fd,1
621fc3db-8a0f-4913-bdd5-baee34af5e96,1
622212f1-36b1-4d06-9993-c3b51a51ab8a,1
9f9de425-7d6f-4d29-9519-0d73790e32fe,1
9fa31beb-bdc9-420e-849a-566e78f4f8b1,1
9faaca59-019f-46db-b4d3-68559f30dbf3,1
622772a2-6e89-4f1d-a73b-7f1cbcb8ebf2,1
75a7e605-4003-4c0c-83c8-e240a723cfa7,1
75a85de5-e249-42d6-b57b-03428f0ea9fb,1
75aa86e6-7487-48c3-b974-d40caacd0448,1
59434311-4006-4edf-bbb6-11c273f23026,1
5943ed6a-3f8e-49c6-b03d-88eddfaf9cc1,1
5944eade-3ff3-4778-b4ce-65fcc525a9e1,1
75b3dddb-73a6-432d-91f4-c4859b1a22e7,1
9fd3cbb0-4d9b-41c7-9596-e98f1b38c226,1
550d385c-904a-4492-bd8c-a2651157021f,1
75ba31c0-64ba-4999-9dee-bd4b3a48df3b,1
5949c048-3b4a-4859-8e26-8eea92e95eec,1
9fe7f141-040e-4144-86da-167e7d954c43,1
75c31861-dabb-47f4-a1b8-161b2da11427,1
9ff0aeca-d0fb-486c-81df-065c6067ccb2,1
75c666f2-8a05-41c0-a7f3-0ac6c6d1bfd8,1
9ffaa7c2-bf66-4580-8cd9-e848d175a427,1
a00007a9-bad6-46ff-8b59-ead6d26540fe,1
a0048b3b-d4f0-44c2-9f5c-afe2ffe01995,1
a00754b4-460a-412a-a5a5-2f9b393368bd,1
a00a998b-54d7-4e72-ae41-378d98832072,1
a00dceba-558e-40cd-9c58-b5908aa53034,1
a0118a18-700e-4aa3-b765-e68ce447a195,1
a016dc95-74d6-4d8d-bd4a-c5844030e29e,1
a01b632f-d649-4eee-a72b-4b5828cc7277,1
62412d53-480b-4402-aff1-b4cb76b19ba3,1
75d6dea6-c50d-4c6d-9bb4-60ed18b47c02,1
a02427e8-216a-4ab7-b2bd-5eb7e6b9d268,1
a02911b5-d542-4eed-bb0b-071189cb58dd,1
a02ccf71-4b72-4f4c-9f3b-fc35c6546736,1
a02f84ad-8c33-4fa0-82b2-4a95d714ca66,1
a032ef43-b2c8-4189-88c8-a41504487ff9,1
75e1d58f-d7bb-4758-b414-21993882e88f,1
59501843-ad79-4c1f-a93d-b6471b4fdb08,1
75e90de3-2fd6-4fec-a968-3c94a6dcf996,1
75ec2bf4-d3af-4b18-b52a-fe640683a594,1
75ee13b4-6e70-4b81-9501-0811cccbe9be,1
624ef6fa-4074-4708-8562-975aa3adadc6,1
75f53482-e39e-4b3e-9de9-50e540e019f6,1
75f89dec-65ee-463e-9c2e-26a1a4ad9c99,1
75fd5aec-7c9c-4669-839e-17e304d466aa,1
760133a6-ab42-426a-8a0d-d5caba74c262,1
6259a75d-7fc7-42af-842e-9d1c69e6b6d6,1
7608c235-b5cf-4725-9bcc-c540882364bb,1
51ebc709-f0e6-4e7a-937f-7c13ec85c0ff,1
760dabf3-2600-4ada-a43b-2b58c93bbceb,1
5516e545-16d4-4414-9955-747cc9fd8110,1
7615871a-9a21-49dc-a919-ade263fc673a,1
761a1992-4a6e-4a7d-917f-57caf61df443,1
761d1c43-edef-4a19-9c01-ed9530890781,1
762058b7-5cbc-4bbf-a710-2559544137f5,1
7622e910-537c-4019-a88b-f89151b2d408,1
55175a22-78b7-4ce9-9ff8-5256cdfef081,1
627129b5-c1ec-4f84-99d3-4f8861ad7994,1
596149ed-e96a-4891-a5ee-d820ffd888ed,1
6276bfb9-c117-4629-8c9a-9a9b5abd6cc5,1
7636a34d-52b6-49a8-9a73-3ae0a13d33fb,1
763b04ee-cb37-40f6-87d5-78ea583ffc48,1
519bb90f-336a-4ba7-86ad-001e851d7d72,1
7645d176-fc5e-42d2-b1bb-abc5570e8d83,1
764ad667-35d1-4689-b12e-8733c2a49778,1
627fe5e4-4e60-4aa9-8e75-2c416272c942,1
59689612-5d23-4916-98af-d8912a9e0454,1
59698cf7-f41a-48ef-a902-e210fbead4ff,1
526321a6-5ebe-4ac4-bf94-0cffeadd3163,1
765dad21-e80d-4f3a-8bd4-6d0b2f9c62b0,1
7662bbcc-6e1e-4614-94a0-926c6ad0321e,1
628cd04a-c6e3-474c-9321-84163e39d404,1
7669dfe7-f411-462b-bf7b-d0a4ee69ed2d,1
628ea0dc-d95f-4105-8604-d7bd5e006a56,1
7671a56a-7aae-494b-a5bc-c6fd5ed81e1d,1
62946484-22ac-4e16-967d-b6046112a687,1
6295c3f3-2bfd-4651-821f-bb8caba878c2,1
6298baab-8272-4c26-8162-ebfa277a52db,1
767d875b-19ae-42dc-8086-3a90917c7f50,1
7681b087-a9d1-4139-a850-8e5093416c62,1
76844216-ab01-449c-bcd5-b0a8eb02e932,1
629efafb-9709-42f7-9013-6dbb2c5f490a,1
59769dcb-0318-47dd-98c3-b1fb041b903f,1
769256b4-8c10-43e8-a258-8ae9038e7c3b,1
7697b399-72ec-477d-9ed9-603c99fdcb6b,1
769e8352-d17c-45c9-b5b5-0554187a482f,1
76a1af88-dcd1-4c0a-b1b0-3053c95a8fb9,1
76a7b3ae-570c-436d-8842-0cd7ded5697e,1
62ab6f8e-b653-4e8c-9fb3-3d64f787d55d,1
76b1e30a-ba28-4f51-b87c-fff031ccbee0,1
76b434dd-5583-40ec-8cf2-9e7dba4efc09,1
55268ce9-2650-4715-987c-6e4ffeb7df91,1
76bdf2a2-9602-4767-873e-238c7cc25282,1
62b41d25-d02c-4259-bf8d-641000bf75dd,1
76c8e408-d1a0-44ea-95e3-603495c9a30e,1
76cde377-0dcc-40d6-9be4-3bf65429aa87,1
5980749d-0e72-4725-9ddd-05f3d0fd5d7d,1
76d67509-58d9-4823-820a-7f0328faa168,1
62bcb541-856b-483b-94a0-ee78c1f13e52,1
62be762d-f20f-441c-9211-cb8ffba20672,1
76e2b575-24aa-4b2b-9699-7fac81d8ef46,1
76e8aebb-3e18-4bb8-874d-18367e3aeb80,1
62c1ac95-67b3-4a6f-b1f5-91367db889bc,1
76efdde3-66c6-42a3-b111-9ef47b137ed4,1
76f30b8b-c041-4119-95b2-913990cb04a9,1
76f679e4-78ce-421c-8ba8-723bb5c0cc37,1
76fab4d5-39f7-4397-bf9a-c6c03c292f6a,1
76fe06d3-f7a6-41f8-a3f5-5e56dae32b9b,1
598d3036-01ca-4e42-ae17-3634548c7b5e,1
7703eb38-92f3-499d-832a-b394b9532c2b,1
598f68d2-635d-4fec-9211-bd39f568d6db,1
62d9d18d-9c46-4261-9f0d-75833a4a6638,1
7710b89f-f95e-4546-a18d-618eabdbe3e0,1
62dc5bc5-5660-4f8f-ac58-0f5f6995cf10,1
59956ee2-8602-4933-af93-7a6c92cc9604,1
62e00378-a313-4721-8f1a-a862ead10141,1
5996b0ec-8ece-4ba1-9507-1669028972e0,1
772646be-f00a-406b-8539-e699e2c75a7e,1
62e42d9e-48d5-4c6d-a548-236c64a61969,1
772d702d-4f3e-4f9e-8d14-40631b8b7cc9,1
599af125-0620-4d66-bcd4-ac0a43959580,1
7733cc52-a269-4aae-bc72-a5084a7f4093,1
77353c6e-479f-4fdb-9208-bb106a0658d7,1
773ae085-beeb-465f-9adc-ff54e77022de,1
773e3330-ff7d-4792-a80c-98a82308f6ab,1
62f35ed5-2095-4610-b463-e8686ce45412,1
77476d25-9a59-4851-8a70-6ccba7c05705,1
774be839-de95-46e6-a238-e0c04f12ba1b,1
774f4877-b2b3-4ec4-91ef-43008d93662d,1
62f8d364-14dd-4e70-bd0c-c4aa6ef8e073,1
51ee83ad-ed73-4293-86bd-4147e5f84010,1
775909ae-6b9d-4279-b767-e908c7404cdb,1
775f03e3-aa0f-4dc6-a20d-96cf74dcb198,1
77653110-a1c4-45aa-bd23-9b26470392a1,1
62ff7cb7-ce6e-4ff6-a8a3-c3b87019b2b8,1
7770eeae-eb3b-4c6c-9640-549f9955c453,1
63053e52-847b-4064-87f9-8737c07041e1,1
7774f8fc-e2fb-43af-85ae-160778ef8b22,1
7777f090-ee7d-4664-814e-9708b4b7c002,1
59a7f465-693d-45ae-bd86-089c61d22f58,1
777e9357-517f-42d5-9c00-e570224b6f32,1
630c99ff-75b2-4fc4-9903-11ec2d3d06cf,1
7788d86c-8ab5-4ba6-a208-0a9d1e8a260c,1
5538e002-0d1e-4609-8021-a516637f4332,1
5538e17d-edb9-4604-8d39-b21f8b3b8b9e,1
779334f7-1945-456a-bdf5-17112452586a,1
77967d65-9cfa-4923-80f6-b4bef5b6e3b7,1
5269c55b-7811-48af-913a-4d3bb5dd3221,1
59ae5b11-5edb-477b-99e3-f19c09a7fa20,1
63214493-4d28-44ec-a6d1-88569413c28c,1
77a5ffd4-9dbe-4882-8051-3bd326e8970f,1
59af3b49-c546-4438-934c-02a2487498d6,1
77ae3262-266c-4bd3-be77-fa1552695a47,1
77b0e925-eca1-48e7-bf34-4005fcdd0e9f,1
77b5ba4a-cf0c-4eda-acc6-877959db518a,1
632a5661-1b79-42a0-9e02-507e4260e1a3,1
632b62de-7a38-4955-9bc3-afaefe79d58a,1
632dd2a1-819e-4fe2-909f-a7151872c2f7,1
526a2d8f-d0bc-4396-96cb-d7a4e067b226,1
59b337b0-6290-4c8a-a2b7-693a83655e66,1
77cf4d1a-03bc-4b38-ae79-66d0212c6b6f,1
63343fe5-4313-47a7-8d43-0cb35477212c,1
77d766c4-66bb-4c34-931f-eddde7f94e69,1
59bae060-797c-441f-bd2b-dcdc921c6539,1
77e02210-59d2-4298-bb1e-1a490d34da68,1
59be5ea1-9175-4b4d-8ceb-baf462c197b8,1
77e96759-714f-4e82-9b4a-7ca3fad60cff,1
77ec13bc-53c6-48c0-86de-85ad389a4b4c,1
77f06764-7028-4f11-bd3f-1e360095d72b,1
77f3d88b-1cad-4aa5-8cfc-4549aa90086f,1
77f9e171-504a-4cd4-8c63-0d00054a8af5,1
6347a735-2528-46f6-a69e-82fdde959a8b,1
554569a4-96a6-4f21-828a-7d58cc2d6662,1
634c3bbe-adea-4170-b529-c5ca2678cae5,1
780c7e5c-6c84-4f5f-8f20-748e7d1aa7ab,1
781002fb-9914-421c-8773-cbb0aadedc02,1
7815cb44-0b0c-44f7-9fa7-d8f450a74e21,1
781a5813-df5f-4da9-9490-152196102ea9,1
6354dfd4-6bd2-41ce-8b1f-303e5ae00e1e,1
59c712af-2eb4-4e86-b31a-66da574a0b60,1
55481272-3bf6-47f2-a532-7f6d34d16279,1
782c8aee-73ad-451c-b92f-1a3bfd7aa89a,1
59c8bf26-fdff-48cf-aacf-0096deff1b1c,1
6360a802-ec4c-450f-88af-9ac38baa9140,1
6361f18d-fceb-4563-a5d4-9e697ee41ed9,1
63640469-f9d6-4952-81e8-192defb248fc,1
59cbaced-dba8-47d2-a071-2cc68235c72d,1
6365995f-af06-4b72-b2ad-15153bea77e8,1
636761d9-d48d-4b86-956b-55700e6cf1f2,1
6368ef1a-0126-416a-84ed-6825a4853277,1
59d1dcde-45f6-47ae-b594-6ead8e1624e1,1
784edf84-cfac-468d-996e-2ec4a91c89e3,1
637099f0-62e5-4ca4-a385-4e075aa93334,1
7855e671-b7a5-4045-8e60-8406cd7e5594,1
6372e760-b233-408b-a813-1ef6d9b2d7b9,1
785e28b5-baf6-42ef-a250-371d345d353c,1
7862a9ac-dd25-4432-ad60-1eacccf8699d,1
63782b5a-1dcb-43a4-a5a0-54bfbcf6e65b,1
786d31a9-d801-4c3c-a62a-f1f0abc3899c,1
786fd58a-e0b2-4f60-9705-1c7f702e3bc8,1
7874fcda-32eb-4e4b-936d-5668f3a2e7ec,1
535c70a0-3557-4f0c-946f-745387d364ef,1
78809dca-e40f-4db0-948a-9db181c2b9f1,1
78839d5c-189c-40e5-9d69-274c58b32253,1
63851569-3851-4241-b50e-07aee45c1fe5,1
7889dbd0-f4ae-4135-8a5c-2ab9a701d6f2,1
788bdd01-eff0-4a45-ba07-934059589198,1
78911999-20f6-4269-b0a2-6a24a01aa487,1
6389ed66-fa14-4447-8ebd-b9925543583d,1
59e2c7c8-1293-4549-9610-f02188eb73cb,1
638d41ef-9125-4e6c-8c49-3d43bf786aac,1
78a0a5ee-a577-4bd7-bf57-cbf0a660cd78,1
78a689f6-5f15-4736-8eba-8a1c23d927f5,1
63947ba4-5f56-4cf1-9f05-7d48ce4f2dab,1
526ca19e-cadb-4be7-96b4-80b4249dfaf5,1
78b3882f-3ff9-4f57-b87e-1ddf884391e7,1
59ea5304-57ab-4247-9385-364003321254,1
78b9d84b-6dba-4710-98de-83ecd403793d,1
59ee36ba-261e-4f08-a928-a713c0d848d5,1
78c26787-f7d4-46cc-84ca-346ec0fd8fec,1
78c60f56-84c7-40db-9bdf-8c51cee9607a,1
639f7715-c8cf-4a0c-8aee-00cc8f1b33fa,1
78ccd543-1107-4311-81f4-43078d98cecb,1
555fcb32-3a2f-4db6-bd45-ccdf3bed1df3,1
78d6f970-7a66-4ca9-b314-40166fa1245d,1
59f39f73-5601-4ca9-a53b-34b67d2797d9,1
63aaa3ea-3285-49c5-b416-c1c113ff49b4,1
63ac73b5-0c0a-48f9-b1bb-a140110e9fc8,1
556044c7-fa8d-45f4-9968-6a9cb47e9acf,1
59f7dc14-a323-4e1d-b5fa-a93d7718d263,1
78f5cf68-30b5-4aa7-abf2-61e80f960d8c,1
78fc00ce-3ff4-4577-9348-d9a1f4a1d93b,1
7902d712-08b7-46d4-8119-be25214575a9,1
790769a6-ae0f-43ae-919f-ae787165f406,1
790a06ea-8579-476a-8d2d-28a1f7e05fd0,1
790d4516-d1d9-4f1a-8aeb-902d6aa96937,1
79115bfb-b0d2-4147-b375-a4df663ba072,1
59fea65d-1d55-45d6-bc16-3aac7bb273b2,1
7918647f-901e-4091-a8bd-171b2faef040,1
791b2afa-a6da-445f-ada7-ec3493212839,1
791d513a-6684-4bf9-92c1-ff0ea8203593,1
63c907f0-8795-4a8f-bcee-b9da2de748b1,1
7923a985-4c6e-415d-96ea-d8ce72c43a50,1
63cd7899-df7e-4356-9c01-1a28b90e84f8,1
792dc177-7366-4dff-be90-6fd9cfb192ad,1
7930f8ed-3b12-4800-a156-88821978aacc,1
79349b1e-91d4-4c58-95d3-5e2890f5d3a9,1
63d3e2ab-357f-4fdd-b0ec-8207bda60e40,1
793ac771-6054-43b9-ac0d-e9faeae7dbc3,1
527062c4-4d28-4528-ae22-ca3341434f1d,1
7944ffc5-20f5-4b1d-b09d-709797da7a9b,1
7948fdec-a7ed-4cbd-a115-cdaa673224c8,1
794de385-6300-4896-9b7f-d2cc964f31be,1
79538ce5-3b90-4caf-b9cc-73899704c56a,1
63e2ec71-103d-44d0-8a8a-e970dea904dc,1
63e3c347-eeb4-47ab-95f4-74c139c4d9bd,1
7962dcc8-5d16-4045-9b3e-c60c19bd3e16,1
63e6a0cb-e90c-4396-8ae0-4dabd6b006bb,1
796b2edb-0f90-4027-842b-6a4befccf403,1
5270b943-00d8-4009-8b1c-0523fa0183b3,1
5a130d66-1af8-4bc7-95d6-a08b7344d253,1
79759381-8649-4369-909d-25c64d91b98d,1
63f2ba63-e2d1-45f8-a887-b1430ebed928,1
79804438-0b07-444e-8be0-73ea463bc9d9,1
79828427-8046-490d-9b4d-5bd9145c3a38,1
63f6cc71-67e6-4604-9d55-8c1266a3b5f8,1
5a18d410-50fc-4081-bae5-0581658c47aa,1
798c6204-2090-4679-ae7f-deaa42288af6,1
63fbd469-d9ef-44b3-9498-382470a4b318,1
79956b5a-e997-48be-8bec-850a76db78a6,1
7998fc7f-4fbf-47d4-90ea-b249973118f0,1
5a1bfc0f-59b5-4052-99c1-a56c21734849,1
5a1cd08a-a9e4-4ad5-b977-e8262a85e35c,1
5a20f3dd-c9e7-4954-8d65-e69246af92a6,1
79aad10c-5cd4-435f-8843-6461418fad31,1
79b2a217-ed99-4ebf-9d2b-0d36b007dadf,1
79b7f08e-6093-4f99-a424-185ef5794eff,1
79bce3a1-84fe-44d9-9141-621f12794f31,1
640cd8fc-4705-4af0-a744-55e27ab53111,1
79c3459a-7ebf-4ab3-a05d-e58f4a8a4dc5,1
6414d619-52b6-435f-8e9c-00dd49d20c7a,1
79c95006-0484-4b38-8adc-6740ff5651d5,1
79cda7c2-774a-4d5e-8404-7f1e9416dad5,1
6417f1cf-941b-405e-b02f-78806bd37864,1
641820e6-525a-44e4-8aca-616649a2f1fc,1
79d58893-a1cf-43f9-a6d2-0039a716db00,1
79d89213-762f-4279-b0da-60e4fb1c30fa,1
79dca27d-175f-46db-9836-0f0ec89bf983,1
79de43b4-b63d-421a-ba26-a048174a2789,1
641f97cf-dafb-4fb8-9e6e-951b272d8e11,1
642208f4-b529-4c3d-9b9b-9475cab35128,1
79ebbade-37cc-4f5e-b54c-11b61d05d348,1
5a2deb09-a17b-47f6-aa45-34a4aff8da39,1
79f5cb5e-0cb8-4133-b8af-bdd12c8330ad,1
64287a6c-f5f0-4e60-8399-27b67ed9d799,1
5a2fcbe2-9b2a-4909-8085-728e9c5ee202,1
5a33811c-828f-400b-b157-15b08ed19777,1
557dbbaa-2af5-4e34-aaa9-9ca61d47d507,1
7a0b3e7c-c944-44d7-8bb4-ff0813a4d69b,1
7a0ea370-a997-443a-8189-8543240cd376,1
5a37db84-19c9-4a97-9fa6-5c7b4bab3f01,1
7a17b5ab-e379-4a61-aba8-f995c591e3f3,1
7a1b77fb-7cf8-48e1-9819-48dd6db2cedf,1
643c2999-5da1-4b34-978c-6ce245fc1667,1
7a2453f8-e901-4c09-92bc-8ca8fd34f484,1
643f3ec6-b19c-4200-beaf-e9fdb303b8c0,1
7a2c0b87-8afa-4dc9-a0e0-9dd90c2af612,1
7a30d0fd-aea4-49fb-a0cc-84d5a56cf405,1
7a34ab7d-c8a1-4f11-869e-0321ff2609b0,1
6444f37f-157a-4a76-a88b-b8419816f408,1
7a3c35d4-d564-4d80-aab1-055fb1d7cced,1
7a41d1b5-add7-41fd-b4cc-4a6fb384d3a8,1
7a465a02-5cdb-4932-8aa5-8f0a01aaeee4,1
7a4cb0e7-70bb-4b0c-8ad2-4635d5e65d19,1
6450d6d7-68b0-45b2-823a-d5b1972798cc,1
7a543a06-760a-49a8-bc79-55fa3e5da422,1
7a587e0a-f20d-450b-b654-e2404af6c2ee,1
7a5b658c-7457-4d22-9b9f-acf9d01ef0b6,1
7a5f5156-ad56-426b-ad70-c09674c903d1,1
7a661de6-7173-484e-8858-4080a8729466,1
5a45d210-ae65-433a-beb0-dd9e3ae6210b,1
645e48c0-b002-4e1c-858b-4fee02789de4,1
64611649-5ed7-4a25-9bc3-073d68df0f5f,1
7a79c9e7-5635-42c9-a935-7008540978a8,1
7a7d9316-d7eb-4883-bb4b-7f5b6eabee06,1
7a835c68-cb5b-43d9-bb94-b94df7769f30,1
7a89603c-0a73-4ea6-864e-9a7b65a818d9,1
5a484b37-509e-473c-bb21-28589820c74d,1
5a48866c-c52e-41b7-b73b-e8789f76c044,1
7a96ea67-413b-4f5d-a95a-41be9cd9b36e,1
7a9bd7b3-6d85-47ae-a3f0-8b582b5c8c42,1
6472aae7-02e6-4b2c-ad62-9b6b559ef0e3,1
5a4b1433-d23d-47d4-8b2b-c9ae3519bfc1,1
64751973-c7a5-4184-8e58-57ffe7897afd,1
7aab1dc6-5eb3-48e5-88c7-90b7ce3a01c4,1
7aaee12c-45ea-4c15-88cf-106fe92cadaa,1
5a5103ba-d3ac-418c-a11b-8141602f08ce,1
7aba86a4-b694-4bff-851f-3fc73ba6f9df,1
7abe7e7c-6731-4d20-b464-519a3ab8e367,1
647d2f76-5800-407a-878c-87b8b7ccc71a,1
51f49e12-4b2b-497d-9e61-0a42ae5a80c9,1
7ac712d5-0ab7-493c-b1e4-513068cbc62c,1
6482c307-5c96-4128-81ae-957cb4e043de,1
5a5a46e8-7a45-4f8c-86c5-75e8459ec590,1
7ad0dd4a-a614-43a8-97ea-1e3731a4f749,1
7ad31122-e686-43df-ae0e-144ba516b4f1,1
7ad9b1d1-24a2-4ad6-9916-a939803031e3,1
7addeaa1-42f1-4a44-9c26-293b655f78c5,1
648e8a3c-8b0d-4b65-91aa-831d2f4b4a5c,1
5a5d1c40-5105-4e13-a9f0-385a6b2e7a3f,1
7ae7308c-c6a6-4726-97ba-15a984314680,1
6492ae93-aca4-4743-b8fc-31a913005f9d,1
64950077-77c9-4cd3-9674-e0cd8a319653,1
6497c64f-73ca-48ff-9cef-310a466e2a0c,1
7af7eca2-c571-4eb3-9e90-2f2d1f3eea6d,1
7afcec9a-c712-4e7f-a802-3af82bd8c53c,1
5197dc70-d747-4a97-a5d4-77cfacb443f0,1
559b0317-1c30-4da5-9879-9efe42d37860,1
7b08f7db-fffc-4ecf-b297-1a215dadfdc9,1
64a1b6af-a958-4c5f-b1cb-b3a4bb410206,1
64a46424-f8ca-401c-ba15-97e0c1e0faeb,1
7b16516c-6393-4b50-bb5e-7e8250e0ae96,1
5a67be8e-acd3-4905-b495-21a3b1b56f7e,1
7b1fe48f-a66d-48c7-9b4b-e63788b331ed,1
7b224f86-3d77-458a-97ed-45ffd66ca590,1
64af442c-694e-4798-b967-d937b244467a,1
7b2a380e-31a4-4e6c-b31a-9690e3a6d64f,1
7b2d8642-6d77-4f3c-a49f-68fcaebdfa27,1
5a6de9bb-2a0a-478e-89e9-81218bcd0ac1,1
64ba8b76-859f-4aba-8306-c9fff17e9530,1
64bcac71-db03-465b-a1c0-7951c9965950,1
5a6f8a55-79a2-4341-9985-ad72591d3617,1
64c0635a-b9d6-4502-a858-43450605501e,1
7b44ecbd-7eda-423d-adf8-cf300de5325c,1
7b4a1a6d-0d87-47b4-b170-78c67ecf4ce1,1
7b4f1283-bb1c-4952-ac4e-e27bb0679b24,1
7b53bf29-2cff-49ad-959b-18020ecb5621,1
7b5bb1db-f96b-4fa7-a6c4-b8e780770e5c,1
55a2ec5b-3599-4c37-b21b-be8ba22683ee,1
7b63db6d-6772-4470-a41c-008215c421c0,1
537f4712-911e-4681-b3e7-8b00778f01e8,1
7b6d0ca4-92a5-4fdc-bf03-55222ce39426,1
7b7286fc-1efe-46f6-9b1a-23d716ca489f,1
64d36b32-e769-478f-8a82-68bf9ce3c713,1
64d487bb-89ca-479f-a71d-f8a42150d4df,1
7b82ee85-0a18-4fe8-8356-22c4daadf8f1,1
64d71037-8218-4f42-8c54-95dd0cf29910,1
7b8ade6a-9006-495c-8859-9c74f72f4c10,1
7b8d2434-a054-4759-a033-dacb2898871d,1
7b8f3b19-2916-469b-ba7b-c3aaf5533c73,1
64dee480-5292-4f7b-91d8-18e0c84aed93,1
7b979888-71eb-41cd-a297-697f3c4c19e4,1
7b9c8827-e259-47d0-9f47-c4aef1b99e7b,1
7ba24fbb-c1b1-4579-882d-25d46f1a5bf9,1
64e91262-3fa0-4d62-a0a5-4e59848e87a3,1
64eab898-ab42-4628-87ef-afa258ac8bc8,1
7bb058ee-20cd-43a2-bffa-7bba5615563f,1
7bb44b45-1269-4419-a6d5-98329d0cb76c,1
64f05635-6764-465c-bc27-773f4975662f,1
7bbcfbc4-5c78-4edc-9099-f6950398da22,1
7bbff390-ffa8-4b1a-81e7-d7b6e7edbc68,1
7bc40478-d0f4-4d71-b6da-fe3d58f32815,1
64f6d44e-52bc-4a65-90a0-f36aafff7b19,1
7bcd4523-daac-4a34-8dd6-8ed6d64c4a18,1
64facd28-277b-4c30-bf06-c5811e6788cc,1
7bd2e4ae-701d-41ba-9e24-682529edabb8,1
7bd643d6-f8d7-4281-9ac6-171c4638bbb4,1
7bd95def-76fc-4250-8bc2-a47111023d77,1
65047f40-8910-4f4d-ad95-81f23bad1e6a,1
65052bbe-9878-470d-b483-7388a45075f2,1
7beca4be-0a9c-4991-831e-8a159dd4634c,1
7bf157be-a931-4ed2-9fdb-547c43526ab7,1
7bf836d7-6b0c-4018-a418-1b6eba95d792,1
7bfbacfe-32dd-4977-9e92-3f7d90131ca9,1
7c016578-86c8-45b0-bfcd-dbf81278dea3,1
7c07d51c-de65-4051-8f48-020194c82fcb,1
7c0d7769-d5dc-4171-89a5-4e167746aebb,1
6516e01d-16fc-4625-87b8-7ae81a26c4bb,1
7c14a3cb-3ae7-4ad0-84b3-5eb2e5595bc5,1
7c1a447a-76fe-47e8-b1bc-7039ee26a09e,1
7c1dda4d-1566-485e-a4b2-be1d672410c4,1
7c21e85a-e137-4500-ab91-64c94bb39214,1
651b53ce-cd8d-46b7-8228-ae8707f3d874,1
5a8e0f14-2850-468b-bd41-0b8e992e3ea2,1
7c31141c-f357-447d-8982-91c549133a46,1
6523ff09-d06c-4157-b369-767c93f4c7e2,1
6525d2df-1c10-446f-b0fc-e5c531c2f94c,1
7c38af8c-4183-479b-8cb0-76f18f9e9fe7,1
7c3bc1fd-b5f1-4465-9a3d-80e5eabadec3,1
652b2bcf-2dbe-4874-adf4-4687593bece0,1
7c441cb4-9c5c-4f9d-973e-3eff87d9e460,1
7c45c781-6a69-4aa6-bde3-4eca47a06f10,1
7c4946c7-761a-4d03-a580-135078c165ca,1
5a94650c-ad55-4ee6-8d8c-b9df5508b807,1
7c500c4e-4e05-4149-9b72-9d5f0a8e6e2f,1
7c558077-70f9-4fc0-bb5a-b39b53afc7db,1
7c58e904-1501-49ff-a11d-0f28a4916a12,1
653cf01f-9647-41c3-a992-2683896d9199,1
53891f4c-0898-4d0f-9c20-9a21be8782ce,1
7c64077d-57fb-43eb-88af-3751aa023447,1
7c6737a0-6c25-4cb1-9004-7c4886da7624,1
7c6c6064-ed67-4e04-b5f8-f47ae6f67e9b,1
7c6ffad6-e373-4bcf-9242-24d40dfd1ba8,1
7c746646-3cb8-4ac7-a856-7f33eebba93a,1
6545b106-6179-4a56-bbcc-3f354e3fe634,1
7c803c81-9c39-420d-81be-eac68e1e766b,1
7c852c39-534e-44e1-a2c8-91e923a139ca,1
7c889a56-5e67-4ed6-8db8-05b184e094ae,1
55bd8a81-0828-45ea-84d6-978a518236b8,1
5aa5311c-0b6d-4a78-8fb1-21b7103a63f1,1
5aa552dd-c65b-4a8d-9ef3-f9d6486d9f92,1
5aa8f357-740b-443d-9662-5eaf0291017e,1
7c9ce79f-0856-461e-91ca-040b23c683e8,1
55beec35-b4f9-4ce1-abaf-993a7011414d,1
7ca44542-67af-4503-9fa8-97d8afd6d6e9,1
5aad6a30-a6b0-4e81-950f-ad0c4b13f704,1
7caf889e-b7d5-4a83-8eba-50d5883650ea,1
7cb4d8de-b705-43f9-9d91-70715a145cc8,1
7cbafd04-2bb0-438f-9259-a754e7cebcf1,1
7cbe46df-18bf-4a6d-8aeb-8e9df621c6dd,1
6566cbe9-732d-4167-8a32-d8257f868cb9,1
7cc6191f-226c-46dc-b423-f5e52a23b12f,1
7cccbe4b-fb4c-4680-9b7c-c4d436ebd182,1
5ab3816e-581f-4db5-84d2-9bf3b858b2e6,1
7cd51067-922f-4d65-8c6b-4c7d8aa5eddc,1
656e3669-da70-4420-a71d-45e00f819919,1
7ce1c926-d9fa-4101-9e32-5dda01ec7960,1
7ce4e415-34f3-4d68-bbcf-264ea6333376,1
7ceac9e8-68e6-483d-afee-5615f6866252,1
55c8cf8b-15a0-4543-86d8-c1d37f100c9d,1
5aba9e02-4e9b-4f31-86c0-b975449ad02c,1
5abab2c5-7e32-4d90-9637-4b2cf161336c,1
7cfb119c-100e-480d-9583-22569878e582,1
6580e325-9e09-4bf8-9aaa-67ed4dfc25dd,1
5abc691a-13e0-4287-8938-dff679c9db76,1
7d06a616-af51-4671-8b47-05aa5550da46,1
7d0bd62f-6da6-40cf-909d-0d2f2d7b9bea,1
658c267d-be03-48ff-85f9-5b1703f4bf02,1
7d143bff-6af5-4080-b127-71bc93ff006d,1
658f8d62-2af9-4d21-9d3c-9906504c5b71,1
65907a63-7141-4c6b-8089-319322f7bc29,1
7d211101-4c0d-4c28-ac35-a5c5f0b2b6ad,1
538ebc62-5cab-4538-841d-75c8845c9aaf,1
5ac3ea61-295b-418c-9dbe-1b11d84a2c28,1
5ac5ac8d-fa9e-4a81-aec2-c8c5f75c9d01,1
7d35a7f5-77ec-468a-b824-91df52df7f96,1
5ac6bc76-f41c-460b-92f6-5c9a2943fe53,1
659d2d39-5b2c-46de-bcc8-920d99ae5c4b,1
7d443ea4-4884-464c-bf27-01e4afe11376,1
5283121d-0da5-4196-b776-1254e751bfad,1
5ac8730a-70ae-4561-9546-b17a9d023627,1
65a3aa53-7d86-49bb-a8be-3af3e7440de2,1
65a72df9-d4db-4173-a887-7677677f9994,1
65a9f25c-2a76-44b6-8089-808b0d8cbb8b,1
7d5cf83b-ed55-443b-8729-cb594c894a2b,1
65adb91b-4270-443e-9a68-8fc8c14c2e12,1
7d65d020-e20f-4787-bf4d-15822c437fed,1
7d6a8fd4-93f7-4b30-9910-ed45e2f139e7,1
7d6f62ad-9fe8-4c22-b9b8-7f9db273571e,1
5acff95b-62c2-4dcc-9495-189ee2e53f44,1
7d7a82be-ca65-4fc5-9133-7b4902fc2568,1
7d7e00bd-d83f-42b4-9663-74908ea903c1,1
7d824177-545a-4811-8e46-cd3cce995af7,1
7d864962-af01-4dae-b7cb-63ea6f41945e,1
5ad45eb3-6f85-4460-8bac-09cbc3fa0cb6,1
7d916878-c81d-4e2a-9b4a-2278971e15b8,1
7d977da0-abff-4e22-8865-561fe3c72fe4,1
55d5918c-dd7c-4712-8cfb-1c77fa68891a,1
65c79271-2dd1-45e3-b2fd-8f5e19b37e88,1
65ca189a-7afd-4061-9a0b-a7ac68879c69,1
7dacea0b-fd09-4305-aa5b-bb373e940ed0,1
7db11288-03fe-4bd9-8a02-d38ed95cdc55,1
7db3be59-8fe7-4d17-945d-59eecfd41a1c,1
65cf9c60-3674-4d47-886b-c8de30ffc5e6,1
5ae1cdba-28f7-4c9a-b71c-a6bc52a21a21,1
5ae1f13b-b74a-490e-8289-d14163a41a21,1
7dc76392-0f96-41de-bbb4-f70dfcb822fa,1
65db4bf0-34bb-4113-875f-847a512c4819,1
7dd222dd-3ac7-43d2-a79a-eefe99be0eb3,1
53968d2a-accf-4a25-8752-0a28449e1342,1
65de6f70-0e55-4847-af6c-8f694360eed6,1
7ddd9af9-79ae-452b-a6aa-d55883ac06a4,1
7de28f28-0372-4222-8d81-f785b4877c12,1
65e3b208-b26e-4d2f-a9c3-ea6178c99f04,1
7dedee3f-4593-42be-9c05-d83c58aa9d70,1
7df208d9-4244-4774-a363-d938cae54e12,1
5aead84c-ab0b-4ad2-890d-dc8cfa477e17,1
55dcbba7-efb4-4999-b0b6-9dbdce6c022e,1
65eeeaea-cd71-4b3b-8329-11c9d9f051f8,1
65ef24b7-ca3c-4439-9a0c-1d7c33bc7b58,1
7e02c02d-f5d3-424e-b834-e922a8d726d5,1
7e06234d-bb5b-4f51-a602-dab1da6f516c,1
7e0b13d5-936e-4bb4-8463-852ca81976ac,1
7e0e4535-676c-4732-87f5-8d043bbea62c,1
7e1306f4-2a4f-4ae9-802d-7314ea1e8af8,1
7e169476-0d46-4902-b330-3382e4f9fb9d,1
7e193fd0-f7af-4d54-8c35-bbd8e74a141c,1
55e2eee4-0d91-46c7-902d-d8acd0f2dcc7,1
7e205f46-046d-4ae0-901a-2f3cd4075b41,1
5af8de1d-0b21-412a-a25c-00824c7ece29,1
7e28bb80-4ddd-41c8-acbd-098a1f8c940d,1
660304a7-4f16-4f87-a028-5075504bb3ce,1
7e2e8786-17ba-4cc2-827f-3bf20734e55d,1
55e4fb7a-c009-4a7e-89b5-07081b9568a5,1
66073104-32e1-42c5-bc2b-557eedcc5c13,1
5afe9334-d03d-4fad-a73d-fd41449de112,1
7e3e921e-7d29-4251-bc39-060fce562e0a,1
7e40e078-13cc-46c1-a455-42dfdb89ded2,1
7e44159a-9272-4550-8e71-69ce1a389ceb,1
7e46cc73-8c06-4c05-ace2-d345cbf8da52,1
7e4a4b30-3bc6-4a9c-b0b3-0daf6c284504,1
5b068ba0-d45d-44cc-972e-90bf6ac9fe59,1
7e54bbad-70e9-4645-ac91-c8df79db7374,1
6614d515-a297-48b7-a730-5fb0cbd5ae69,1
5b088f90-ba81-46f0-928e-d93eed9b2cad,1
7e5fe4e7-64ce-41cd-b13d-4ccb101ffe79,1
7e66dfef-fa76-4b7a-90e3-5c17c1b48f08,1
7e6aaa66-d997-431b-874f-6294114431ee,1
7e6fba5c-5a86-4835-88a7-d1239c96b481,1
661ca862-cced-4a98-a82c-8f69af80046a,1
7e7b0226-3d6d-40c6-b3b8-f1e30e0a78bd,1
51c56ce9-a850-43da-9864-da489c19a54d,1
7e8385a6-347e-43da-a5a0-78ac63316c03,1
6623360b-0402-4709-b320-bed54db3075b,1
7e8c169b-1934-4837-aaa1-871fcef7c993,1
5b150df8-8231-4486-9a67-1d1e071e81d4,1
662ae589-47bb-43c7-b846-697d606c6dd4,1
662c6204-d26f-4aaf-b822-a315a549e528,1
7e9dd409-b530-47db-a74d-14984af60850,1
7ea069b4-36d9-4b39-b83a-a6fb85b17e01,1
7ea455fc-f735-48c8-83e2-1632860bef12,1
7ea97a50-9f3b-42bb-b24c-391372ae8f6e,1
5b1cc066-b7b1-4c9d-8cdd-b135893ec63f,1
7eb08043-1b09-4221-8ab1-cb0bdf356422,1
66398106-11f3-4ef7-8d53-a8caba9daa6b,1
7eb86a5e-654d-4ef7-80fa-a8ef5d0bfcd8,1
7ebe5967-f53b-4f84-90e6-997567e2da11,1
7ec12d44-f4b1-4c23-9e26-a3fbfe69948e,1
5b215bd1-08ad-44db-8f54-2f1da221fadc,1
6645f943-e68e-403d-ace1-3c997dbbc9ca,1
5b22cf90-2109-47e4-b417-aaf90b8f06c8,1
664b80e2-7f33-414f-bfb3-7f06cd441393,1
5b2486a6-c1c4-4742-8e8e-9ce7df9b8e1e,1
665030a2-8397-4942-a14f-599e0f46ba7a,1
665169c6-da66-472e-ae1b-76827112cfc9,1
7ee20042-eeaa-4121-a20a-4e11c0a734ea,1
6653a3be-3b4b-41b9-87ae-0faba01da6d5,1
7eea2223-c43d-415d-a64f-34384abfc1fb,1
7eee60b0-c90c-4168-98ca-295f75c65a37,1
7ef3362c-20ce-4442-963e-4ea18ec75e2c,1
7ef67e68-ff20-4d55-88a4-5b4bb1ab3550,1
53a46c74-0e1b-41b5-9f07-2f406dc9ef33,1
7efe47ef-9e34-41b7-b626-f9129004f0f9,1
5b2b4b7a-55a5-40a2-8e53-13b1974112ea,1
7f06ec14-0107-4942-9d3c-82ea374e8b00,1
5b2eda2f-eccd-451f-8c68-91a4b4e3c9ca,1
7f0ecfa1-d235-473f-bde3-75ac3059c4aa,1
55f85c8a-bcd6-4f9f-8a14-9800ae2a497c,1
5b34571e-ee28-41c4-bb34-f7340e2890de,1
666ce33c-fe05-4341-b1ef-2d0e5ffa71b0,1
7f1f2529-3151-4384-b326-281e01c78764,1
7f230bc7-841c-42cf-964c-4530bf230378,1
5b3adf80-5635-463c-87c0-1ca1531445b2,1
7f2bb12b-fe85-418b-96ae-18792bceb543,1
7f304c16-3c63-4388-8bec-6f5e6acaa24b,1
7f33931a-5a08-4456-b208-f137280d56ff,1
667f3cd8-fdee-45ee-9bed-d48b755d359d,1
7f3ef4dc-3cc1-42bf-940c-3cc6d11c2f3f,1
66839dca-c5dd-4c6b-8492-ce9242903fcf,1
7f45b99f-369b-4535-9cf0-ce66a5ece845,1
6689c37d-1b26-43e8-bf8e-d57f77ba6886,1
7f4e51d4-2c71-4da0-9175-88cda245df3b,1
7f51defb-7b81-44b3-a308-2f2d5ee1efd8,1
669054c3-c9a1-4f0a-ad0c-12190a3a46cd,1
6693b0ac-e855-46df-9424-9359341be6bb,1
7f61cd3a-f48e-4d7f-b12a-be4617ac3beb,1
55fe60d9-cb58-46c4-9044-1862a72b989d,1
7f68ee49-a1a2-472d-aa5f-744c611321d1,1
7f6c41f6-3265-478a-8384-06e2273828e2,1
5b464126-6251-45e2-be48-05e3b019f959,1
7f72f0fb-06a0-4127-b6dd-993cc8544aad,1
7f77ea41-fa31-44e7-ad12-875bd63669d2,1
7f7c00b1-40f1-49dc-9732-398664c508c3,1
7f8083aa-8ccf-4fdf-aa01-97942691ebe8,1
66a29a95-f880-4f97-b250-968348812652,1
528d51fc-01bc-4578-b9a6-60b0aaad4c92,1
7f90ac66-9f45-4e91-a391-67e9b44ce61b,1
5b4cec2d-494c-4fbc-be4e-af35336232ea,1
7f9b8674-0b8a-4d16-9136-a3e31799859b,1
7fa18a57-f6fb-456e-8920-19f232b7eac8,1
66a984fb-83f9-42f7-8e56-6bac389fd062,1
66ad83a6-a533-4935-a42c-68f04c65eda1,1
66ae92ba-3f69-4ce4-89e4-603b12ce33b3,1
7fb016aa-b0d1-459f-a3e6-01e9cc7f408b,1
5b4f16b1-db46-4211-ac35-1b6cc759d328,1
5b53bc4b-f0a0-43cc-9871-201c35bf34a4,1
7fba4076-df56-4abe-9319-f4d6293b73a4,1
56060068-e025-414e-801a-137866c924cf,1
7fbfca3a-8fe4-40fb-869f-9945395b2bb2,1
66bd1c67-a83a-4c69-be75-6dd2db960dc0,1
7fca2216-fb0f-4c44-b59f-3d3123db1b45,1
560787e8-6ef5-4605-9ec3-3c52cc44a11f,1
66c15456-b8c0-48f4-9ff9-ade1170cf451,1
7fd8eb0a-80c5-4a31-80ec-99ebdce3776f,1
66c4a373-8128-44f2-9ef3-487d68d653fc,1
7fe2843c-4dc5-41d1-b3de-9fc423cf05c5,1
5b63b824-e2e7-4eed-88a1-835031828403,1
66cad241-2d8c-44b1-b570-cca2b3ff2f7b,1
7feb84ed-3837-4991-a874-60475fa40604,1
5b67550f-af00-4470-b06a-8f4205705930,1
7ff29e89-82e4-41cd-aa18-192f42c251ea,1
53ad2ff3-c4b4-4a55-b4a6-15aa82d8738f,1
560c0d37-8ac7-44fd-8416-5427af3c55ef,1
7fff89bf-9e4f-4d83-83d3-f4a70e769a8f,1
66d66b73-de43-4480-ad8b-b8c044b90034,1
80067fe1-6821-4243-9d53-23c6284b5387,1
800a6751-dad7-49e5-9dad-db740dab875e,1
800f12ee-a3c4-4eaa-8622-e14358145e68,1
8012fc01-e141-4798-849a-249963f1b365,1
80160046-6941-413e-8149-d174791f07de,1
66e10d60-668d-42e7-8ddf-3c7643231688,1
801e7dc3-86d4-44e0-afb0-57d955fd0ebd,1
80239875-11be-462c-a5e4-d085223ecfad,1
8027ddcd-8406-4372-b12a-86567c5f279a,1
66e5c91c-8bae-42a7-94c5-0fc48212713e,1
802dfcd9-acb1-46ad-90ac-e3bcf5a711d9,1
80309243-e600-4c09-b768-779c44f4ec92,1
5b7a6364-774e-496d-9049-c2cd08d95561,1
66eca559-1de2-4487-871c-1b74a594e134,1
66edc307-66fa-4f50-8e58-65bf76ecf47b,1
66f0e7d1-866c-4548-8100-394cdec4f721,1
804591c1-f862-43cc-9757-05095bee5ae6,1
5b807a51-a4f0-4e3b-9b89-523fed6ecbbd,1
56152899-bc98-41f9-8bc6-ba3cf8c18238,1
52924f48-1dfe-40d5-a6b3-eeb3a9ca5202,1
8054715a-2207-49f8-84b7-4733d6d1c269,1
66fa2b13-a8c2-414e-aa2a-13ae3837d959,1
805cc493-6a0a-4096-b44d-a2d35f81b6db,1
80601516-b49d-431e-b837-a2d3cc7f8224,1
670015a7-e743-4a6d-a897-dcaab1e6ad03,1
5b8b9fd4-5c88-4017-8a19-37d5cba4e9de,1
806e3ca7-ff1d-448a-8094-dfc33947ca05,1
80718630-46c4-4219-ba2b-d995b63a953b,1
67092bda-b851-420e-becc-a4efe224ae23,1
80790013-f427-4d64-bfcf-181fe1af7349,1
561ac2b4-4952-4030-a577-d29dae7011a8,1
670d6a9a-0a25-436a-95a5-c3670705db7e,1
5b909a0d-0a12-4272-b831-1a32d6f4fc56,1
6711d22b-4a1a-437f-babb-911feffae591,1
67135bf5-edf0-4cc4-a311-5fc2774b4fd3,1
809073a1-614a-4fcf-8f97-e279e576e43c,1
80947e83-14fd-4d95-a14e-c74528a8b6c4,1
809739c8-5949-41f3-aba1-d454f0bd495b,1
561dd010-ad48-4678-adc9-8419da6c89a8,1
671d4c36-b7c4-496b-9d43-f1b4be8e87a0,1
80a50632-5dd3-474c-8104-2fd2edb287ea,1
80ab6e25-5c94-4cad-a2e0-5f35e52c5954,1
80af2526-edfd-471f-8c36-90a018c6c3d0,1
80b29721-3630-42e9-8f83-1e3df9d42678,1
80b7e777-d585-4500-be07-3e4873691635,1
53b3233a-1950-4269-8001-bdbb5e4186b6,1
56249d6e-a8d2-4818-8cc9-601a69be0655,1
80c30fad-2087-4f70-a603-e8fc422540bd,1
80c5811b-f77f-40d6-96db-a3aa941d13c5,1
562578f9-86ef-4ee1-85e0-e17a8f6e2761,1
67346a21-bc3f-46e7-97d7-9284dcaf4913,1
80d0114a-460f-4aa9-aaa3-47f0fe25040f,1
53b49264-1349-4601-90bf-9dafb89bd4db,1
67394c30-9e07-46f7-b048-87196e39ca15,1
80dcbecb-8e11-4cd0-be4a-752f710eb46d,1
673ed828-1856-4392-aa9d-643a7b1e6aa3,1
6742b2ac-91d0-4b72-a720-e0b39a71918a,1
5bac6082-0742-4657-a2d4-f6f4c396727d,1
5bad2788-07c8-49ad-acd7-1c360c2c2b23,1
67484bd4-1981-41e5-b9b3-8cc1e91db62c,1
562b5aa0-39fe-4b90-9d1e-e684e0ae23e9,1
80fe1f0a-8799-403f-887a-03e1ac112a19,1
67509daa-8003-4f89-9dcb-0fedc465a59d,1
8108a995-89fe-4305-ab85-669f5720542c,1
6753ef66-e6f1-4b21-bb4e-ca2fc352c53a,1
8110b0a7-409e-4fc5-b1b0-f6510a529294,1
81148001-8e55-423d-962b-46636d8a2469,1
5295dc02-4fa5-4f90-a609-1f7091d5e035,1
6758a1b7-8192-4d58-b78e-c60349446864,1
81211213-0bca-4ab5-9b51-ff9174bbae74,1
81244fec-75dd-4946-8ab2-9324c1c5e2f5,1
81268868-4855-4a22-9ff7-4aa5689d1ee6,1
812a31de-89d8-4947-b9c8-fa402b6466bb,1
562eb33f-e2ed-4623-b31e-74d2473f78c3,1
562ee944-0c60-4dda-8451-9d94c33bef54,1
5bb94124-640b-4ec1-81b0-fecf0bf6dd72,1
5bba62a0-8e67-426c-89ae-6ed4403cba3b,1
67692f1c-3fc6-4083-9fd7-9697288df323,1
81419cc1-eabc-408a-bd31-01ceecb7a27f,1
676c3119-60a1-4fde-9ca2-7d688c28b5fb,1
814a8037-bb1a-43f6-a993-f6c4ae93475b,1
8150d41b-e774-4778-b1fd-b8cf9f77e114,1
5bbf087f-2976-41d2-ade0-74939d8097ad,1
815a8ecc-55c7-49a6-82fb-cc6318a1150a,1
815d5446-7571-4576-9a4f-4bfae64ace1b,1
81619a94-93fa-4eeb-b237-7ff5f4fc301e,1
53bb1cbb-0fe2-401c-8375-0528a34770a6,1
56362a38-eba4-4577-9e50-2fc50e1d6cdf,1
816ff476-b163-43b1-8653-88beb720b281,1
67808b28-bb4d-4ee0-8299-38dbb9c5d88f,1
67824e61-c152-45c9-add9-16c51a478364,1
817b9868-7f2c-4ea2-a074-6acdf267a258,1
56395e8c-cf1b-42c3-aeef-54650151531f,1
678d6aed-d61d-45bb-979b-eb83770706d3,1
5210794f-ba37-4fd7-b295-c13e7d22d022,1
818b0cbc-bfb3-4aaf-a6fa-c6abaac82960,1
818ed3e5-f3a7-4d2e-ac7b-d9775af2e233,1
8192de1f-2de8-46d4-ba14-a8b8a2a88c26,1
81967285-32d3-4baa-955b-dfbfde6a3134,1
819a6e39-6b49-4ba4-93ca-28077499bb15,1
819df421-d7b7-403a-95ae-a802980d8dae,1
81a28582-408a-4b46-961f-29439f26430a,1
81a61157-c8c8-447a-8807-77ec8c7a0dbb,1
679c94f3-5a3f-4ab8-85bb-6ccd2d27ea19,1
679ffcd4-f53d-4424-965d-a411a251fece,1
5bd8923f-5302-42af-89a6-c15cd511cc23,1
67a1f4e3-7f2d-4bd8-9567-0a969d86bb8d,1
5bd96b96-827a-4c19-8255-343c45151460,1
81b99dda-b601-4296-a8ab-a1f480fc657a,1
67a7fff6-b002-4208-af46-557a2b408f89,1
81c05a78-28b9-4760-bc23-62492c7491c0,1
52989ec6-c8c0-4006-8bba-7056909568cf,1
81c6326c-008a-4d50-9d7c-8e169e1f5210,1
5bdd0ff0-26d0-4ce7-a8c0-9b068f3b5913,1
67af6cdc-ee12-49a9-bc78-0013e3679bde,1
81d6a0bf-95b8-4488-928e-3eb917df847e,1
b6a694a8-91b4-459c-9e08-71ef71b52174,1
d0c0e202-39a7-4002-869a-56471f83fbc4,1
d0c44745-d539-42ae-a3cc-860abd35b3db,1
b6aae2a5-024d-49c0-a218-b4d5b15d74f2,1
d0cf3d6e-7be6-413f-a504-f4c58172694d,1
aa94a399-81de-4531-875f-4acc7e837316,1
b6b26858-685d-4ee0-aeb4-6088f58f3396,1
a285fa95-8e0c-4e01-9b74-1c9dc221e6ef,1
b6b64a23-645d-406a-9a18-817f80429ed6,1
d0e2d3c8-dff7-4c04-8bfc-63761199f685,1
aa9b4d30-46ba-4a83-888f-c90596e76d26,1
d0ec8c08-e306-48aa-9655-48156b302696,1
b6c0142f-c50e-484c-8201-7698b3adcdb0,1
b6c087ca-667e-44f7-a75c-18c625e949ec,1
a524b8a9-cbb5-4ace-b676-7171118acee8,1
aaa202c0-361b-4cfd-9886-e00afea39f01,1
d101ee61-8520-4069-bc6c-4e872bf61cc9,1
d106e539-b430-4fb3-8f2c-451ebc9cf999,1
a5288586-2fac-49f5-a916-75c7cc528e30,1
a152245c-9f58-4175-9ffc-65f598b51e8f,1
d11244f8-fe06-45db-90a0-cdb38802d78e,1
b6d2616f-d04a-4add-9fa6-171dc478ea58,1
b6d48ca5-5def-4df0-99b2-9213a12d9046,1
d11e165d-1fe4-45f4-acca-5c546f09a90c,1
d1201351-39d3-4efc-b8c4-28b9870cb294,1
d1247595-4861-4bb8-a172-f3df3fa8924d,1
a28d54fa-4154-4c6b-b075-a63df53b85b3,1
d12d3252-5129-4aa0-8c76-d9b7b4023bc1,1
d132689f-d1d5-4489-9fec-dd00b117f3a7,1
d138deff-cb34-4557-9222-6f732d6731cd,1
aab33599-f74a-43d2-a0d7-b0dcb71ed76f,1
d13eaa4d-7797-4545-b34e-0ec3f6269e3f,1
a290b2af-ab33-42a7-add5-53c52765800b,1
d144b2db-0cfc-4b6c-92b3-c1cda66e6214,1
d147938f-150e-44d6-9324-66ed7ec1cc2e,1
d1499206-c0df-4549-bfd8-9a4b1dc86aca,1
a534af56-01c0-4516-948a-964a12484010,1
d1524f3b-8370-41be-845a-bba3fbc9f6ca,1
d155a1f0-3010-4450-b8ce-6329f7e20772,1
b6f6ee2c-965f-40bc-a54d-c335e25c4a62,1
d15d0960-646e-495a-8db3-38f975be829b,1
d15f6b02-b1a7-4a9e-8949-f8678d1cb145,1
d1656e11-6f17-4f25-9aaa-bbc8e5b18300,1
b6fea3bc-ce54-48d7-aead-67391f7f7c16,1
d1704ec8-c579-4399-9374-a469b13cd772,1
d1752b03-4402-48f8-82bd-9d26c708273e,1
a5380fe1-0fc3-4213-a46c-bef5881685aa,1
b7045c89-8528-404e-a719-19fcf3cbfe2f,1
d181ea65-1a6d-44f9-8a7c-ba18f45ba499,1
d18580b3-b3dc-4b23-97f0-baf2722625ee,1
d189d053-8862-44f5-a1ef-8bcfe95e2da0,1
d18e4540-d671-41a9-9865-fa11140bbba6,1
b70bb206-c4ed-485a-8229-7d9c7510a978,1
d1975e2f-165e-4b10-9f66-e07c92c89bd6,1
d19a3b13-efd0-4f07-b3b8-5124841d8821,1
d1a10529-680b-4df8-ae05-0f2b49c056a8,1
b7114ce0-d798-4a58-8441-e5c5a17f9b49,1
aac9a454-6a1a-4c00-b4fb-2fd6c1242efd,1
d1ad8a8d-8c65-4dd3-844c-8908d9b0728a,1
d1b4239a-781a-44eb-ae18-90725bea6949,1
d1b81ca5-0db2-4944-a9c7-2215c1764af1,1
b71e3d12-0fc0-4cae-ad53-52296b73b8e4,1
b7209e6a-bf0f-43a2-abc1-556eb2b76209,1
d1c0fa99-79ec-4f44-866f-164f00b6b5f3,1
aad06e8b-e175-48af-aab7-8f4f1607b750,1
d1c918f0-265e-4584-a9dc-984ccaa3e6c8,1
b7284581-76bc-4bd3-bb7e-d4db91df89fb,1
d1d0fb1c-e48a-4893-981d-ef172573fd7f,1
d1d3c44f-13a8-494d-ba4c-6150ffddd0cd,1
b72d3424-23c4-4019-9585-b43424b62b2c,1
b72f6437-5324-4e72-b69a-3715d3f1d767,1
d1e3b05c-b85a-43e3-8be9-5beb4a1cae38,1
d1e851ac-903e-4a27-8542-6e68c787abd7,1
b7339234-2e18-4eca-9ba2-e3922dfb7200,1
aad97503-5786-4f7d-83ac-18abc2100435,1
b7366b12-1804-4fd5-b6b5-a059d31fbdee,1
d1fc78b2-abb9-4508-8687-b0646dd686f4,1
d1ffe650-0714-4662-9eb6-7e1fe9dc1edb,1
aadca8c5-2ef3-4bc9-845b-821f51c00390,1
d20a744d-4594-4dbb-ad68-c26a6de93ede,1
b73e6674-a913-4395-9dfc-5a9c3222ac7e,1
d211fdea-80a1-465f-bd5c-f39e7dc81735,1
b7402ce3-d4e3-477e-9674-c9dc910f40d5,1
d21b8dc6-5867-4efd-8805-50ec15663e5f,1
b742df80-f27b-4eb0-be07-701ab91a332a,1
d22458f4-6899-4809-908a-23eafdfafbf0,1
aae5cc4a-de38-442f-8b64-ac95da86fb88,1
d22ebdb6-910a-4e19-af86-de40af21b059,1
b74b7f2a-37d0-4ef6-b550-6b2dd74bb688,1
b74e21b7-ed3e-423e-beb6-eba4b705aaf2,1
b74fdaea-4a1c-4c5f-89dd-5f338458a2ea,1
d23e305e-0f15-40f2-bbcb-c8f3117c4872,1
d242b2a0-5587-4a12-b1fb-902a9b762f48,1
d2486782-0bf3-4534-a4f1-6b7c7dcc3699,1
b7553fe6-8ca1-4c54-aff3-7f93e6a05486,1
a54c1eef-49bc-41f5-9fe2-5071e3bbe482,1
aaedf351-7039-4bad-a428-5ca1269b9036,1
aaeee685-47e7-41a5-9045-107f118932a2,1
d2625a90-6a26-46a3-b921-2728aa678ecb,1
b75e1a24-fe16-4bb9-993e-bf3277d9c608,1
a29e674d-6c86-40f4-8014-34b328647004,1
d26da46a-a88b-4beb-baf2-bc54ad7d381b,1
d2745c58-2be4-4c77-b5aa-d3cfb3c5f6d9,1
a55021a7-45c7-4df0-a6b0-e260d7e9a6cc,1
d27ba566-990a-4806-887f-9f8b25b5d546,1
b76e605d-c351-4cd3-99dc-e0a177427e79,1
b77013fa-51da-4250-b1fb-b09c37e260df,1
d2876edf-cd9b-47b6-be70-b12c5ca64a1d,1
b7739404-9aaa-4c0e-8d96-b7119ecc9a06,1
d294caf7-f856-44cb-99cd-332cef2b5954,1
d29a2999-36d5-479a-bc3d-92e730070ed9,1
d29e9c1f-c1f1-4822-b16d-1057590f92cd,1
b777e6f5-84d6-48e6-b980-9ab884a8576e,1
d2a63848-f065-4f2c-a064-74fe263c96ff,1
aaf93358-c6f0-4bcd-9ab2-6fe987cbeeb1,1
d2ac6880-2369-4dfa-b9c2-bc7b87c934c9,1
d2b0d00f-abe0-4427-9456-79caf67c900b,1
d2b48322-8fb1-469c-8eab-5169d5542225,1
a0c1540b-c5f0-417c-a5ae-0262363964bc,1
aafdf737-7a9c-4077-8797-2caf03570a5d,1
d2c27b53-1b8c-4b5a-8b2b-10bdf01c402e,1
b789ff37-e5d4-4cf5-a5ac-f1d7faff302a,1
b78d8cbc-f086-4beb-a46a-02a96058ea50,1
d2cf1fc5-b357-48e9-ab51-1b6a9a8db03d,1
b791df16-0e35-4dd9-9c66-54216d5fc28a,1
d2d59f6a-0e4a-484c-9ea0-948305055da8,1
b79573a4-32e0-4190-a285-89e2e0b25bb1,1
d2dcda7f-70d5-42df-83b9-c819e1a967bd,1
d2df9c70-e991-48e8-9144-e779cb999d1f,1
ab05f63e-82aa-4061-a36d-261ed1d8b0c0,1
a2a3d379-0248-4759-a973-d586f8786fef,1
d2eeed15-2e8d-42ad-bbb5-50ddb650e37a,1
d2f414e6-a373-4f76-9952-697cda3fa181,1
d2f86ed1-bbbe-4c69-8039-095599bc5511,1
d2fc7a70-b099-4e88-88d3-b11665c36e40,1
a2a6d7b1-44f4-4bc3-b957-a4e0ee454ed8,1
d30351d1-4014-4609-81c0-71e92bf0119f,1
d30628a3-2130-43a7-8649-a7c72c949051,1
b7a990c9-ab91-4f56-b067-74a496cc350c,1
b7aa21be-05a8-4a29-86eb-32fe587a9540,1
b7ab802b-ae19-4631-ad2f-1c2ab0d1dc9d,1
d3174d4c-7030-4498-a88c-e07882a38793,1
ab10f5bb-b5d3-4339-b07d-54b4e74af0f2,1
b7b2247d-6c51-406f-ad9b-7e86f6fe6e66,1
d324ed71-f701-47b4-9e77-6ab0ce1598af,1
d32b043b-594f-47c2-81fe-6bbfe2dc1f90,1
d32e089b-92ba-4223-8393-c2d6850ab0d9,1
b7b85829-6802-4502-aadc-93d4dc2c1d32,1
ab1848fc-f556-4c17-9960-2e2ae89e63ab,1
b7bad5c0-59c4-4643-b344-a14fde15d89f,1
d33ead6e-653e-44d7-96c8-fe6ec4dfc829,1
ab1aede6-9f4e-4ee4-a094-26879c6cdb6f,1
d3470cf7-8239-4912-a59d-9bab77e3b986,1
d34ba44f-6f1b-4c7b-84d5-9c437b69f771,1
a2ab6885-23a7-417d-aa9f-9afb0699bc76,1
d3543e03-d680-4891-a8e2-3fcd256dbe1d,1
d355cb9b-3691-4252-913c-64dc975a0b27,1
b7ca0706-e18e-4224-831a-89fb591d13b7,1
d35f0cbe-a467-407a-b2fa-702286efe839,1
d3618146-0913-4fe2-9711-0bdc6242cf9a,1
b7cdd7a6-ed8e-423d-85e1-9c42edfa1108,1
d36b4703-2f40-4222-81e8-89b3e0344fc5,1
d3715d87-3971-40ef-be53-9bf07e01d718,1
b7d47057-2506-4cd2-9880-7965eb67468d,1
d37aa51f-3230-44f2-8634-d1080524947c,1
d37d5f68-3ffa-4b77-b030-c08d48d4d045,1
d380a4ef-a6db-43e8-a9bc-f05b63183fe6,1
b7daa78a-f713-4153-a82b-849cb0c2d627,1
ab2f67c3-fb35-49f1-a890-d00a33c96936,1
d38cf2d6-b65a-42b0-ac00-d3fec8ee32e0,1
a570f9c8-9295-4403-aee4-b463c35e7a22,1
b7e37b7b-f98f-4951-9b64-f7b370cb7f65,1
b7e71d67-5897-4629-8462-f516516e1a30,1
a0c4efaf-0387-4d87-a79a-894039236560,1
d3a4900a-ee93-4eb2-a932-f938ad11cc2f,1
d3a9fe55-bd27-46d0-90e1-3ba1236faeb4,1
b7edcb50-de9d-4350-9212-3ff86b89407a,1
ab38aa6e-aef4-45f0-8e44-a03439883a44,1
b7f1807a-696a-47c7-9875-0a089c803fec,1
d3b681ba-1939-44b3-a3f4-1b7b77665d40,1
a2af87fd-1931-4bc2-8897-a962290d70f8,1
ab3a595c-014d-432a-af55-2fb13e74a7d0,1
d3c510d9-69a0-4076-8e1c-cd231b0f45c8,1
a2b04cca-d5d6-4929-b16e-8923ff4cc581,1
ab3d2b6e-7ba8-492e-ae3f-52b3424b8ebf,1
d3ce6b1e-cf72-4cd9-b302-d408bbb0fcdf,1
d3d1b07e-024f-47b9-9741-c4e6fe3dad9e,1
d3d83f32-95c9-4541-8b76-c820aabfad8b,1
d3dc86e1-045a-4787-8329-c636c0790e53,1
ab411558-a257-44d5-a101-8e95a9281b49,1
d3e738b4-2c28-495a-a7d2-068a73098d6a,1
d3eacb1b-7e7c-4263-b7f7-962ee4daa89c,1
b80db1dc-1afb-4baf-8336-0c5030330478,1
a2b09b4e-13cb-47a3-9d2b-edf8d66836d6,1
b8117bb8-a06f-4c7d-ac03-8b908c1e746d,1
d3f589c7-234a-4722-b994-1052b65b1c1a,1
d3fb2a2f-944e-429f-8801-241ba2970f75,1
d3fcef14-f4fe-4ba0-9593-ba686bcf70fc,1
b8177ddc-1467-407b-b23f-d63af912de91,1
b81a07bf-8373-4487-82d4-39c6ead0ccce,1
d409a40d-37ce-47b8-aa62-1a5fbf971ef7,1
d40c483a-cf81-4b0d-a293-9654ce597898,1
d41110b5-5799-4944-b855-cb239fa0bf54,1
d413c358-b225-47aa-902d-414649c114c9,1
d4193bb8-9a6e-4283-8151-29238456f8bc,1
d41d2792-1dfb-4517-bdba-2c68737911da,1
d41fd41c-5f5e-4202-bd7a-85d71c35691a,1
d4229abb-3a47-4a0d-af27-391af2eff7e7,1
b826df63-99b9-489f-a0ae-1c5213c82d45,1
b82817ca-8235-4467-b8d9-9495d0c5eb10,1
b82b988d-6178-49e5-825e-924ef68d8d3d,1
d434e091-d3bc-4c6d-b5e7-c13de96c108a,1
d437a486-2c53-4e75-bad8-b8a7891ccd1a,1
d43bf6ab-faaa-4e16-8294-d281478708c3,1
d441500c-2250-4238-be49-e2e115221295,1
d44772bd-5c5a-4512-81d2-d59b607f7267,1
b8379de1-d381-48dd-8add-2e00d9f5c31d,1
b83a2dbb-0caf-4a7f-b5d9-cda5a846bdcf,1
d456516f-f224-4890-95ea-8a746c0e44e4,1
ab5af75b-995a-43c9-ac99-53d6eb5d2540,1
ab5b39ed-8415-4f1b-b83e-21257d348468,1
b844236c-0622-4b6c-8f2f-2c7cc5635ec8,1
a2b6daa5-a7bb-41b4-be00-91c2182e98da,1
d469ae12-074f-4982-918b-0cf3fd1ad2fa,1
b849587a-0af0-414e-b11e-137358faa0cf,1
d474d73c-48ae-43f3-88eb-49ca32adcd65,1
d47c838a-fc91-4b63-b514-d81968ac53c6,1
d480adc7-bb2d-4c56-a286-1da25c3d7bff,1
ab620e91-c975-406c-aec5-a44fc485a1ee,1
d487bac9-fd83-4de1-a5f4-8076d31cd856,1
a5874b36-8835-4dc7-8040-c720291a7ecd,1
ab64c3c5-0d30-4a80-876e-0379932c6a3c,1
ab668fe7-4e28-47eb-bcd8-8d18362ef5cb,1
ab6770b0-9ebb-498a-8b37-6031f035de3f,1
d4998223-0c2d-4b87-8742-5d09c21de2a9,1
ab6910d5-9e2f-47a7-a376-1e2c103881d3,1
d49ed04b-ce03-4b31-b61f-6d9b3798bb4f,1
d4a2f176-c270-4453-b35a-6a263a73d191,1
d4a54bb2-f926-4a75-9458-bbc27b0a1c6e,1
b8661063-0a1b-465f-9951-f644db238c52,1
d4ad9f1c-fc62-413c-ae96-0fc6014a8d63,1
d4af82b1-43c6-4e00-8b05-59c60ac84fb8,1
d4b2b0ac-d0f8-4ff0-a89a-ad1ccb68a748,1
b86dd76c-81c3-44e4-8cef-2c8e4240121f,1
d4baf18f-6d8b-423d-acf0-18a6886ed7a5,1
b86ea01f-08d8-4ac5-8d94-54a1e620b2fe,1
d4bfa4f5-920b-4f86-9d3f-abdd7f565932,1
ab72f862-4e55-4713-8299-bb18b7708896,1
a59019ec-b205-4482-b6fe-800683a76546,1
a5912f6c-bcd4-4020-bef3-d2b758378a0a,1
d4ca34cd-1691-4f56-b05b-7047bf71a0a0,1
b878375d-45e9-4bee-bfe3-3d561aae930f,1
b87c0a6e-57db-4743-a3b0-d269f4a14b96,1
d4d4d52c-a9ea-4026-afe5-c0b7d4648019,1
d4d80a30-969a-4152-aac0-c73e70058b97,1
ab7b116d-e24d-4e0f-9a29-2ed90c767ab9,1
b88478ca-084a-42af-9ce0-7661d9590c07,1
d4e582eb-7078-4246-853f-4d4fa9b39468,1
d4e9bcda-ea33-4675-986e-1e75a7291c4f,1
d4ecebc5-3c0b-4e93-afd2-a2e585700646,1
ab7f3748-8fd7-4df8-84df-600ee0ff5793,1
b88f7f75-a010-4861-9a6d-587e0c7dd155,1
b8904e86-1bdf-4ba4-9e0f-9817f6e79de2,1
d50109ee-ea9a-40e0-91c8-8371aadd1f91,1
d506aa61-2c70-476f-9bf4-b11a7b888af2,1
d50b6f95-61e6-4663-90c2-dd0fe35f0378,1
ab849f74-285a-428d-9a83-f7e0cdfdf1b0,1
d5128a7f-f302-4b6e-9376-b61ee79d99dc,1
d5145fbf-808e-4d5a-bedd-788f3ce0baf7,1
d517ef38-38f8-492d-a9c1-3bbb7e0d11a4,1
b89d8e92-4afa-4376-963d-f2e3928d6b53,1
b8a100f3-3ab6-482f-b31c-98ad1917d86a,1
d52837a9-428d-4be9-bc8b-1280289b14be,1
a1696d75-28d0-4a00-9b1f-33372a9005a5,1
d531d83e-3cca-4ea8-ab17-9d1b68d21bb3,1
b8ab775a-a8e9-485f-b741-1a60b883c80a,1
b8acc233-f8b8-4587-bc59-ed313e0788dc,1
d53f2788-d3cf-48f7-a706-4c03a07f9409,1
ab9210f3-8ca7-4c58-9227-b723ae1f306b,1
d547b745-07a1-4551-b2fa-836ece64535c,1
d54bc178-e42f-40f3-97b4-d99d32ce538a,1
d54db744-63d3-4e9f-9d7d-1ff48c21ffce,1
ab95bcd9-67fe-4236-8b55-29ba838b4ccd,1
d5567468-9864-437a-9eaf-e932c37bea02,1
ab984343-9b02-41d9-a3cf-0ea50ff07c10,1
ab999103-8407-472e-b0c4-e029059f716f,1
a16a397f-47f1-4644-b684-e6cb037216a8,1
d563b3bb-16be-4438-bc2c-458f4353a372,1
d565dcc5-b6bf-429c-9e39-2322cc25de74,1
b8c5de6d-ef9a-41bb-a57a-7a8d38df92d7,1
a5a18187-95e0-4c74-ba96-bcc522925e72,1
b8c89c45-7cfd-4fa1-b434-7f8d1da1b593,1
d57782b3-f980-411d-901d-acb42e4e43ab,1
b8cd8149-bc9a-4b81-b729-e7f4d25b6822,1
aba402f3-475a-466d-876a-61522fb78d14,1
a03503f0-e374-451b-8a5e-df39e802447b,1
d584614c-9b37-4049-9d21-dd832516cf04,1
d58959a4-a4a3-4206-9ac6-07c9fd61474f,1
d58bd1ff-6fad-4cd9-a810-70b8bdfa9c58,1
d58e223e-91b8-45f3-b5b1-3515122394cc,1
a5a5c2c3-4f30-4c1a-8935-22752674a736,1
d5943022-32fd-4e83-a3d5-6dbfe92e2fc8,1
aba9ec11-3441-4b62-8e9c-eb6306cbe1de,1
abad07c1-67cd-4fee-8ad9-8d144208eb3b,1
d5a2c764-c6ee-4209-b8fe-c8aa5ed2133a,1
a5a661d2-76a3-4223-b7d2-72fdec3e4d93,1
d5ad6fd2-bb13-4fe4-a5fd-8bc091a346e0,1
d5b2752e-3f1d-4add-addd-aacbb3938bb0,1
abb03c6c-9154-44cf-a4ad-0fe4ebb3fb3a,1
abb06e40-69dd-4493-b47d-e4f7d1e258ef,1
b8ebabaf-86cb-4283-a8f4-e63812fb4955,1
d5c06079-eb7e-4f13-9101-7310e5b7e6b5,1
abb3ed6c-8ecf-4889-85e1-72f670cb2776,1
b8f39c43-b0b3-4fca-9063-0551deccaa60,1
d5c98299-bc93-40e1-a37e-e9fe635a7e90,1
d5cc6b00-32a5-4def-848a-9bba3b0c71a4,1
b8f864b4-f19b-430c-ad5e-ef33a5de2761,1
b8fc61d6-2e96-4fa7-81d0-f76cef95a053,1
b8fe4650-881b-4dc8-8234-2436b55b04df,1
b90008ec-faa0-4771-8feb-37731346f589,1
b9038d17-b689-4b5b-93e6-a56098987c1d,1
abbdf676-c789-4e08-94c1-2b9a061214f7,1
a2c9148a-4417-4130-a4c5-3eb2f1b9e159,1
d5ee612d-39ff-498a-94b1-8137ed85c612,1
d5f0643c-6510-4e16-bbd3-08da5470b674,1
d5f5125f-e04b-4f57-9e44-205deb33e104,1
a16d5d3c-612e-48a3-8891-0534918dc14e,1
d5febe40-cb5b-48bf-b229-067b092c2e0a,1
d603884e-6603-439c-a4a2-09bca4bc2ec9,1
d6085b12-9094-4e60-bde5-0b00b1b5d6df,1
d60b17da-128c-4592-aff2-9b8010e48db0,1
d610b656-8e6c-4eff-a47e-4763055aca54,1
d615001a-bef6-462f-8363-70f0955b87d0,1
d618d5d0-bb2b-4048-bd1b-7121a94200f6,1
d62005fe-5773-4eca-9d8f-aa63d363ec32,1
d6240480-6cf7-4449-92fb-faf067857308,1
d6296d6a-6482-403a-91ba-9cb6aac72e7e,1
d63243aa-9796-46d8-8fd2-047b96b57190,1
d63696af-836c-485b-8550-b198890ad40a,1
d63acd67-9680-4ec3-9900-91613f9509ad,1
b929df62-a139-416f-afd3-6d9b4e2b4806,1
d642801f-1b9e-4a87-99fc-71462613c34c,1
d646beec-4175-42b6-961f-7d329a290ecd,1
abd23560-df55-49bf-a0d0-2dd19d158970,1
d64e23c9-b413-461a-a7ef-2f5925876231,1
d65273a2-e2a8-4aa8-9499-f1a1d5819599,1
a1701a66-b993-4c3d-8f07-bd8d5501d01f,1
b9394c6d-0545-47a9-b800-678cb9b57912,1
b93c18f8-7b27-40b8-a144-efeda4df7a8c,1
d6623f4c-5519-4542-a81b-c6ed279473d4,1
d66546f0-bff2-4246-ac0c-8fea193fd81b,1
d6685bfc-cf94-476c-9dcb-28e0620e5f15,1
b93ee514-1a83-4dad-b764-2e882713d675,1
d66eb52a-6fe1-4b3b-92fe-7d6cc2edc411,1
b943c0c1-23a7-4b09-b74f-34138fc50aa9,1
d6751619-a5d7-4d88-b80b-4b7d7c12bac1,1
d67838e4-5fbb-466c-909f-66748e454c7e,1
d67c254b-88e1-4559-beb9-3bfc336e1ef7,1
d680abca-4f3d-49bd-b0f8-d80a28fd16aa,1
d68427a7-e932-452a-b9a2-fbf9696b2d5a,1
d68881e2-ebd4-4bc3-a80e-ceb4b1705dff,1
d68c9af4-0bff-4ec9-8eb1-f6b5cc032b7d,1
a5ba087f-bc21-49d8-b5d3-a05ac9eddf7b,1
b950da59-35de-4627-807a-2bd7b905d142,1
d69bf793-af2a-4703-83e2-d96efb54cebd,1
d6a108f8-8a28-424a-8bd9-8e4454ae04d8,1
a2d5110d-1fb4-498e-8294-df5dd974f88d,1
d6abd4c8-7811-4506-b43f-ad5e096b4343,1
d6af59de-e796-402b-ad40-00481da57389,1
d6b67695-7c9e-4b7b-9511-7159e0e83674,1
a5bd5f72-d347-4d9c-b060-945e8b82542d,1
abee28a1-9520-451e-aa8c-d9296fdd9337,1
b967c84b-cd42-4443-a26b-3609fa978bc4,1
d6c4a638-3e60-4d44-8a56-0c94d85b97fe,1
d6c8cacb-6c76-4cff-b901-e3d095e71221,1
a5bf9d79-c01f-469c-81d3-1598cdeb5632,1
d6d10ae2-e3db-4f72-b569-7642dbbd9257,1
b96f745e-1f6c-49ab-a1bb-4e67b65c0b55,1
a5c06f6d-cbcc-417e-b6f7-1a16b7ae656d,1
d6dd44b1-03d3-4fab-9c0b-7d0063469bcb,1
d6e0095c-d6b0-412a-9cbc-b1c2e94ed9d0,1
d6e4333a-f5dc-4516-84e0-6d637c13be0b,1
d6e668d4-523c-4be8-9f59-2f5c51f3e599,1
d6e94c6d-34b8-4e84-8c1f-a54075dd77c7,1
b97aa078-7193-4297-9478-684f9c0389f4,1
d6ed9aa7-597f-4eaf-bc15-f4ea208d7abe,1
d6f2e6b8-a80a-41c3-8f37-5d58dff79e36,1
d6f86004-fa8e-4e0e-85b5-adf0fb52d9ad,1
d7004b52-8804-43cf-a4b8-6beed9071990,1
abfd0033-377f-470a-b92c-9b050cd4c093,1
a5c51d0d-dd53-476b-91e3-1c8138fd3fa4,1
d70bf157-0def-4254-bd64-20da3a527bcc,1
d70ff77b-fddc-429a-8b35-ed1350e58d50,1
d71790e9-ee12-4d55-8611-ec0fd782dca7,1
d71d6602-79cc-471f-a68c-5ccc112f1992,1
d72341f9-2c60-432c-99b1-7b235e1dcb9d,1
b98e7789-4d69-40be-a089-227fc677cbd1,1
d72b428a-d7ad-4998-82d3-abfd6d028892,1
d72e9a75-174c-47aa-bf21-d984799743ff,1
b993e9b6-2641-4e52-ad03-661ea8b20eb6,1
a5c98ac8-980b-4f45-bcc7-1f85599d7239,1
d73a81dc-ead4-4929-8a7a-6313f358374c,1
a5c9e431-ad97-4f53-b572-a970676e11c5,1
a038e002-9c07-4a07-80c6-179313866cb9,1
d7464ac2-cece-4856-a922-372be5df2901,1
a5cbdc86-8950-4138-96d1-a4824028f0e1,1
a2da564d-733e-4e51-9e0d-68dfdbb13fc6,1
b9a31bc1-8058-40f2-904d-f689ffed1b18,1
d753035e-0790-4d4a-a65b-77f3e377a04c,1
b9a79c1f-2f71-4fd6-b2cd-5e67835941d4,1
d75cb46f-7e79-42e0-b1f7-807d2483bc9b,1
d75fcae0-6639-4013-85d1-dba9a242fad8,1
d76345a5-37b0-4bb4-af34-0f83b70c395d,1
d76868c9-3447-4362-886a-47c4d978742c,1
d76ca57c-c76f-4c52-9810-5d3debb7b1eb,1
d7715057-656e-45ad-90a6-387658e30484,1
d7759bf3-4d3d-4813-bf9d-04f3c8384699,1
d7780e95-6c79-464f-939f-6bb495565d2b,1
d77dcaf4-eb0f-45e5-be9a-3d1dd6a446ef,1
b9b78e6a-1e67-413c-842d-ce06c5fc66ab,1
b9b98bab-ad33-4f97-ad72-0da13be0b694,1
b9bbce40-c837-42d2-9a47-69ade25088de,1
d7905287-ed82-4921-bd28-fff162e57619,1
a0766916-357d-4bb5-874b-fbb1b2486abe,1
ac1cc9f5-5b02-4e95-9b5c-ff79d2ed00ed,1
d7971026-787c-47f6-bc3a-ecf15ff60e68,1
b9c0feef-36d2-4de4-85b5-3f2231d8eca1,1
d79d73ff-fd1d-455c-bac7-e7355e30cf7d,1
ac2100aa-cb90-4aeb-951c-6e21478fff21,1
a5d3a924-9a08-43db-a57d-db465ee0f5cc,1
d7a6196e-1bb9-49ff-9cb3-368e294c16b7,1
d7aab287-3256-4513-80ed-760ca6d95752,1
d7ae4142-832b-474f-8e94-39a93f72d128,1
a0770dcf-1db3-436f-a4d5-0701c96e5019,1
d7b7e270-c7f7-450f-b278-98daabc35658,1
ac256137-4bc1-407f-9a32-dc79f9e57b32,1
ac292111-1c3b-46ce-9c42-e92eb8577f37,1
d7c6585e-1777-437d-8c11-367c8408b710,1
d7c948ce-b41d-48a1-8436-b50d6f9ddbc2,1
d7cb9446-f5d1-427a-90fc-275bfd6ceffa,1
d7d034a3-cb43-4847-96a3-17f4fe577ac4,1
ac31df90-91de-403c-b60c-8f97fc9442e0,1
ac32e00f-7d3c-4f7d-89a1-91f49900d6bd,1
a5dc8a47-f95e-4d52-9932-8037af0815ac,1
d7e2e559-198c-4c81-b27c-296069b84073,1
b9e14ef4-aff0-4183-86e0-abca4f5cdedd,1
d7e87bef-6634-48d6-883d-e263ac3287f0,1
ac3590f7-b2a7-425f-928c-ff3ee573d0fc,1
d7f14654-f4db-4f15-8404-7c28d6653051,1
d7f5d17a-bed0-4625-afbd-c2ce2950e942,1
d7f885e6-e3ab-408f-afa6-1920eb3693d8,1
d7f9ee41-cddd-4b95-99f6-590596e5372c,1
d7fe06d7-beb4-453c-b2d9-198106cedfd0,1
d803488e-224f-498f-b68a-08af4d98bd5b,1
d805d925-af7d-4385-9635-6ab80ceb5314,1
d808e3d8-3fce-431a-8f60-f13917482f82,1
ac3e3b73-b4cf-4e5e-8ebe-44e697a44ab3,1
a5e1bb0d-ebd6-416e-97df-5eae362ab690,1
a2eb4328-1090-45bd-a7be-cece892f38da,1
d818a45c-a2b1-4ee2-ae5d-63b27fb4b81f,1
ba00d48c-a9c3-45c0-aa43-b7aa799e432a,1
ac41a54a-25e7-4e29-8879-46e406219dcf,1
d82782c0-83bc-41cf-8171-2265877b110e,1
d82a7f75-ef5a-426f-be6d-e5698fc9d1da,1
ba09b345-d5c7-4aac-b6a9-d9d6bea294e0,1
a5e4b3fd-9892-4dfe-8923-c6e3729cc578,1
ac49e3ad-dda4-419f-a766-4a295cdfb842,1
d83aaf23-9a89-48c1-ae22-a46711db1daa,1
d840c552-1713-419f-916a-0cef3dd1383b,1
ba10fb63-2826-4ff2-a5cb-a1629a080682,1
ba138665-aa09-48de-b8ec-6b588837da87,1
d84f4185-d300-482b-9ee8-98b67b4a6f2a,1
a2ededf9-fa52-496b-b0b1-780eef39159a,1
d857674e-e18c-4d53-a34b-95fe153b59ea,1
d85ba20e-2e36-49ac-b84f-e18b91161d33,1
d85da9ca-256c-478f-830f-6c0ede09f638,1
d86174b5-6bcb-4f8a-acea-454ef4936f55,1
a5e610b9-876e-45c1-be13-7df8f516a374,1
ba2656f0-fd82-42fd-970c-5c810b5ff765,1
d86f578d-a26d-4f28-8789-3a74a5b493f0,1
d871c131-23ab-4fc1-ac86-344c88ba5345,1
d875e7a3-297c-4892-9e59-132ca54adb4c,1
ba2e287c-caa5-4917-8c68-4b003bbece6f,1
ba2f5d19-36a2-4417-a921-297667bd30ec,1
ac5c6cdc-aa21-4f9a-a3cd-84cbdb774ecc,1
d8890cae-4809-459c-8e62-c0bdbda1ec56,1
d88e11c4-b1b7-45da-9b70-19c75f5e8041,1
a5ea06bf-3036-4c2e-b58c-8e0f1f598a32,1
ba3a283f-e8e0-413e-a39e-90a750a7defe,1
ac630bb7-0648-4af1-b450-61ecfdb3afd7,1
ac63d57e-7ace-464e-84af-5da63696ce5c,1
d8a24b3f-2ea8-424a-8147-42424f6b5a7e,1
d8a5fddd-2855-4be1-a296-7c65d235bf53,1
d8aa630d-4993-4068-9516-e5e758b90870,1
ba44388a-277c-4ccb-8855-d03437d5e2c8,1
ba45f959-5498-44bb-98f2-405f4c5d0a30,1
ba475b5f-0cd3-4f11-ac2f-1cf479a4118d,1
ba4a0ade-caea-4233-be08-30c8d2bacb98,1
d8bcc8ec-7033-4570-9dba-e20f178161d9,1
d8c054fc-0aca-4795-b367-ccfc37b6f022,1
d8c2ed4c-3a53-4f30-91c6-be14872a5d5d,1
ba50830b-bdae-4c76-8248-c0a8a1ef8deb,1
ba551a8e-1dc2-40ac-a195-8f9b03c55e1f,1
d8cce118-8750-4891-9cbe-7710899efcf1,1
ba589475-ebdf-4de1-9ce9-fba385dcc1cf,1
d8d353a7-542e-4cbe-9da6-2cd7e900370d,1
a2f55d0e-0f25-4bc0-b54f-b282706e20db,1
d8db3fb3-32b0-4484-898b-bd48bec7304c,1
d8e0a79c-a40e-4d1c-be21-5eaa0e6a2947,1
d8e3a109-0f47-40f3-8ad3-a4c61e40aacd,1
d8e89fa9-4ec1-4037-8348-49e8cd5878b5,1
ac7287c1-1203-474b-a8d3-ce8d0b30030e,1
ac762877-6830-4d8b-9e92-bd97935eefe5,1
d8f4ec4c-724f-4e2d-933a-99274e81255e,1
ac7b279e-b15c-4cf7-9f06-18d01d274f09,1
a5f9038a-7013-4441-899a-7181a091135a,1
d90145f9-645a-4d9f-a05f-537eab98ba58,1
d905a6f7-8211-4834-a0c2-9a6b5b04fd19,1
ac7e2116-4356-4538-b3a6-6cf575ff5ff6,1
a5f9101c-2eaf-4818-85a3-d321ce36bee7,1
ac7f87d6-ae5b-40d9-a50e-83374212f810,1
d9161dab-e896-4e57-b9f1-b06a8d20425b,1
ba7c7900-0bd2-4de1-9373-2e9b6a80f3fa,1
d91f0f49-4eb4-4bd4-8589-b6576dd78069,1
d923b696-f0e3-4c64-a576-a0f8b3c8ecc1,1
d9265000-bf7b-49ae-8844-d7f182dbce78,1
d929daeb-839b-4e61-b659-de8c62438e39,1
d93069fc-3f5c-4907-ad1d-660889461c81,1
ba862d5b-9c5c-4ed1-b643-5bf1986dd349,1
d936e1e4-fed5-4fbd-bec1-d2c37594a8db,1
d93ae9d5-bf0d-4bbc-8a28-a5af6779db00,1
ac8681c8-9bad-4c48-87ed-716f04662c00,1
d9468851-259d-4b9f-bf71-61b164cf00ef,1
d94ab9c3-c3e8-43db-86d3-05da1be9b14a,1
ba8d1eda-4488-4c3c-83cc-4c48cb84627b,1
ba90392a-63a8-4021-a310-66e057b79f22,1
ba913bd0-d6a5-4935-a78d-885a4f3b2c48,1
d9594d18-4332-4890-bf28-b9254b0dd8a7,1
d95dc72b-1603-4983-bf6a-d07594ae3d85,1
ac8d5e17-51b9-4c66-9b84-93c145bdd631,1
d9660eb8-1ddf-45db-8621-c40b1f08e1f8,1
d96a77a0-7d47-473b-a281-4c3ef4f68f4b,1
d96df9f7-6f2e-496d-971e-76a161ba7dd2,1
ba9cf0d0-d0e0-49a5-900c-8b2bf27b89d3,1
d97685e1-277f-47f5-9b19-322b3f7dd078,1
d97bde9d-c623-4249-b5af-f836a839467d,1
d9813da1-a8db-46df-ae4b-98e7d0f14ef9,1
d985243f-d006-4532-9738-297361d6a6b1,1
d989ff1e-d22d-407d-91b8-3d9c549eabd6,1
d98c5d7d-de5c-4295-90ae-81b768a11fc5,1
baa5f5d2-6a65-4eca-a666-919380cbccba,1
d9962c59-1ec6-42be-8cee-e4ae80951074,1
baabb8c4-ae7c-4342-b344-edfb38aff8b3,1
baad0f5c-8c35-4ed4-a6b0-ebf75cf96096,1
baadb15f-4191-4010-a78e-d3500c62415a,1
d9a18173-2524-41da-9053-389e5cf6036a,1
d9a84d99-5b54-4852-8919-96b901762ebe,1
d9aac4c2-62d8-4722-a0d7-c69baa2db3c5,1
a60410b8-5d29-44e3-a9fe-06a78cda434c,1
d9b40c89-09bf-4105-a093-adb5f6fea31b,1
babaa379-984f-496c-91b6-a1f5e5416078,1
d9b92887-9577-464f-b7ad-33b968ae8f9c,1
d9bdab5d-9570-405b-b091-70a105c2e331,1
d9c6a506-4f5c-4d84-87da-af95c7a8bf52,1
aca0d3f7-b451-4f5e-8b97-65d6109b61b0,1
d9cebdb6-4030-4462-84e7-d7c5d1d32bed,1
bac65798-31c9-4b5d-8c37-21eb13d98ea7,1
d9dbca65-a54d-4dfa-a9b5-1d8e521dac9d,1
d9e0cc22-eb89-48fb-a5f0-0403403ff942,1
aca73903-1f69-4e5e-afb1-08a1e2ae9b4d,1
d9ea1ae0-136d-45bc-a757-6c90ad358fb5,1
d9ebdb88-a46c-45e3-97bd-c22472db0c70,1
bad48ea0-897f-4dc9-8d9d-f790d3c3059f,1
bad71db5-cb58-41ec-8ff7-971e85419643,1
d9fac3a3-1f51-457e-bccd-5d3210f8337e,1
bad98613-60a0-4941-a904-b1355304aebb,1
da01a2a8-4716-42e5-acad-6096e83fb147,1
da043756-e2c7-4d01-8be0-c39f7db9a77c,1
da09f6d9-27f5-4676-b918-b448e589bbab,1
bae42943-598c-4627-8d45-fbee08787712,1
da0fd64d-c535-496b-b680-c56f56627a03,1
bae72d8c-0546-4648-ba5d-6ed87e5ad184,1
acafb639-2e50-406e-ab58-a9750e37ddbd,1
da1d9daa-1b0f-4870-93ea-b61f5767b3d1,1
acb22577-ed3b-486a-b2f2-00f04cef31f9,1
baecfa4e-33ef-4139-8abd-bf52f9978ffe,1
baefaac0-e6a0-4e68-9e29-b0eaed2893e0,1
da313943-575c-48ff-a77f-b41a1e93d039,1
baf42e01-129c-4d45-8aa3-1707bf42744b,1
acb62e5d-70db-4af1-947b-722b6ff01e66,1
acb76ae6-2ead-49e8-8ce1-4f9808f46540,1
da43f39b-c19a-4b58-ad19-e82482f5298a,1
bafcd3e8-f21b-4786-831f-42fc5b494db1,1
baff7db4-282d-4801-a837-83a58a6a118b,1
da509467-0f80-4a2a-9571-9fd9438c0102,1
da53dae6-c3c8-4e2e-822d-6057a86e4b9b,1
bb040e05-86c0-43bc-8ac2-a4750c47c4a4,1
da59d938-fc1f-49f2-80a5-41c9ccf6fcae,1
a0572cfb-4a94-4b78-8a5b-4121e4d795a3,1
da6101f2-2a37-4a07-b182-597a26647ddc,1
da65a23d-311e-4f37-83c4-5a8c020baa48,1
acbcff47-7e74-4cb8-913b-3ecf9cb6e09a,1
a303482f-48a1-486c-accf-6245c82ce94b,1
bb0ec8aa-0828-42d4-81e8-dcceb5ce69fc,1
acc13772-8dc6-4f03-b1b2-7b955b082c5f,1
da7a5851-5daa-43c4-8ff9-f66bcdfffbb6,1
da7e07f9-273c-48cf-947a-153326ec79ae,1
bb15524e-daaf-4af8-9d6c-2e108ad61121,1
bb15a102-76f4-4cf1-8d63-5cb695deaba4,1
da893a73-2845-4541-a15e-e45f19ef394e,1
da8cf2cd-8e6b-4c14-aaab-fe6d72cc68c0,1
bb1945f0-b51d-44d8-ac75-a56250bfaa36,1
da943dc2-76d8-4030-81ff-c185ffaa8213,1
bb1d0f44-56f0-47b0-9bd6-ef4a237df4e0,1
da98b6e5-652b-4818-87b7-533ce6d48289,1
da9ced3a-420e-4014-8529-05a7cd0377cd,1
acc825ef-ae07-43da-b5c2-27391400118f,1
daa27966-54b5-4b03-b11f-d7a028072a7e,1
bb2a2e37-4e56-4ea2-954d-76628e0fbe85,1
accdbc8f-6b55-4c19-913a-7fcb7ecdea45,1
bb2f190e-cfdd-464c-b7cc-06d004ac7601,1
dab18425-2c02-4ac5-b6c3-ae256b98c3fe,1
a3067c63-b9c4-4307-889e-e1d44beffbcf,1
a61a5742-e83a-402a-9cec-2ae314c5a959,1
dabfd01a-73d9-4520-a0a5-bb85ae2d66c9,1
bb38fb88-d186-4620-b42c-5a0e0790e8b0,1
dac8e89c-68b4-4fda-a2bc-dc9fef14e320,1
dacc06d0-3d7e-43ef-9278-0ebbb2fe1560,1
dad008c4-c4ba-4f0e-a611-5fa604fdb282,1
acd2c49f-c0c6-44ee-a81a-f62b931d53d1,1
acd4bdfb-6e30-4c3e-a812-0794d207a6bd,1
acd5677a-9b97-4e7a-948c-680c4ba8f862,1
dae0f5da-d157-4fd6-a1fb-fd841a699b2b,1
acd5a5dd-b356-4a8e-ad76-8cf410ea035c,1
daea6e3b-cf8a-4748-979a-12ebb5543b06,1
daef276c-f9f5-49ec-8128-d203dd1964e9,1
a3082aff-e157-49b3-be1c-3c8e31462721,1
daf60d1a-c950-4ee8-9cfc-fe32d155a32b,1
bb51bb2c-cfe1-4ed9-b4d4-c1091d33682e,1
a309d9f7-8abb-4c7d-9e6a-b248fd7d8266,1
db04b126-9e8e-48ae-9284-ea478af3b070,1
acdc6cfa-491d-4fa7-a249-0fa1af84080b,1
bb5a4f06-5d8f-4ade-bc74-a203d2ddbbd4,1
db0e7024-7320-4acd-ae51-97369ad4bcaf,1
db139b5a-fba8-457d-8a56-53c8b87d117d,1
bb5cdc55-06ad-4f82-abe1-596beeab93a2,1
bb5efbeb-7b43-4cc9-8d22-0a864912319b,1
ace2a16e-24d2-49d3-94a8-78dd37c199cd,1
db1fafa4-b847-470c-b03d-d83cd4feacab,1
db25dcb3-ed14-488c-b027-04c45ffbc9c2,1
db2a3985-58dc-42ce-95f6-20cb90eb35de,1
db2ccd36-7b7c-4cf5-b5c8-118342a6a9be,1
a0d95de3-f745-49d5-92a5-d061c6950b9d,1
bb6cc6c4-613f-4f11-a50d-83da4424b748,1
db3b676c-0293-453b-a517-15694c11e5c1,1
db3e582e-7b55-49e5-944b-4e319b3a890e,1
bb735b2e-0543-4cb7-9feb-403e2441ff4e,1
bb74ab23-ac63-4e36-b519-ebcb8befd957,1
db504e2f-87fb-4d25-b7b7-9eaae1a22c09,1
bb79247e-0144-453b-88bf-b57d7bc6487c,1
db56b209-4b74-4d31-9c44-80f3dfcdcf55,1
db5af4db-7a42-42d3-986c-dab9219683cd,1
bb7d0591-105c-485d-9eff-ed39c2bfb6d3,1
db63565e-7c82-443b-968d-2c2b98d89061,1
db67c18f-353c-4a8a-8937-f2eb0d3f228d,1
db6d8b03-0724-45ee-b465-be5594f4fca6,1
acf2c6bb-675c-4fa6-84ec-736875ce1bd9,1
acf3f5c1-a771-495d-9696-41c50709c117,1
db78b87f-4242-4e76-b13f-b0a5d30d8bd7,1
db7c44c7-4bf4-4d77-abcc-d1f9ca3142b2,1
bb89d97e-a80c-4743-9dbb-9ccbe89add59,1
bb8d777c-9b69-4323-be79-2e9f8459e547,1
db8b8c88-3b69-4b7a-81bc-3edb8dbecee4,1
db8d8f30-92ac-4433-8003-55be0f78f375,1
db8f6957-a702-4611-a731-ef68c57ebd75,1
db9344ef-c14f-46a6-8e51-31ec85454b39,1
db970e46-a1d2-444a-a44e-a46667b241f5,1
a3158bb5-b16f-459e-97e9-1f3604e29bb2,1
acfc74c1-82ce-415c-a048-aa453df04bc2,1
bb99124d-827c-4971-b155-5dc53a9d2deb,1
a632dbcb-3cad-4f23-ae2b-eb4674d823da,1
a6346011-033c-4ada-b4f2-7c1a086094e3,1
a6347558-6aac-4574-ace1-4a4ca7b41813,1
dbad8fa1-3fb5-4e56-a27e-ef6988a8b494,1
dbb00b33-6613-4af6-865e-fe5ac50723cb,1
bba3b374-dbd2-4402-939c-5a331837cedf,1
dbb6ef62-fd9a-4759-9889-3ddb7b976dab,1
bba6a30b-4e9b-4647-b646-6d57345645ac,1
a318017c-ec34-4601-887c-f0ee4ee7c099,1
ad072b3d-53a8-4904-9740-ef6d24dabeed,1
dbcdec4d-fca0-4a8d-87c3-f91eb87cead0,1
ad077219-d43a-4a01-bd7c-c1a569d7b04f,1
dbd5f4c6-e0e7-4d76-bdbf-fa53754ab529,1
dbd969c4-e170-4469-a632-a56727b401a7,1
bbb31d75-001c-44bd-8a83-2aa644a2fe5b,1
dbe31969-7f48-47f1-9032-a713fc812718,1
dbe5b987-8162-4ff1-bc9e-9f6859c49e22,1
dbe8b55e-51b6-46fa-ba1d-77400bfc86de,1
ad0cb620-0b99-4021-83d5-1ea59fcff8fe,1
dbf16f56-208c-4f1b-ad05-35c9ee8ce25f,1
ad0e007d-4f01-4cf1-9df7-f29e4a3ebf5a,1
dbfb5f24-94bd-491a-b5e7-86ddaa9d2677,1
dbff18af-93e9-4a50-bb0e-b0fa2a5e71c4,1
dc01b65f-da7b-42bc-b13e-4fa72e9ac646,1
dc0577ea-80d2-47b8-b3f4-11a19ae5baea,1
dc09b328-d6e3-4f08-b560-ba7209bd3f41,1
bbc9abf3-ec39-4e71-b353-90141149ae4e,1
dc125991-e147-4d6a-9a63-2591715326a9,1
bbcd6a1b-1f7e-470d-8d80-5f5f4f09ec0c,1
dc1b4d65-cbb9-499e-a883-710c8ad85a29,1
dc1f5a16-206e-46d2-b437-38c7e132ce93,1
dc2271b5-08e8-437d-9abc-3277dccbaf05,1
a18eca74-271f-4f6f-ab2f-0cabf9dda988,1
dc2c8604-00b6-44e5-85fc-f9326616a9b7,1
dc2f633f-441a-4cba-ac9a-154f32efd68c,1
dc33ad1f-9ddb-460c-8bbd-196a81a3292b,1
dc36f696-2075-4b29-b8cf-a006e52f186a,1
dc3b5e61-9438-435c-af05-e216269dfc02,1
dc3e4279-c535-4281-8a98-78feb9030fa5,1
dc43089d-021f-49b9-a0b7-e3185fb2db06,1
bbe38242-d4e5-4337-88fd-188279a2b9a7,1
a6400ec4-8ba6-4bae-b9e3-fd60f56b53ca,1
dc4fea89-5968-44f8-a542-af897469924b,1
a64037bb-2a25-4241-b5e5-16d4eff57719,1
dc571c12-6c9c-47dd-b8ba-ccb8823b6638,1
a18f75cd-c5f0-4a66-98bb-6a6a24b12f05,1
ad2494f0-4c4b-4a05-9cbb-6796fe89156e,1
dc65a976-d232-43e8-8e92-fa2bf80b106d,1
bbf2436f-cd04-439a-b061-58b6a6455159,1
bbf43c79-8656-4609-9172-081acdd725fd,1
dc70ea23-d2db-4c85-bb0e-3a75601a86d0,1
bbf78115-bf0a-48bb-a73e-2009ed949fa3,1
ad27ff17-33fb-4961-8d09-7ccfd3737461,1
dc7f133f-1f02-4c9d-ab8a-c83cefa33480,1
dc8220e7-a98d-40c7-a891-fdebe349d207,1
dc848443-3d39-42c1-90e1-2700836febeb,1
dc891588-b9a5-41f7-85f3-6b655fbcc392,1
dc8e397f-63ea-4541-a770-845523ba1040,1
dc93f40e-da4b-45e2-96ed-cff6a58d265a,1
bc0a791b-2bbd-4887-9d9c-c2878a2418f3,1
bc0c6f19-cc96-4af1-8e94-f7acf36e77a9,1
dca353cf-3020-4639-9842-9661ed2e8d84,1
dcaabfa4-0d32-49f6-ab03-6c40c5ab208c,1
dcad1ebf-b38e-499d-8727-3edb2200fa3e,1
bc139e12-5647-43d7-9282-0b1757e07736,1
dcb5d743-b15c-4eeb-94b0-fd55ced60df9,1
dcbbaf96-2fda-4c29-bd0e-ac4ac84c76e5,1
dcc29560-33d5-4389-a440-55b3e35e473e,1
dcc51bed-c7f9-4d02-a8d5-6785f7d945e8,1
dcc8744e-50c3-411e-963a-d8cb14468181,1
dccfd1c2-7913-4342-be50-6f696052c486,1
dcd34ad9-d97f-4311-949f-aaf29c2f30d0,1
dcd7c38e-c675-4ec5-b256-56cf42fd9f00,1
dcdc23de-e1ca-4231-ab2b-a62a5ebe79a2,1
dcdf2f10-1db2-4746-9623-5a8258221380,1
bc267e5c-7936-4eed-858b-3baadb3a7b1f,1
ad3cc91c-bd1e-4596-a2bc-4b863e5f3b7f,1
dcf03cfd-6a67-4411-807a-b4208aaf0a48,1
bc2acf94-7fd8-406c-bdfe-fce30b4c4a2d,1
dcfa4bf6-5736-4b8f-a6fc-ff2c87100b21,1
dcfcbe7e-4314-4428-b66b-aa576a164dfb,1
bc30d96d-c139-4521-85ef-820b80067d15,1
dd079461-40eb-4609-b9b6-6345cbd92f3d,1
dd0c30ec-cda3-43fe-9b2c-a2569a3daa9d,1
a64b0150-295c-47c8-b5e8-1a2885da2891,1
bc380af7-c4dd-485b-b9dc-986630705d7d,1
bc391533-7759-4736-b5f3-5ea3c175d7d2,1
dd1901af-c861-450d-add3-1213d8ccb1be,1
dd1cc12a-4ab6-4627-b5b1-d6bffccbcca7,1
a0de4507-099c-4434-8a5e-b4678a291bab,1
dd236497-d124-4492-9896-d422636661b0,1
dd282efb-41f6-4074-bf95-4b8ae91a4b9e,1
a64fb934-7181-4085-baf9-862bcf152028,1
a64fd295-78ba-4a7b-8901-e0a5b7288754,1
bc45912b-7710-44f8-a0a7-532380a66a35,1
a325217e-9894-4fd0-9006-d8132bb673a4,1
dd3781c2-aa68-4497-89de-bc9d1e1cb302,1
dd3e5369-b509-42e2-a80e-acd931ae64bf,1
dd44d04e-8835-471b-811e-e1ecebabe7fd,1
ad4e46ac-41a8-41a8-8478-37e1b624475b,1
ad4ebdf9-7fe9-45f9-8bee-a8cbe9758ddd,1
dd517e05-2f34-4180-9b99-47d57eea99a4,1
ad4fd4cd-2177-469c-a964-b665aff15f52,1
ad524f82-497c-4edd-a855-a3c911046bcc,1
dd5dbfbf-de53-47a8-bd4e-91e0b9807b76,1
ad531ae0-9357-4ce7-9ffd-652dc9e0330d,1
bc5bd238-1283-44c9-85af-7bc4179021ea,1
bc5c9cf7-cde6-42ea-9c1a-87c93ac2d7c8,1
dd69f302-1eda-4c5d-93df-9aead9bf0eb4,1
a656b08f-da00-4039-9930-e112bd408df0,1
dd7617f2-f75c-43e8-bf70-e6cb6eab2368,1
dd79188a-afc9-4e9a-aad3-bf2204a22c2f,1
dd7cba2a-33d2-44fe-a09e-a19b83470324,1
bc6763d7-ba44-4826-bbd5-cfa56903ae7b,1
bc699508-af13-4f1d-9799-9de07c340ed6,1
a65a66c2-c884-43f9-9c82-172b2b81975b,1
dd8aeee5-456b-4fc7-90c2-1dd960c858ce,1
dd8e391a-5ee0-4335-a878-c42930b4a781,1
bc6ef8fa-faf1-4677-9ad5-9f482f6e3148,1
ad5d4356-e5a7-4769-af82-bf90026a5edf,1
dd99a910-02c8-464d-8fd2-f80cb5897fd4,1
dd9cb393-f446-43c3-bb0d-93a1be078b56,1
dda14f3f-aa0b-411c-b0a7-0e519fbbc5b3,1
bc76322f-3209-4cdb-8153-a5ba721f3887,1
ad60d405-dfb2-482d-ac53-59fd14dd52ea,1
ddb35eb8-8f31-44ed-9d7c-fb75a947d188,1
ddb8b8f0-a238-4395-839a-f04d85265a42,1
bc7dbe03-b895-4c1d-8622-8bde674f0a55,1
ddc1bc4b-131a-4ad6-b2ef-5c8d76d6f21d,1
ddc6453a-c4f8-4333-afba-b102a3b155ec,1
ddc9ac4f-8f9d-4f63-9478-e6ffa2dbef48,1
ddcb720d-55b5-46c5-be6d-c014876ce14a,1
ad685db1-6e54-4501-bac3-294ca49d4581,1
bc873dec-1b60-4f63-aa0d-803d976d7765,1
ddd80e6c-1ba1-42e0-953f-f05485647b42,1
dddc52b3-f604-4e60-bbea-5204f5ca48b0,1
a662d500-6360-47c9-b880-f914e5de15b3,1
dde5b697-8848-4620-a701-2a7e14154315,1
dde8cd68-dba2-4551-bed6-88500caf5edf,1
a0df8584-5d87-47a7-8ad7-f9473ab9a04c,1
ad6ef8ad-03d0-4d14-a7af-2784f0f5edfd,1
bc91f4a4-dbfd-44c0-b7d8-12d346826ac8,1
ddfd6c6f-abdf-4195-86b0-c286af59e176,1
de00b180-24c5-44d3-b8b7-2c5c15927398,1
de05a51d-9153-481b-8ad3-968ba606ed56,1
bc96165b-e35f-4ad1-8fff-7ce785d7c95b,1
de0de5c6-9822-4cb2-bad4-415653486851,1
de134966-8669-4573-8e83-a356947fa413,1
a332050f-9fc6-487b-a4a3-ed78a3e563d9,1
bc9c7905-8715-4e9d-9375-8aeca3456f63,1
de23af73-80d2-4bf4-ac7a-63e45b2a86f8,1
ad774f94-1953-44be-8ce0-70152e5b61c5,1
de29def2-d5c3-4ab6-ba10-a52ea7de5e29,1
bca48d0f-7c09-40c6-9d82-6d73a7b31249,1
bca7e5d5-f010-4765-a839-4f4c8a7de23b,1
a199e3b8-b25c-45b3-92a8-0b4939dcd078,1
ad7fd58f-6847-4d94-8c5f-f41c1bccd2eb,1
de3dc387-6480-4788-b25a-dec5e6c1d5f4,1
bcb1766d-e8e5-4e6d-9fbb-03d154c0cd16,1
de4329cc-6daf-4df2-b0c6-dbd263f66b98,1
bcb66014-3aff-41ae-bd74-d817ecf98dab,1
ad862361-e657-4d58-9755-af2a35a4bf8e,1
de4cef68-a234-49e5-b94a-9703e865eb25,1
ad88d9e0-9e2b-4553-b6da-06fb9e61b05e,1
de565fa7-0ecc-44e0-8d2a-5423d3eab411,1
ad89b169-18cd-4357-bb0a-804fb02aaacc,1
ad8bdf9a-0222-493a-8a1f-67140cb1b4cf,1
de5ff476-9fa9-490a-b933-982dacbce9b3,1
de61921a-d718-4801-ab8f-3e965c6b1815,1
a19b473e-0e63-4b26-8787-3ab531dbdb9e,1
bcc593f4-dd6d-420f-8bc3-574436315dac,1
de6a8b6b-4982-4a52-a4bb-6f003318612a,1
bcc94ddc-9561-49d7-aaf0-3d19bb5158ef,1
de75779e-5a73-449a-b3f5-cd25ce385b14,1
de787dc8-062c-4ed5-8f51-414bd34102ff,1
a337f394-a491-4802-8d92-7bf62088e397,1
bcd42d7b-8760-4d7e-aa6c-6086d33fdc8d,1
ad97292b-6e0d-4c73-9205-39019d261c46,1
ad986323-59ac-4041-96da-cdc246a38265,1
de89ba79-7f74-4cb0-a43a-640f9b274102,1
de8e3748-3921-4a71-a359-2a52e5aae897,1
de93b55b-90f5-4bdb-a096-04fea9b0b70f,1
de97e4f5-ebb8-4da8-8852-80250bf9af07,1
ad9a447c-9152-4c94-82de-75ba29ee1014,1
de9ec0de-5237-428d-a1a1-e42cf683c9b8,1
dea2922b-8113-45e0-8bab-ba5aabf2c0b2,1
bce6fc11-c0a0-446f-abcf-a886e43ab9c1,1
deaa3453-223a-41bf-a9ad-8a039e7d5924,1
bce9f47f-a555-42eb-81d9-8be7afec03fc,1
deb3c5b4-14c0-42f8-bd09-c83f11f73cf8,1
bcec0ac5-2b21-4d5e-879a-847811fe85c7,1
deba1e88-2cb3-4eb4-bb9f-78947bc3f8fc,1
debcdc9f-60d9-4bc0-a450-eb326629b95a,1
debf7044-906e-4b69-b088-ce4fb05163c6,1
bcf07a69-e1bd-48f6-a1c3-8164f85c51ce,1
a68220e6-87be-4322-a479-da12a65c6945,1
ada5d73d-f56c-47fc-a7e7-4c8bb2c9f63a,1
ded0b2f6-2a6d-4d71-a385-2d439ba8f7d4,1
bcfba995-2acd-4842-9bd2-aa52ddecee90,1
ded9bfed-bac1-4a65-afdf-53a31ca57429,1
dedf0766-152a-4291-a8d9-b44fa91015b9,1
dee1faf6-2588-407e-b77d-3c9fbc45194b,1
adaf02c0-e973-4be3-99b2-6d87dbc3ab73,1
dee8ad4a-4a34-4c98-b3b4-e2293e61ecc4,1
bd0864b1-7723-494e-8676-79adb25fcaa5,1
bd0aacfe-41f4-443e-8f13-5eaa89bf6d57,1
a33c9570-2a65-4160-9531-d759ec7c829a,1
adb49e49-1dd2-4d05-96ae-182955227cce,1
bd10dad1-5ae4-4bf0-a63c-a07f7d445639,1
df01fd5a-5ee4-40a1-8425-12b40a353228,1
df03a3bb-c34a-4b2a-83ea-cecbf8c0233f,1
bd160e80-3fc3-486e-bbcb-a6e2967573ad,1
df0e5a2f-04a9-4120-92a4-4abcb060310a,1
adb8ad53-4733-4964-a367-c4dce696b96e,1
adb979e6-5144-4542-b30c-c4576b3c9956,1
a0431b48-9d04-4fe6-8a3a-c9f8003fe085,1
bd1efc22-f9df-47b4-b0d1-b543da80853e,1
df23bb7e-4d10-4262-a7f8-fe3d1c036e19,1
df27b0c7-97ef-469f-bd01-9a0e0149ac55,1
bd26c595-49a3-4d82-bad3-0ace25e8a940,1
df2ddaff-38fc-42e2-ba64-81c9db07d3ec,1
df31ff8c-824a-45fb-b505-5bcea8dd0b18,1
df36aaba-dd6c-4020-95ef-a85011211f10,1
df3ac746-3533-41a4-80e0-eef0a21195dd,1
df3e166b-6d71-4ee5-9d86-c4916adc0493,1
bd2ef9b3-a43d-448c-96f7-a5b54a29b1f4,1
adc2bdc2-458b-4a3c-908e-e27acba34351,1
bd328e11-6bfc-484e-b0fd-a05e3f03ef83,1
df4cae59-8746-430e-896e-cf3aeb5eed19,1
df5249f4-3134-48ef-abb9-60982b4e7a52,1
a3412e7e-bab7-408f-9789-cd66a24f9d51,1
bd3e752f-f0c0-40d2-868a-0cba1e7d8875,1
bd3fa716-60c9-4efa-a285-e23ad4399d40,1
bd42effc-bd6c-4186-bf70-4939d7a37e4a,1
df652b6c-460d-4592-bbbc-6207eed4268b,1
df69fa4f-a01a-4145-92c1-f480c351a5fd,1
df6c56cf-fbf0-4aef-913a-c9a099f82fe7,1
a68eb61b-e615-491a-a0f3-bbc58f82cc2a,1
df729c0d-0ce3-4ab3-9785-7d324c6ca7c6,1
df751c52-ab78-4160-8acd-a37530a4f11c,1
df7a1d3c-2233-43dd-b308-c4a7bdd725c4,1
df7f0c70-a8f7-417d-a6a3-a573b107f674,1
bd53bad0-3079-4bf6-b758-37f0c39ca72a,1
adce302b-5115-4eab-a9e1-72192a27e0b9,1
df8f986c-4753-4bc2-8f97-e3d3bf6498fa,1
a691a66c-f2a8-4a0c-9adc-61b0324b3786,1
a691bf03-be0e-4e28-9104-ef669dcd81a4,1
df9a5e72-7ce4-4c64-8e0c-b6ff8e878003,1
add2ded5-8736-4227-87dc-a58fde186aeb,1
dfa2e27a-057b-464c-82b5-e4f26f8cf8cd,1
bd6b17f4-9793-4525-a1a6-96ad63d74317,1
dfaa4453-2cdc-4af5-b125-36342b333244,1
dfabd20d-c243-4a55-acff-2162e2b61d21,1
a697ae41-5534-471d-80bb-14656e68e4e4,1
a6980869-4479-42ee-b2e8-bef12843ee65,1
dfb5785c-8ca5-499a-b4a3-73857a633196,1
bd77bda4-ce18-40e9-898c-01451e450580,1
dfbc3c3b-e925-43a6-acd3-ce714addbe33,1
dfc0c509-5292-4f83-b46b-79fb1c6187c3,1
bd7cff63-0971-48b3-b3d6-34d65e82de09,1
dfc98d7a-1d6c-4574-8d04-2db818a68112,1
dfcdd641-af1e-4170-b37d-9d60c10c7ded,1
dfd10abb-66b7-491b-9d55-e85e4eeee4b5,1
dfd33014-17ed-4b97-9606-2d6856f50318,1
dfd6d272-2d02-49ec-88a2-8ae658744ec3,1
dfdb43a1-121f-44b7-b331-a6a26a625862,1
dfe203df-9159-443f-aee6-dba6e9432824,1
dfe63089-5a5c-438a-abcc-43f07b77b1e6,1
dfea27fe-1f2d-4719-b707-0e2c9cc27aa7,1
dff0ed0a-de6d-4100-9be6-80c89fd75113,1
bd924f37-8a67-416f-8405-0710c1a8de90,1
dff8e49f-7e26-48ab-bb39-ed0a6a6be620,1
dffbb300-2e26-4212-9f62-d3a394144255,1
adea8e53-cd2e-47f2-9b28-d55680c7c9f0,1
e002fe52-a444-4d29-927a-ef2b813c6afb,1
bd9cafb8-bb58-4a31-9deb-2c3dfc9d464b,1
bd9ee57d-fec9-4ac9-8d04-883a60ad754f,1
e011b837-f936-4c60-b7f2-7245a7eaa260,1
adf0db5c-497b-425a-8afb-ca812db4608f,1
e01a21c3-e2a2-4069-af67-df1ac1f39ab8,1
bda9e934-6bae-475c-8ffc-7d49272b6604,1
e02226ec-b849-4c71-ab54-99e6a73611d0,1
e029e259-c02f-4a94-9aec-ff12ab3392a2,1
e02e0b42-7dd3-41a2-8605-720e6368dfac,1
e033da71-7132-4937-98ba-0ac75baf8cdc,1
bdb13f09-5a99-4d2b-b503-30babca97f3b,1
bdb3151f-14ee-4297-85cf-4c5ce8115825,1
e0416f87-a2d2-48c1-ae55-6ab06ecec9da,1
e044b022-ecd9-46a1-b2e0-c201410b4ac8,1
e0499a2d-e1ef-4bcf-b359-afb6d9a098d6,1
e04c8c4c-1f5d-49d7-8488-cb56bf904b0d,1
bdbb81da-4e6d-45f5-ba77-e6891077a36c,1
e057775a-39a0-4ee5-bde0-78a7a0282867,1
e05ae2b0-de4f-4ee0-991c-c224039cab9a,1
e0608fd9-7240-464e-8192-27c8b080e6d9,1
e063b2b6-0a42-4160-836e-0f870c31e4eb,1
e0669825-00b3-4f54-93cf-0afb91f174b8,1
e06b7581-585d-4860-a852-4b6d03a2780d,1
a0e4e886-fc65-4cdf-9e56-5da8e6ff4f9b,1
ae025ad3-5655-4baa-be56-5e4f610f015d,1
ae0307bd-3569-4517-ad40-46446fc97a31,1
e07da45a-c88f-4a6c-8733-99d88889be0f,1
bdcbf0bc-17dc-4bbc-9cb4-6b42f6dac28b,1
e08594ab-c2e9-4af8-8bae-2e30521969d5,1
e087d32c-b8e8-40d2-a449-cf85cbe1a6bb,1
e08c6d51-5411-4f28-bd8e-df2e55dfb87b,1
bdd3b52f-4818-4bdc-bc93-37f2047c2d0f,1
ae0c89f7-107b-413f-8676-4a2f248e7202,1
bdd7f90b-c9ef-440c-8db1-20036d524d7c,1
a1a7afc9-b7c1-4457-adbf-af7f2950e74d,1
e0a07b08-4504-4742-9cd3-8a3d54ef8d0a,1
e0a2bf6d-f7d2-482a-a40c-f12e841c9304,1
ae11f41c-1f83-40e4-b30b-f30a14fbcf92,1
ae1328f6-ebf2-498a-864d-8ff1f26596bc,1
bde20deb-2245-4c58-8d84-48c2656649b4,1
e0b90293-bff2-4f9f-a523-0da12168d322,1
bde416b0-525f-4e87-aeda-3f94d0551242,1
e0bfdfb3-03e9-49b5-8727-42a6e5dff433,1
e0c4e7ac-227f-41fe-81c2-5fbf83a4fa30,1
e0c8bd2f-c2d0-4c9c-b6b2-fcfd6216e5f0,1
bde99f01-8d43-433a-8403-b3b41704da29,1
e0cf8189-566e-44b0-ba18-71fb3c05ec1e,1
bded9ee9-c776-4c3d-844c-740e169c1df4,1
e0d86f5b-0195-43db-b219-a62498214933,1
e0dcedbc-f1e5-437a-bdfa-c5f94f1792a9,1
e0dffa5c-c43b-4975-a67b-6aed68b7e2d9,1
e0e4a989-7801-4d9c-8366-f109899e20fc,1
e0e75f87-8795-4c05-9638-51f180f24bd2,1
a6b81369-1884-47c1-a619-6116fdcb7108,1
e0eff473-9a31-443c-b8a2-51f97ef05947,1
e0f376be-1649-4659-ab16-90e6c6b102f4,1
a0e4fea1-3fbc-457b-9b12-4e99dde21f5c,1
e0fbdd52-c622-4751-b588-1f41a90ed401,1
bdfdc6ca-dd09-4b60-a277-85aae95a7384,1
e1031521-82d0-4b85-ac3a-d575faa3a052,1
e10762f1-12bb-4e9e-9fad-a2045ae3f9ea,1
be03a00b-e28a-41c5-8a56-36338ec7d2f1,1
e113f8dc-0cf0-43e4-a898-d52963dcc369,1
be0662d1-1e75-4b7f-8d67-71137a1b3e3b,1
a6bafaf7-a836-45bb-8e4a-04bc2f8f77fd,1
e11e445a-b85d-41c2-bfa2-79941d4de51d,1
e121b7a5-9cd9-49a3-a17e-a7b37100848a,1
ae233439-e3c4-432f-ad55-37d4e3974420,1
e1299849-4e17-4a15-ac34-3b2e7d239e65,1
e12cb6bf-5b24-4645-b0ac-670a6d6d7b51,1
e1320113-8f6f-41fb-bb70-129af5e47e74,1
be13e6df-6ed4-4a27-85f3-07b10c4833a6,1
be16c6d3-fe47-45a2-8de6-c644002efea7,1
ae28acbd-09c8-44e2-bc38-e80d38ad599d,1
e13edd4f-8f5e-4f31-bee8-625cc442fb6f,1
e1437644-60ae-4375-bfdd-9aa0e41bb716,1
be1c56e2-3d30-48be-a63f-c21266c1ec35,1
e14e09ad-4287-4ddd-bf21-aea64be87c1e,1
be219775-52eb-4a3d-b65b-74cad84b36eb,1
e155daf4-1349-41b6-bed1-727ab591bef2,1
e15ad419-8d08-4ad2-b035-ffa0a4a5f145,1
e1605f23-a38f-4a5a-97bb-e7873deb0c22,1
e163bd5e-1c0c-4855-8ee9-3e0628a8cbda,1
e167b9df-262c-4042-b863-16529552de72,1
e16cba8b-97c1-4e50-be8c-954f23de5d17,1
ae30215d-3d1e-4bde-b713-95e9ba51d771,1
e1727291-08d9-46d0-bbe9-c525beeca5d3,1
be2c2151-eb4f-4f7b-a4ca-ab97a4500473,1
e17c1f57-0929-4560-905c-09ec326caf22,1
e18044c7-8ffb-4d92-91f0-2b41650b9913,1
be326ab7-d589-4663-be3d-f9b08a469be3,1
ae33f436-627b-4b95-891d-f874a2f48d52,1
e18f0862-b440-448f-80e3-3a9e46108545,1
a6c51721-3e2a-494f-a39e-01fa07864058,1
be3c92a6-57c1-49db-97b1-1e41ac982370,1
e19ab81a-8fdd-4e9d-a2b4-b7c5991cc6b7,1
e19efc02-792e-4455-94bb-298654a7e1ee,1
e1a21418-1e00-448c-8793-80792c3957d9,1
a6c92513-8940-4f33-915e-e455899d4eb2,1
ae3d36dd-bdfb-44f1-8d10-fe855971edb5,1
e1b09664-2228-442d-8b09-18e87d31efe0,1
be4e3a87-0ac8-4556-8961-154db64689de,1
e1b9571b-cb7d-4f08-b9ce-ee6621433d10,1
e1be5ab9-4af7-4812-ad7a-ce613886f5b0,1
e1c273f3-ee3c-4860-a2fd-828c56db0ce3,1
e1c51042-b311-4dfd-b035-17b2df3d52d7,1
ae44ab4c-d25e-4c01-be09-0b35a90aa6a8,1
e1cca56f-a5c1-4706-9888-304430772bc4,1
a0394488-a4f5-450a-83a7-fe0419e51ab5,1
e1d78811-96ec-41e5-8ca3-23dc64363b38,1
e1dc7f66-1d64-47cc-89fc-b5718b7c62f5,1
be5cf63f-aeee-4da9-86cd-0852c5086d8c,1
e1e4f80b-c0ad-4a39-a590-c614069aebb1,1
be628341-fccd-4ac0-a027-297a5e6093c6,1
e1ed55b0-d8a0-47a1-82e8-cbe3e13d1f9c,1
ae4a866b-321d-4174-b6dd-ab572a147c3a,1
e1f73c4a-df17-490c-987d-7bbe89bd4e3f,1
be6b848a-4757-40da-8ab7-b1dfb10bf289,1
be6cc80a-8ec8-4d72-a65a-9d6f1c849ec3,1
e206cf9e-41ef-4d10-bc87-50f6399a4c73,1
e20b8579-bc78-4687-8fd2-8a6a195c0c52,1
e2106947-6d1c-412f-a1a7-1ade1873d175,1
e213fbde-e6f5-4cec-a86c-147c47572953,1
e218df0b-61a4-47db-92f7-3366fbd2242c,1
e21d84e8-58d8-4a88-b9fc-d96c9a576500,1
be7679d3-2d7f-4c82-ba5c-a236f5fe0b72,1
e223e69c-52e1-4458-9c56-c76e895566ed,1
e22707a3-1c54-47c5-adbc-e80c8562f0e2,1
a35eb6ee-21fd-4b5a-b0fd-39333a18b321,1
be7f5f4d-982e-4f86-a194-c8ae17173379,1
be803b2c-6afc-4fc1-8252-fa2e91293320,1
e2376621-7c0a-4040-80ec-c4858b388384,1
a35f4479-cd91-4014-919b-c61adbc6370b,1
e23e6597-4ca2-4ade-a1fd-920f79b35fe2,1
e242ce84-3927-4e93-9c39-95e7b5dc92e3,1
ae5e57a0-07e8-4b78-ac17-64164ff9d266,1
be89ece1-03a2-4012-a97c-7331e7f327ea,1
ae602c3b-4d3d-4cc4-847c-776ce495ff2f,1
e2516dac-fdec-4603-a623-f17916580166,1
e254e9c8-5c94-446a-a3f5-60cee4b19e93,1
be9282e8-b0a5-450a-a357-a684f7593936,1
e25b50c6-0854-4ef0-80a1-237f63d19ae5,1
e25f3ec9-7a72-416b-a4c6-194eefa45b28,1
be979b4a-e021-42d6-aa55-34672b44b1da,1
ae65d0d9-841e-4802-8c22-8ccf988de488,1
be9c2825-108c-4c13-a567-eb5018d22920,1
e270c1d1-9673-4b97-aa22-4ffde85e89d7,1
e27687f0-89de-45af-be21-1e62e04f45ca,1
e27db484-a923-433f-a06e-f53dedf614b4,1
a6e39ef8-eeae-4eb0-9831-16f0a78d9b29,1
a6e3f967-6cf8-432e-8d4a-a4a797ca76df,1
a3619a83-7937-4ce3-9968-cbe7e1442950,1
ae6da23e-6cbd-46b5-8f3d-f128ab273ea8,1
ae6e37db-e533-4a69-b93a-ec75c1165fc6,1
a6e6bb87-ccb3-4f41-9738-0a105de037f1,1
e298895a-18dc-47a8-a501-b0def3a79787,1
ae736dc7-dfcd-4ccf-975c-34e6cb29aaeb,1
a6e7cbdb-3276-487c-a9d6-d8a5d601f4f8,1
e2a6a1aa-e28f-4388-94da-9a93ff55a6a4,1
e2ab84f3-b1b2-4948-941c-a0a0b992bae7,1
e2af605d-523b-42d7-826b-5677cf786ea8,1
ae762ac2-3977-4ed9-87a4-e4052505f551,1
e2b831bf-da56-41ce-976d-4bed1a4e9331,1
e2bd332e-f0d3-49a0-ac85-7be493b00096,1
a6ead5b8-a192-47e1-87f6-46f5b8538d7c,1
e2c32f5d-a56a-4762-8834-a7b634e9c406,1
e2c7c7cf-e5e9-4c7e-a29e-25e0f861f7d3,1
e2cbda78-0008-4e26-af33-4e8cedf0a4f1,1
e2cfc033-d8b8-469f-b561-68f5275dc6b2,1
bed24e23-0d8c-4742-b5a8-daad7be19dc2,1
bed3da39-2bea-4f78-88d6-f118f0e166c7,1
e2dae1ab-2525-4ba4-bd53-cc8bfc721814,1
e2e0aadf-6499-4fce-a69c-74da273e9d74,1
bedac984-97db-4130-94e6-745cb04bec42,1
e2e8852d-3055-452e-8d02-03eb4d3b4665,1
e2ec2932-a7a7-4ac2-8025-a120cbcfb749,1
e2f2fda9-d386-4d63-910b-5163da7a49be,1
bedfe5dc-dda7-41a1-81a3-30b2bbb84863,1
bee29f5f-49ab-4aaf-a082-56f81ddc4097,1
e2fada86-3ad2-47ce-8e68-d0916e7062b8,1
a0e96973-37c4-419d-b30a-da1f56b2140b,1
ae86ecf1-0f6b-451a-9ad1-25b1f9c06c3e,1
e307b63c-d573-4f5e-bdf1-3fda1fefd50f,1
e30c8c3c-1744-488f-a34d-d8f74444814d,1
ae886a9e-b9a5-4bba-966f-208905dced64,1
e3121da0-c3f8-4aa1-b148-cb7ce7bfc503,1
e31641fa-5aee-4119-a329-6673513ebf5f,1
bef43439-2a0f-46ba-ade3-1e639dd96ead,1
bef77f0f-0def-47cb-8d94-a56733f6ed27,1
e323c0f0-fdf4-4b18-8bc4-37ae3650d9c8,1
e328a4d9-afeb-4139-bd1f-fd1346ae3d21,1
e32db10f-519e-4e57-819f-a6f5ae974b03,1
bf00355e-b6b1-4d28-b68e-d0aecde0daa8,1
bf040c48-062d-4eb9-bdd6-0be993c5da5d,1
e33cdc56-d155-4b42-b867-ad4b3167c32d,1
e342643e-74d5-4e99-b57e-396397bd2811,1
ae96ee63-e858-4d54-a0d1-430cd6a64d24,1
e34c76c8-dcce-470f-8912-42f7bc3cca49,1
bf0b3eee-01f1-48d5-bdad-5f0c49beb329,1
e355363f-28a3-4c91-8a2d-c3ce400dca04,1
bf0d1d21-8a53-4ab1-912d-f8aac7f851d0,1
e35ba34d-542d-4d24-b3e3-c09b9489a478,1
e360f654-1747-454f-941e-79c8f733211f,1
e364f943-7cc5-4f5a-a13a-83e236045ee8,1
e368b28a-e60f-4de0-aaac-5e13f436eadd,1
a6f98f67-2968-4a71-951f-1959b3c46564,1
e36fee6c-7881-4c3c-a90f-0651638b52b5,1
bf213ba7-4eab-4212-bccd-62621ef0d28a,1
bf224b98-1aa4-4057-b240-3f54b977d1fa,1
e378f40a-0249-42c3-ad96-d3858589d574,1
e37e9319-4207-41b3-ad86-420d53f3a00a,1
e382c069-2f89-483e-9e61-ed9a80acb49d,1
e3876dfb-bcb5-41e6-9b24-5850c0f89df5,1
a6fd9215-71fe-4584-8b8f-8d3e63dc0325,1
aea405d9-38d1-414d-aea3-9852da9eedab,1
e395366d-21f5-473c-bb58-54886d7decd9,1
aea5772c-509d-4861-a1a4-a207078a8272,1
a6ff0f2e-bea1-48f7-8a7f-a799c691f06f,1
aea991fb-c607-43a9-9922-c459da386e63,1
bf3a1921-9d1f-4825-a9c5-036c4517828d,1
e3ab9398-10b3-45dc-9dd7-8672b93b85af,1
bf3c967b-063f-4934-841b-1627562d3eb3,1
e3b44075-7681-4a80-bbc2-cb345d1060a6,1
a700b406-5304-4278-85ac-13adb7105e16,1
e3bd7703-2c6d-4101-8ec0-3061b6f8d9d2,1
a70191e6-edb3-4dc2-a9c7-9580167efd0b,1
a1b8adc6-16d4-40ed-b08f-d9fe1cbf3cdc,1
bf450c26-e4aa-4ed2-8e89-00d4d50e1845,1
e3d16d82-0254-4471-af88-7257215aa047,1
e3d55924-7149-4fd2-a679-28d268ab7ea7,1
e3d9ffb1-a3c3-4138-8aa6-3a2554a909fd,1
bf497fcb-fb44-4a0a-a61a-4a8345a806c6,1
bf4c3f63-7374-4536-9137-9f0e766dc9cd,1
e3e41104-1858-4516-9685-06e28e84812e,1
a70443d2-a9f5-4ccb-bf13-330b310bebfb,1
bf51d123-91e4-4960-9c88-7d275551048d,1
bf538151-818f-443e-aa40-2fa67599dd63,1
e3efdb2c-484c-4ab3-956d-d9a656fcf98d,1
aebaa2f8-f946-4180-9c97-3a7ee5fc5ff8,1
bf587b9f-f6f9-4471-ac63-03f32cadae5a,1
a0ebea9a-134b-4337-91af-e7b17483b53d,1
aebc7ae7-0a16-452d-84e0-8d8eb92ccd00,1
e40564fa-36cc-428f-9621-575a74b2eb9d,1
bf6000a4-c7a2-4d79-a09a-8abde4afd0b6,1
e40dd235-bdb2-4192-bd45-93224883b8f2,1
e41687f6-1948-4f22-aba2-f464203b5750,1
bf681625-6022-4df4-865d-dcccdaf66bfa,1
bf6a60a4-73d2-48b8-9998-969e6649ba0d,1
bf6d7672-a057-4e00-940f-dbeed2075ac3,1
bf706db9-8c9f-42b2-9ca3-961b91fc0118,1
e428e4a1-05de-4db9-a27c-6c51af1b6ee4,1
e42d4661-0f60-4eac-b5f2-73337033acf1,1
e430baa1-0268-4588-9435-f2d566334da4,1
bf78e383-2f39-4291-bdf5-c00f1410be4b,1
bf7aed35-74ac-4ff2-85cd-a8ec0837a425,1
a711bfac-f998-4e49-9fba-14454c2de324,1
aeca6979-adc7-4aa7-a2ee-a906df0f8278,1
e442a470-c834-41df-8cf7-b7ca62025e57,1
aecb1401-8192-4ece-9ed2-6592d9091fda,1
e44beae1-7808-4fef-928b-1e3519b17fbd,1
a713db35-da75-4820-ba55-0c5874473819,1
aecd685e-fa84-4376-b0e5-dee568624497,1
e4585177-1664-4e80-b21c-2c8b02b1d6a3,1
aecf5130-858d-43e4-9612-c8ed690b1499,1
bf8bfe68-372a-4309-a6c4-2988812a204a,1
bf8fe301-0eff-40e7-8034-bad73d7af689,1
e469b5e4-4a4f-472c-9391-84f0a89ce4c4,1
bf9408c4-3212-4d31-b7ef-7651e17cbcd2,1
aed4678e-37dd-4229-b4db-992900432bc8,1
aed585cb-db48-4570-a5fe-2d801e9d1bcc,1
e47b493e-e422-4bfb-8625-e38cb0ee231c,1
e47fb510-b836-41f8-a563-337e1dee660d,1
e48438b9-a403-4029-b3d9-5569c4d706d5,1
e48a3568-b751-4b6e-afe0-35021d2bdc25,1
e48e1662-6156-4ac9-8ebc-cfd60d55845f,1
e490fa36-e212-46c4-b9cc-ee13f259acc7,1
a71b8864-28f8-4563-af5b-c27233664228,1
bfa34031-f876-4de7-8435-f742cef75d30,1
e49d0af7-4588-466e-a83e-4dea8fad9dc6,1
e4a36e3b-d528-4f37-94f5-118aef218c6c,1
bfa69152-8c4c-4f10-8c87-f28898e95ac2,1
aee4d744-fb50-4cac-8bd5-fe4dc24143ce,1
e4b2c5e5-6489-47f0-a967-1b1ed50fd239,1
e4b67eed-822d-4a8e-b51b-3f5c8d570c28,1
bfaabd43-7894-41e4-bcc8-e421f18348be,1
e4bbb3d2-53a0-43dc-b3be-5dff9ba23f41,1
bfaaf859-3772-4248-8c44-7e150231d373,1
e4c3e505-3fc1-4ef7-b3f1-5a74dbce7fcc,1
a71ee5fb-ad80-4e53-bcd1-3dd6610234e6,1
a379babd-35c8-4bad-815a-ff2da51cb6fd,1
e4d1ada9-784d-4b09-80d2-5ae198a66435,1
e4d47eb8-d38d-4fca-9acb-95a0542c92a4,1
bfb94936-cc20-464a-9848-6cd282288695,1
e4dceacc-257d-433b-bfa2-504f7b9335a9,1
e4e34951-6cb2-4839-b627-680212d02976,1
e4e68024-1755-40b2-a9f8-ef45029fe8f8,1
e4e87ea9-fb69-40af-9e42-aed012d85b20,1
bfc2f7ff-390b-472d-82e9-0fac65c0d10a,1
bfc508c1-902b-4886-a904-93ec3746ee80,1
e4f4c62e-fad5-4de1-982d-2607768a55b8,1
e4f7e5a5-a13b-4aa8-a353-246c6a8a9e79,1
aef41749-4f39-4587-ae4a-dd693e2da42b,1
bfcb257c-1a82-4d9a-a71f-2ef0ba2d68a6,1
e5003c14-c998-44a0-bf5c-3cea0bef73be,1
e5073f61-e46e-47f7-a338-01812e2461e6,1
e50aff5b-6e81-43c1-bb07-a8db992b4f06,1
e50eb75b-395e-4aa5-91ea-6e1a62f12302,1
e5115343-2ea5-477d-84de-e7889e1b152a,1
a72b1963-6d18-427d-9598-9006275faaef,1
e51a16dc-eef5-478a-9a95-b998a93b8656,1
bfdbf0ee-5b95-47b5-bfd8-b47089db4c94,1
bfdf6414-c168-44d8-b6de-9ae9146c6a70,1
e52c5eca-1f94-46fb-b143-adab1c40394f,1
bfe3755c-dfc8-41d2-974a-ed4b86ce7214,1
e536495b-7095-46a5-bc18-713baaac8446,1
bfea63e5-ca9c-4029-a2ff-1895380aa1fc,1
bfeba1d9-2b8b-4371-8afc-c64b305e71e5,1
af00f10d-9c3e-4759-833a-ec807c38b0b8,1
a1c28633-a4ff-4c44-b239-67130fbc29c4,1
bff2d026-9dcf-4a8c-9a6c-220d712a1385,1
bff3791d-8441-4197-963d-450c229b7830,1
e5535d19-d7a9-4a28-8720-1d3abc83d3a6,1
e5561260-6e74-4ea4-9ef6-8804b8e5c006,1
e55a80f3-08ce-4e99-baee-94b0233f7690,1
e55dc1da-e44d-4112-8971-447c52cc0738,1
bffa6c3e-8918-41df-8df4-bbc3ccdad631,1
bffb3dd7-5aa5-41e6-b850-2619166c0fc5,1
a0ee02db-608d-470b-ac60-8f80bfa59e8a,1
e56aebd1-8d91-4825-86c9-f5f659dceeb8,1
e56ec7eb-15bb-446d-89ce-2961b373cfcc,1
e57234fe-b6c8-4198-8d9d-1febd4ce7e4c,1
e576a369-a1ea-4c9d-b436-94dd742b116c,1
e57b11d7-131b-467f-b00c-4176f9fcd40d,1
e57e30f9-84b7-45f9-9095-5fd440a2fde1,1
e5855b9f-3ea7-4390-8b2c-212269212534,1
e58ac348-98eb-4a94-a8fd-fdfbc7cb5ded,1
a3875812-a795-4c79-917d-f5c4625e2a16,1
e593e7c1-cd14-452a-aae0-117b4ff28a81,1
a7397832-d5df-4496-8cdb-b0a8cd1a28b3,1
e59d00bc-7d0d-4aa0-931c-232b1a621f0e,1
e59fa1df-6230-4501-abf1-44dfb4a586ff,1
e5a3b4c7-c4c3-410f-8bea-69c0e14212c2,1
e5a5e3b7-ef02-457c-acf4-4dc69bad3bdf,1
af1d649d-622a-465d-b856-e3d5aa7be921,1
e5aba4d0-6682-4706-91eb-e39c882f970a,1
af1e2b61-9937-4116-addb-eb34575977ea,1
a73cbf40-f2a1-4a86-a579-56648b6ae9bc,1
e5baaad7-de59-470a-a080-3604e042d2ab,1
e5c2493c-41fe-42d4-8765-d50b860aae29,1
c02d06fe-1556-44fd-995a-6ae928fc906f,1
e5c9bb1e-fc5f-4a32-aadd-09b7bd13c733,1
a7419f3a-b17d-424f-82a9-05b7e85fa7c7,1
c034528d-d6e2-4608-a7c0-304cd1273aba,1
c03647c8-c650-4e30-b068-873b45bc5fb2,1
af2b9909-3c44-48bc-b19a-ac59dab76e9d,1
af2ba510-f009-414f-8dc2-8691b77cbb52,1
c03c75a6-1c08-4ea5-b41b-67ff39421ce4,1
e5e7e251-8144-4dd0-9fff-67881597d29a,1
c03ee024-cfe3-4c3e-83c5-8dcb31b4a5d1,1
c0414d60-dd78-4cad-990e-6ad8da590d57,1
e5f63957-9eb5-46ed-be29-50d80f827e64,1
a7430135-0b9c-4f76-a09b-b5f044081117,1
af301d32-8f15-48c1-8411-d2b3813ef48b,1
c047b2de-bc37-4411-a179-77cabc13c511,1
e6085048-435b-4755-bdc2-25978c026c43,1
c04ae473-9124-422b-b409-5db249f9a30e,1
a7463ce8-6630-44d9-aacb-9973c4f6a6a5,1
a74672bb-886b-4c2a-9ce5-ffb89ab3f161,1
e613c56b-8c29-4fbc-8c80-2fb9872a8956,1
e617a068-5a9a-41cb-9f3f-b949f4236e10,1
e61aeebc-cea2-40a1-aa25-2937a511375c,1
e61f6368-17ec-4786-9102-deacd28db9c7,1
e6240434-979a-4977-a827-beec1b782eb2,1
a039ee17-ec12-4552-9c9a-1424338e0216,1
e62ca7f8-f976-42bc-a9c2-f3e2fa2e71b5,1
e6309551-2613-4639-922c-968efefb341b,1
e634c754-aa47-4404-ba54-e4551889d0be,1
e639b098-6c5e-4666-91b9-401ae40455a7,1
c06ae9b3-b356-407d-9062-3272ee9b58bf,1
e63ffc46-b1d0-4d30-9ad0-1391ff6182d8,1
e643a9fe-b926-4266-b808-f7b38accd8c6,1
e647831a-071c-4110-ad98-91037f0f7c6f,1
e64ce434-2787-48aa-a5c6-4d3dbcbcafca,1
a3919526-31b1-472a-8eb8-1c6364d8c223,1
a74c34a1-5eb6-40e6-ab46-b015a6e31f40,1
af4872a4-0b33-479c-b1c9-b6b7cec0e0c2,1
e65b7014-d4c1-4255-90bd-397e5c9bf76c,1
c078bf85-b118-468b-b904-7a3b0350321c,1
a74d3be9-5158-4dd8-ba1c-c904b8ac163b,1
c07e30b7-95b7-4049-aeb5-f39de4d0cb7b,1
af4cdd52-ad9b-457e-b1d2-ba151cec7307,1
c082225b-5023-4fe6-bbaf-d5d232bd7178,1
e6734a87-a06e-4886-a552-d67d0c8be3ac,1
c0866a0b-b8cf-444f-922b-63490f45b5e1,1
e67d34da-97cd-45b4-b735-cc812b7cfed8,1
c08ae211-2853-492b-9d5e-af1aae597682,1
a39597a6-e849-4a7d-8992-d4a6aed97bf3,1
a751582a-3462-4abf-ac03-79bc68d4aa57,1
e68e4031-6244-411c-b0c0-21114a030d3b,1
e69142c1-5916-4dc1-86c0-4fd0c339acd7,1
e693a8ca-2a05-423a-a387-c1ce7ef2f2d2,1
e697611e-47cf-41aa-83fd-dc902ab6caef,1
c098aa1b-e07a-438f-bd1f-638ec3cf0f87,1
e69f34c1-c0ef-4303-b936-78f63a5e8fdd,1
e6a3f925-ae68-4e9f-bb74-32fd49abaa69,1
e6a6f25a-aa74-4a9c-851d-b1a41c32a69f,1
e6ac2df4-f255-4817-bd31-c4b5ae2495ef,1
e6b1789a-7ce9-4c4f-9e4c-5e2af2600f13,1
e6b35ffa-6c39-456b-b964-8acef9307a72,1
c0a3491f-5cc7-4d37-944c-d70a60d9fc26,1
e6b7ff10-f6de-4b8c-86eb-afacdd421cde,1
e6bd3e83-a48e-4d34-84df-634012710155,1
e6c234ee-cff5-4024-b0c3-9dad906a96a6,1
e6c65962-27aa-4f05-a222-df177b77b24c,1
e6c92f3a-b41a-4708-bc1f-4255e116adc9,1
e6ce080d-0451-4276-8bcf-7808e92d7f4e,1
e6d10a47-9192-4d53-a42a-6ce44289e34a,1
e6d6412f-1b86-4027-9d0b-8cdfe14d2811,1
e6d94aec-5dbc-4e79-b897-5af1bf3c9fc1,1
e6dd70a3-be52-428a-8c60-c71ff698f74f,1
e6e28ce2-a626-4193-a62e-92d33dd412e4,1
e6e71459-e602-486e-8e78-5e3d3e6f1923,1
af64f5e1-e7c7-455a-bac9-75a73f525e9e,1
e6ed7d4d-0ef2-4392-9c8f-66a260a45892,1
e6f2140f-2a7b-4ad0-bb8d-cda0708adc56,1
a75cd665-34e5-4f8f-9608-776a15957b8c,1
af67c51a-fdb1-4cf9-996f-60dfd25d3cd0,1
af692d04-b041-484e-b6da-b459621e9d83,1
e705a2a2-ec0d-43e1-b35b-862ff67cc763,1
a75efaa8-571c-4dee-b36c-d94be9681e3b,1
e70e0328-db35-4c08-b535-ab373867ae9a,1
c0cc84cc-fa0e-4bf3-b5f1-268129e2957f,1
e715d262-b8fe-4787-84cf-7676f122d710,1
e71be5b4-ac44-4f75-a11a-bf66c339d586,1
e7205530-3cfc-4c01-8408-c0b64d955360,1
c0d38a73-7a09-436c-84f5-2841e1d5223a,1
e729b0f3-57e7-4fc4-bddd-baf092558583,1
af703e39-a954-4954-af02-e22695b31a44,1
e7310778-656b-45c7-bf14-28e7d4b115cb,1
e736e4a4-e65f-4fb1-bc26-d7f73e866e22,1
e73a8e7f-7dd9-4e1d-97c8-0b1db523829b,1
c0e0fc75-b5e3-4dff-a9cb-ce64a3757038,1
c0e1fbbf-024e-4534-8558-0a3c2d16424a,1
a39d6566-875f-4cdb-83b5-6856c8d80c24,1
e74cd320-7312-4609-a3fb-fd2df38dc35b,1
e750cef1-f571-4397-9bb0-5778af6fb6e8,1
e7553054-10c4-40d1-a0fe-838b00513f0b,1
e757c1db-89fd-43ba-88b1-d08691bf1490,1
af7a9854-d201-489d-af4a-cf2bf5d2afb5,1
e75e8b49-60ca-40f5-bceb-fa99032c0326,1
af7b7d57-3758-43d4-9714-7daec7c84919,1
a763b4b5-25f1-43e4-a86e-9591f9ab1e28,1
e767b023-b86f-49df-9fbe-cbdd8a13d216,1
af7ea6aa-ea83-4b13-bc72-a9cc36f4babb,1
c0fa3c55-e950-449c-a5cc-5e2e504f1376,1
af81616c-689b-4f28-bfc4-e5441957217b,1
e776ec69-423c-41cf-bb31-9a053486791a,1
e77cb126-d369-4548-afbc-e11d2c0de807,1
c0ff1614-0ec3-41e3-a1e7-bf84c1755e14,1
e7853d79-99cc-4477-bc24-057273b97c00,1
e789c55a-1831-40db-b58a-e3b7cc46eb43,1
e78ce42d-7de4-47f1-b374-df09a564febc,1
e79139c6-43e7-4955-8459-57e2fc5b6cc1,1
af860a03-4e9a-4d3c-873b-4811c55050cc,1
c10b088a-151a-4e75-b427-f7c43147556f,1
a7698daa-1433-4f42-9742-1558182bc732,1
e7a10363-73db-4ef5-846b-1c54e08da0c5,1
c10fceac-9096-4668-8876-40fb4b1a3fd6,1
e7a72b5f-702d-4b62-8b34-26b7a6136ff8,1
af8aba3e-44ed-4b12-acdd-1115f68bbed8,1
c11564f2-9bd8-4565-a1ce-d29b3e91bfd2,1
e7b19cca-02c8-447e-990f-41d6424f8cc0,1
e7b6d3a3-ae11-40ec-81aa-1c7555c4f7f8,1
af8e2152-2aa6-4fe4-8826-52aacaa8a883,1
c11c21b6-23ef-4ad6-9700-40149c3904ec,1
af905eda-5031-4931-9b63-5031ca8c02f4,1
e7c5d18d-de5f-4ca4-83cb-e85c7280fad0,1
e7c7a6ae-0f57-4d7f-a47b-e5d29b194498,1
e7caea7a-a8eb-40c3-a91f-c500dfbc14b9,1
c1222711-1e67-438f-ba21-e26d579e1a48,1
a3a4e833-1a31-4f89-8c7d-2ba10e32c42c,1
e7d6523a-a52b-4138-af7d-704df2272268,1
af941fa2-8557-4178-a747-edef52d7be7a,1
e7e2eb22-9972-4c2c-8e60-8885ec3b5b5e,1
c1291045-c7a4-4596-97bb-e57c12d9894d,1
e7ebfc17-bb5e-44f6-b008-778132363863,1
c12f3795-7392-4f78-a4bb-6c3de640e9f9,1
af97c218-2526-4f53-9fb9-99258bd9b409,1
e7f46b45-8b78-41c3-ad0a-3dea63d395be,1
e7f7e1a7-0787-4a39-8922-9b1caf89c617,1
c1356bb3-76fb-4733-85d5-66e16e19eaf3,1
af9aa38d-33c8-4e41-80cb-42540cc3eb41,1
e8041d77-a435-4d98-90ff-52493e41a7bb,1
c13a0821-2f20-4949-9d57-2eaa47ed2572,1
e80d0ea5-1de0-4aa5-b099-7a81b4029850,1
c13e2184-dea3-4b33-972a-d5ab143ac5e8,1
c13ebdbe-59f9-48a1-9bc1-48fbb0424533,1
c142e2ed-6502-4952-8fcb-db33cded7c46,1
afa0c43d-d73b-42ce-86bc-697dd19cbf63,1
e8241f93-2f54-415f-8a41-fdcfe4718cf1,1
e827b0ba-66ec-431c-acd8-e3e38b347c74,1
c149a5f0-de52-427a-b64b-50699068d84f,1
e82f8a5d-ed61-4f88-8df6-5e639feab78a,1
c14ba9de-4091-494f-809b-f91369a893ed,1
e835329a-097c-49ee-84a1-d375999ce494,1
a3a6eb9d-0738-43bc-a7a0-702222cabaab,1
e83d5b73-e66a-45e1-9c73-77ed7f339e05,1
afa73ee0-1780-4d4a-839b-3a98177157cf,1
e8476307-0aae-480f-958b-827aa48f26bc,1
afa91e8a-7c8e-4a41-8d88-8876d6f45fe7,1
e8510990-b207-4610-b364-d497c9f1a5cf,1
e85518a4-e337-4d57-9bf7-56ee1f369610,1
e858e771-5fdb-4738-943a-80c30e0330ea,1
e85cf391-8324-4242-9ffd-0fe476c0edcf,1
e85fd110-e8a3-4af9-811a-83314ad6d3c8,1
afabf660-6346-4071-8b37-6caa7578990f,1
e8699c9e-c494-44fd-a265-6cc30b9a480f,1
e86ccf05-b2f9-4fed-a5f0-4e510a17496e,1
e8719fc5-840c-4a3a-b7d2-91668e043ffe,1
e87638da-1b7d-46f8-b611-fee1f026f3a5,1
a3a8af5a-7811-4403-9496-ec6f3ee18211,1
e87c3880-4c88-47b6-8d60-64c5449a9b54,1
c171656f-89b5-4799-bc16-e37aa697dc67,1
c173488c-f7ff-46b1-94c0-33d5116237e2,1
a783b014-c9c6-4098-869f-c14fb2833c6a,1
e88e9e71-1103-481d-aa8a-c28eaccd9e8f,1
e895aff0-30aa-473e-8839-49792ce992f2,1
e89ba326-ba09-4a4b-aad8-6f5ef0483140,1
c17ab728-2416-4a88-aef6-35b862d646a3,1
e8a25966-58b3-41d3-afe1-40a8d9ff5494,1
c17deda0-ea09-42f9-ac6c-4064c3d4c55c,1
e8ab3bb7-731b-4b80-90c5-5df27a6f3dba,1
e8affd81-abfb-48b7-848d-0a36a08e8a94,1
afba1a34-ad34-4e50-85ce-a97ba1096c2d,1
afbbd631-ed03-4773-b73f-9a4e2920c1cd,1
c188f60e-0efb-45bb-80b7-c5bd4515ec02,1
e8c35e03-a097-47d4-8081-152c7d503558,1
e8c98264-bda4-44eb-a17e-d65f0e4585c8,1
c18c380d-11db-437d-a5ae-e22520496a00,1
c18ed360-4169-46bc-999e-edc086206854,1
a1d74870-021e-438a-a779-30ef4805871a,1
c1935e37-d774-4e32-90fd-2de014a98428,1
e8ddcdcf-18b1-4503-ac6f-57ea7a44eeb0,1
e8e1352e-5b61-45ed-acbe-c935c5d6ad24,1
afc4b49d-1334-41ea-841f-1f966803c926,1
a0f91075-60f1-45f5-8ce0-5e1a50649564,1
afc69b34-3b30-4628-944a-fb527b82cfdd,1
afc6ec1b-d0af-40eb-b502-d872e11df41b,1
e8f14e21-34d5-4ff6-8f89-6bd170ad4bb2,1
e8f53d09-60c5-493e-9267-22d52c83ec92,1
a78ef278-8fe5-4734-beda-2c36291b349b,1
c1a8b052-54c5-4200-a3e8-40bc990f89e5,1
a0359ca3-47d4-4ad1-a21c-dd2e1f3570dc,1
e90624cd-04c0-49a1-8463-2dd9b1f363bf,1
c1abe971-b12b-48a1-9488-026c484ac4ed,1
e90ecf2b-5787-4e79-9754-c526b224d5b8,1
a7911485-83e3-4822-a3f3-8181887507cd,1
afcf1551-0967-4e62-92ce-f5b1b4d9ccb4,1
e918669b-13bd-4fbf-991e-80e841dcdaee,1
e91bbeda-0a49-411f-8f78-75ee56b10ebb,1
c1b6c028-10cd-4d26-ac30-648dab47d1be,1
c1b78d84-7171-436f-ba1c-e5746de7b5fe,1
e925cd32-ba40-4124-a890-17be11e0aaab,1
e92bbd86-f4d1-4bb7-916d-8726db7832e4,1
a1d81a02-0bf0-43ca-8dff-97c899d0c243,1
a7935eae-a1a9-4622-947c-98c33c3f1a5f,1
c1c50033-8e3b-41f4-ae79-bb67b7b7d116,1
afd72598-755a-4698-8080-2183a4a085ea,1
c1c83fba-e088-4862-95ca-1dcba5e852fc,1
e946ee83-6baf-4663-bedc-ea5fd8cba367,1
e94b4db4-3846-47a3-ad24-f1b2a6bd9efb,1
c1cabc65-4c9f-4035-bf8a-d382d87b801b,1
c1cbbd87-b726-4801-a005-281bab211bd2,1
e957dd1d-9667-435d-8c9b-b35000ab5ba3,1
e95bfd56-ec79-477b-b7f6-3539f2c6be1f,1
e961e67a-cd59-4392-9264-e674913d31f4,1
c1d48916-31f1-45ed-ad27-0a2c9f86bbfd,1
e96bd1da-7dee-4d4a-bd53-5374bcfa6e15,1
afe0d95f-4c24-493c-8594-e6150fb54aa9,1
c1d8eb93-e8f0-44f7-ac86-ad9433bbf8e8,1
a79a520b-50d8-4cc7-8f9c-9684e188d674,1
afe3cbc6-6fde-4d09-9829-45e965d43fd0,1
e97f43ca-2067-40b6-801f-192f4b242dd2,1
c1e34fc1-1340-4af1-a24f-2f955d84b9e2,1
c1e78580-000f-4e4f-9350-28cec2f766fc,1
afe96f95-37e8-400a-bd3c-33514e4374f3,1
e9909c60-9d32-4fea-98b6-d06c4593cf3e,1
e995475b-47f8-405e-823e-1325695a074f,1
e99ac477-6c2a-4e28-bbad-b4e1a96dacef,1
c1f11bb9-7b8a-4e77-b746-35671f1ce722,1
c1f21224-b675-4971-b949-07a2d425e45d,1
c1f3b80f-502c-40be-86f9-0e5952f16a77,1
c1f68cc3-7601-4629-9272-43eca340c3d5,1
e9a9212e-dd50-46bf-aa03-86ab000cf43d,1
e9adae86-d483-415c-a589-edd6da7558d0,1
e9b0ba5d-91b4-41a3-b5ab-3971596bcb96,1
c1fbcbba-e32b-427b-9920-5a800b14251b,1
e9ba30c7-cd82-49f1-95e2-cdaecc16ba8a,1
e9bfdc1a-0a47-4504-9368-db51bdf85331,1
c200dc4f-8424-44e7-b7ae-3866f5f5c283,1
a3be856d-d8ad-45f8-a122-e5bc176fcb12,1
e9cd3081-52bb-4c4b-85e1-ab4043a981bb,1
affabd1e-f273-489f-aa2c-8b7e2c611809,1
e9d49ad0-8c6d-4af0-98eb-7c0475abc606,1
e9da236b-fc36-42dc-a037-dda25084ec33,1
e9e2795e-8a03-4ae6-a2c9-20124a0fd21f,1
c20fc5c6-1c42-400e-b37a-4592f2d67dab,1
a3c038c9-7a11-4295-83ba-c1cb584deb22,1
e9edff1f-8a03-4377-aaf4-00ef3823f4f1,1
a3c090e3-62a0-4496-86d9-cc1ac38a9a37,1
b000fbb9-f3c4-4804-8d3e-e7c12234ced3,1
e9fc8ad1-88b0-4c79-8fb9-b5b8195fe0ad,1
ea00a125-1705-47c4-a70b-6f34fddb110f,1
a3c32a83-5036-4449-b189-c81094e05d84,1
c221463f-cd7b-434f-a92d-1a94e45124fd,1
ea101a63-4bec-4a70-9102-c12b8eb4a015,1
ea188c80-b6eb-41bd-8ff7-b671fab2257b,1
ea1da7a6-2ab2-47ef-b572-29f8cf561045,1
ea227ff8-b07c-4d26-94cc-dac0af2e2896,1
a7a6ed2b-b889-406b-8582-faebe4f2d433,1
ea2ca877-503f-4736-b56c-44f955d1aed0,1
ea32d9dd-2078-4f18-94af-f514ff161b2a,1
ea393237-fd78-4d6f-9211-4ceceed5c979,1
ea3c4a2e-adaf-45d6-96ec-7d8d44d9ed75,1
c2319869-4c25-4298-8bac-d5a369594d70,1
a7a8b579-b359-4631-8a37-6ae9aca083fa,1
ea4c4407-8b25-40f6-88fb-a97ebab8e4d9,1
c236b8a2-47a3-41ef-8bb9-142e36715500,1
c237b483-3e57-4c1e-bf3a-8c4d38294c56,1
ea57a971-ceac-4fd0-afb7-f9db517fb894,1
a0fc2220-68d3-40fb-b747-149e16fd4aa4,1
c23c7278-4fbd-4706-8c35-eabfc825a912,1
c23dfc74-74a6-45ef-87c0-55b3d0cfb23e,1
c24085a4-cfc5-4af2-8832-2d5cc8f85a40,1
ea6d8a5b-1b24-4e08-a542-1e14ff009b93,1
ea703f6e-b869-4bbe-9ab0-c34a69d7ddf1,1
ea754412-1e88-4234-81e4-c989a312fb0c,1
ea7776de-d467-4249-b68f-ceb753ec7499,1
c247c4f9-d7ae-4a16-9394-e667155791c0,1
ea7cf0b1-a61e-427b-8ef2-53fd3795ae18,1
ea81822e-2dbe-4079-9129-4d047ef4db95,1
ea869dd3-07ff-4cf1-9597-93ce59aceaae,1
ea8adf4c-9dd9-4c2c-88e2-66a35bfcba39,1
b0228acb-e123-459f-aa32-2d8f35e1810c,1
b023e7a9-7636-4645-bbaf-9f8aa8ff86ee,1
ea95fa4c-5d6c-4abf-8652-eb798f1d7723,1
ea9bc291-b6ba-465a-b0c1-c40f49dbb5e7,1
c2589c93-383e-4631-9f65-c41dcb122dff,1
eaa38a3c-33ae-4a00-8b07-2cdd1610e94c,1
b02768e6-9441-4713-abb5-7f6497e38932,1
eaaa19dd-b52c-4029-a01b-b390c8b07072,1
eaad3c57-8945-4e13-8124-37d1267f15c4,1
eaaf4925-414e-42d0-bfd3-2a0c107352ce,1
eab2cee4-feca-405f-a072-424747108d9f,1
c2667fec-5cf5-4a65-bf53-071333104c71,1
c268be42-c204-4706-9637-08de766eec0f,1
c26a5a0c-147f-4a42-aaac-8134214d7cbf,1
b02ce5a4-011e-4ced-b4d6-de7ba4226ffa,1
a1dff1a9-bfc2-4cd3-93a2-73f2b5caf27e,1
eaccbb5b-8719-4276-b9e6-af23fced9046,1
c273d3e5-3abb-49fd-a3d0-f21da2602fae,1
ead49874-f6a9-4f37-9463-b430511c4b3e,1
ead79fc1-b7dc-4e91-bd46-0120665955fc,1
a7b779a6-5ce4-4cfe-aa21-ad5f1e510ff6,1
eade90b8-9b67-418f-b46d-86867d241c07,1
eae1807e-47f6-4282-8d28-685f8db6a7f2,1
eae316db-0ca3-4ad5-aec9-491fa4aed71d,1
eae6cf90-8c74-4c4b-94eb-9c0e842575dd,1
a7b8cbbf-13c1-4fba-9f2b-c678fd7cf6d9,1
eaed8abe-a335-4492-aa6a-0c042c0c23ba,1
b03984e7-b5ae-4bb1-b9dc-c05d164a31c2,1
eaf4fa23-6c0e-432b-a0af-ba677bc12d58,1
eafc0761-dcf7-476a-a4e4-0e1b3dff5899,1
eafe75a4-f60a-457a-b441-af5aa2b44e09,1
b03aef64-35c5-4f3c-858b-488dab3f0e69,1
eb057b19-f4c0-435e-acf6-8df8212f3889,1
eb09d08b-700f-4c10-9b63-82d20f15b82c,1
c29086cc-4cd3-4558-827d-98d2a60c6b8c,1
eb147145-a26e-41fb-8408-963e43c5c945,1
c294702b-8a46-4128-a7c4-8c90c16ae55e,1
eb1a31ab-db44-453d-b261-4277e82b1969,1
c2976a02-b3f3-436a-a814-545234cd4490,1
c29ad0d4-0640-443e-9d36-1067129cc46e,1
b045faf0-b99d-46cc-86c4-47e6038d4d78,1
eb2d7feb-88fe-4eff-a6f5-c89445a9b3de,1
c2a0270c-f119-440b-9c59-16dda09ca5ac,1
a7bd4586-4e55-45f9-8b18-808ed7ba4251,1
b049d461-83a3-46d9-8264-441a98cf1feb,1
a3d54d96-e5dc-47f7-b5bc-9f557cb72906,1
eb42b4fb-cce9-4e8e-a2c9-41bc12e34599,1
eb468331-7b4f-4aab-8342-382e2fc197b4,1
eb4a6e98-0896-433c-95c1-31dad905f4ba,1
eb4ceb63-c3c5-445b-9b0e-316b6cab2a06,1
eb5065f5-67e2-419d-9b84-5f38480ad392,1
b050201a-bc9e-40f0-a873-f0a9d299b859,1
b050a36f-25b3-46d4-b23c-4e82a1e79b6d,1
eb5cdb89-b352-4e44-9a3a-43bcbef93564,1
eb61c142-bbef-4c4f-a009-c35710cf3d5e,1
eb6711d8-0de5-4cce-be36-9fdfdb400eaa,1
b053f7d4-a18b-4cda-a4fb-65758592f9e8,1
eb70bbea-2913-4c43-9693-61a19ebfe856,1
eb74eeb3-f979-4a7f-b9c1-f4fd3b3c4b5c,1
c2c31d6b-e1e8-41a6-96c1-378e8e6945ce,1
b057b1a5-d400-4605-8645-68611ef70be3,1
eb823983-c9c9-4495-9c6a-e3ce6e9a5b19,1
eb869b96-2cc8-4782-b43d-9723f24aa0f4,1
eb8d420f-69f7-471d-87b3-75136c9a639f,1
eb8f9403-2618-4faf-a1c4-e65b0c733a3b,1
eb925f3e-5e96-4591-b18d-70126da30a4b,1
eb9607de-8743-4d40-aaad-a0cc88e7535b,1
c2ce9fc8-052a-4ff5-8039-ef892aa319c3,1
eba05f86-4ecf-4fd1-9ba0-af922b12b18d,1
eba3fba2-7df5-499e-80f7-42a752dfa72f,1
c2d88892-4c00-46c0-b67a-3a0665c45f90,1
c2d9b153-34e2-4d07-ad0c-4b3578805f6e,1
b063bc6b-3d65-4ec4-98fe-969ac63a6505,1
ebb8f9ab-5a3b-4ba1-aa41-0eedc1fa3ce3,1
ebbb5a91-3b5c-4873-bdb0-2dc1282a99ed,1
b0670aeb-5dca-4c5b-b955-6f3316f45f4b,1
ebc323bc-97ef-49fc-bc29-01a0177afd3a,1
ebc62a17-db00-47ed-9651-b6303d85de40,1
ebc7a9fa-05b2-43f8-a4ec-70a9766d9621,1
a3d93126-693f-4e91-83ee-5669179cc2ab,1
c2e61f81-3c4c-4969-bf66-e25f0bf0c7e5,1
c2e8e64f-9817-4e97-b078-3db238eb6a99,1
ebd59af6-3e05-4f2f-911f-ef20c42eb22d,1
a7c5e2d2-ef50-49b4-971a-8192cf86826a,1
c2ee6f2b-2804-4521-b302-21ab5018405f,1
ebe1c2f5-0395-4f1f-982d-685f567ba45c,1
ebe533be-dcb7-4a0b-9c8a-8109a55ae6aa,1
c2f457f4-ef11-43ec-8498-4b9a3d2c275f,1
ebeabc69-b5f8-4877-9321-ebe2af36430f,1
c2f7cf13-1135-4e3b-83ea-3c9dd85c4674,1
c2f9f601-6a75-401f-931d-22835a4f1664,1
a7c95189-1388-4f3c-8502-e0f2b027ad96,1
c2fdfbe7-3a29-4b9f-af83-6ba15ffc5b3e,1
c30175b8-9c29-4078-ab42-9246fd419b3b,1
c304de89-5b39-4146-957d-0f03693c3f69,1
ec0b1387-2fce-4967-8be5-34d8b29a7690,1
ec0f6d77-1d6c-426f-8217-6befc85541cc,1
ec12d8bf-3735-41bf-b825-f98f6aa2989c,1
b078f63a-17e9-45a1-80f2-6bc741f88c82,1
b07b3b2d-7331-4325-a7fe-7f2316152edd,1
ec1dcdab-e11d-4d7d-9f7c-8d0ca52f34b2,1
b07be22a-deb5-4fa9-bd02-5a228a826059,1
b07c6852-f0d2-47ff-bef6-bfe70305b4f8,1
c315fa32-8acf-4f33-aa53-4dac52b5ad03,1
ec307a36-a1e9-4672-a155-0bd882247f5b,1
a7ce55e3-cbd0-4eb6-b323-a978c8e058b9,1
ec3c9ea0-d917-4349-b414-4860f90c9498,1
ec432063-1d89-462c-96f1-b37634ec9bdd,1
c31dd2dd-b449-4ce9-8b56-08c8ac91f28f,1
ec481908-365c-4ba4-88aa-38885f1e1053,1
ec4e13a1-9bbb-4b3c-af8e-28d94728d4e3,1
c323d2a2-9f16-40d7-9472-0cc69856ab7b,1
b0852da4-01ce-432e-b1f6-60b2b52407d5,1
c326edaf-4f84-42be-a369-3aad4a6b0eca,1
ec5e48cf-13d6-4f2a-8785-e3d15e93f952,1
c329b58b-30c1-4766-8944-021cd81efa4e,1
a08ca675-29fc-431a-9b14-342a32550fc5,1
b0898645-c597-41b2-a252-ca029dbd0c00,1
ec6e4688-0a9a-4309-b102-4525e78daad3,1
ec72cbfe-b474-4814-81e5-9672a312da7e,1
ec778a1c-eaff-4c56-8266-062ff9f9dc1c,1
ec7c4f44-c7a3-45a9-a27e-7f17fb0e8da0,1
ec80757b-9d0d-43b4-b681-f67b2350d56f,1
ec868f0a-4a25-418e-99f9-ea5e988bdb07,1
ec8c049e-a54a-4724-a41b-f4ad8e53bb56,1
a1023585-7852-4857-a0e2-c6150358588c,1
ec9387af-1125-48d5-a5ea-84df871e5980,1
ec97a252-36df-49e3-9d76-3ec267054ffb,1
ec9a253d-79ff-4611-82f0-20be3dcfa298,1
ec9f5df4-d368-4616-a313-f72452b9866a,1
eca21e9c-8dfd-4efd-87d6-f647d661ceeb,1
eca77f55-2ab1-4dda-ba13-c69977892742,1
c34a88e7-7886-4214-a08d-6d4a25d16160,1
ecaeebb6-df96-4fcb-bd5c-0a7c91880fee,1
a7d89058-e389-40c3-b069-0fa4cb871077,1
a1e75914-6295-477b-860d-64d6c8d99bda,1
ecbd6ae6-414c-46d5-a503-837059c339fb,1
c353835b-4956-40ad-95b6-967802063de4,1
ecc706aa-9e22-43b3-9e4a-3728fce10d59,1
ecca0635-b8e8-4832-8f20-526b41d6702b,1
eccdde5b-bfaa-4695-80c1-bc7260fe098d,1
ecd07b5e-22d1-4e6d-856d-0c4fbef388c1,1
c35d4b4b-d93a-4244-aff9-26b9b1510c49,1
a3e20b36-bc3d-4463-b792-7fee8c8f1847,1
ece054e3-3e84-4b88-b096-45e4bc333ce5,1
ece423a5-11fe-42ae-92ad-fd511f1a2238,1
ece91b1f-4555-49f2-9fe1-cd2367bdc139,1
eceeb26b-479b-4d96-a537-c94a31e224fc,1
ecf269ba-b12a-4f10-8002-172ee4595465,1
c36c1a92-d07e-4511-9f97-b58ebcafa255,1
ecfa63fb-3484-454b-9a8f-0b827d1ff79d,1
a7e1ad90-4227-4557-bf52-92c44d92e6a0,1
a7e2390d-4aa7-4d3f-bf69-6842e76ec00b,1
a1ea0632-43c5-44ae-834c-5fac076e232e,1
ed0a1771-bc24-48ee-85f1-2ee419a726c9,1
a1040534-7ff3-413f-8259-e126120a87a0,1
ed1184ed-1880-4010-84ca-056a32bd495e,1
ed150269-bdf6-481e-a886-03d39fcccc7c,1
ed17c16d-832a-48a4-b3a7-6d9ec6af60a0,1
b0b22ee5-e590-4290-942e-dec089975c41,1
ed1f35a2-5647-4870-a2f8-8ba800169b02,1
ed2105a6-4e27-4f53-9ada-6d9927e2bf03,1
ed249d3b-12ca-4cb2-a5ec-83df4ddde331,1
c3927901-7b5f-434c-9807-b4a55bef92ef,1
ed2b9f0f-e8ff-484a-bcd6-9c49771cd53b,1
ed2fc25d-efa9-4a1c-9024-1ccfbedcaec8,1
a7e80d29-d977-416e-b1da-b8534c10f3af,1
c398440a-cf99-4ddf-b298-7aa74abc335b,1
b0bd6a98-8eae-4690-8ed8-db3f9a503838,1
b0bec46d-0a25-469c-b7f2-213f8859755b,1
c39de34c-e81b-48f8-b6e9-24d77ff59e48,1
ed47ba63-4e68-4f9e-9193-447a7513804f,1
b0c17597-5ed8-4cf9-9f2d-78f815f3b7ab,1
a3ebcb42-9468-4678-86f2-24bc63b9921f,1
c3a42d96-901a-46d7-8a20-9beeaf1d78c7,1
c3a48b2c-52d1-4abf-8c51-79ad03452002,1
ed5be0ac-c419-412e-9838-93fa3465f520,1
ed60eb75-a55d-40c1-9e2a-b4a4cf040357,1
ed6395c2-329b-433c-b1d1-7165bd362294,1
c3ac9e3b-79d8-48ff-8c01-674d5e8b4cef,1
ed6c7e67-d9f8-4cce-82cc-e2cd55db7454,1
b0ca845b-ec3a-4daa-a9e3-9d0230ac45fa,1
ed76d050-a1c6-4cef-aec9-16820859c242,1
c3b066e3-6532-4545-975e-4cad121668a8,1
ed8226da-fc2b-45bc-a01c-cd64bcf659e4,1
ed87f959-5b2e-437a-9a77-693962320eb4,1
ed8b6414-5d5d-468e-86d0-0bddb6d5db09,1
ed9132bc-2747-4c17-9f92-c2a1cc738f56,1
c3b9a168-85c6-4187-8279-3b737e8ff059,1
b0d02fbc-08eb-4f35-bf04-4cd75df1d6d3,1
ed9ae94a-bb5a-4966-b0c6-5a370fd656d2,1
ed9f1e11-41a5-4f91-aaf8-c91e8e496716,1
c3c344ea-bcdc-4364-9859-3c277fc0d5ed,1
c3c3b0c5-95b0-4cb1-9b7b-d5cc13bc2b91,1
c3c669c9-bad1-4466-b3b2-e6d2cbd40495,1
c3c9e483-bf96-488e-9eba-4d003e651f4a,1
a1ee45e0-9302-4821-bb4a-f2f75786c66f,1
a7f4cd18-2837-4d65-b8d5-9d750a69e1b6,1
edbd0eb3-7eac-4854-b194-adf6937197f4,1
edc06d86-7899-4d17-b1fc-0ce84c02af76,1
edc3dff5-f03f-4a9b-9646-ae7a549f019a,1
edc80d9f-c397-4c31-9f9b-52009b47ad64,1
a1eee456-7059-4c65-8d52-9d998f4654b2,1
b0e17909-fab0-4ccd-b8a9-76fdece27dbe,1
c3dc052d-f74b-4a4f-81c0-29dbfe455859,1
edd4fb38-ee74-4353-a691-e938211bcfb5,1
c3dfac9e-bb8d-49ea-8ecb-159c8b8dfb23,1
a1ef1c87-eba4-4af7-b526-72e526ee13e7,1
eddea2b3-0ae5-44b6-b18c-c7373e2b47b2,1
ede12409-05d9-44df-a0ab-048cdcb0a88f,1
c3e91001-2be7-4ca9-8b67-dbe0ad3df83d,1
ede6f7b8-ae31-41e5-ad68-c302bd3ed50d,1
edeadc48-cec3-4414-a5a6-46867913c96c,1
edee518e-2446-4bb4-90ed-b2831ae0ec1a,1
a7fdd002-9577-44ed-9fb9-36bcadc63e58,1
a7fed92d-ec45-4c26-bc62-79b73ba7f409,1
b0f07379-34d5-42d1-bb47-1ef429aec83f,1
edffaafc-210d-4472-8fc8-33e2439dd526,1
ee04924c-afce-414f-93a9-1dbef6140e8a,1
c3f8ccdd-2160-4767-9edf-7f3dbdb82c0c,1
c3fa419c-39dd-465f-846c-15c0c14c8f15,1
c3fe9d6f-95f3-4de0-98ab-61bdcbaebb35,1
ee178bfe-6c3f-4963-9926-80f4d46cf6be,1
c40332cc-e531-42b5-83fb-2d7e4be777a9,1
ee1f379b-f218-4941-ac76-06900c7f539a,1
b0f9d56a-5a90-4400-9ec8-57f0a6d34718,1
ee28c40b-7cda-4786-a8bd-01a0a68665c6,1
ee2bf293-025a-4f02-8a73-3b9f47c7abce,1
ee2e4af6-5cf4-4bd7-8bf9-14bb80726800,1
ee327686-1841-4796-98ce-948d94b6c28d,1
ee38a9a0-6c0b-4cb8-9804-163cb27bb33a,1
ee3d569f-20f3-4fd9-b4c6-3b86a632179d,1
b1001602-0ba9-4ad8-ab6a-14348ff4d6ef,1
ee477a40-1744-433b-81f5-244e1bb3748e,1
ee4b56d5-01db-463c-bd96-36c5348ebc8e,1
a1f274d8-fd22-465c-a0c2-81e3ec64fc4e,1
ee54d356-6838-4a8b-ac32-d9055bb8155c,1
ee594b18-b0d8-4805-9c4f-28fcd38f6b2a,1
ee5e63c6-583d-4ead-81ab-7031552520d5,1
ee608049-1894-4ae5-8d62-6f289d8be1b8,1
c42078c6-0806-4a43-9eac-5bb37838ea9f,1
ee67ca69-0ac2-4abf-adac-0ef60db3cfa9,1
c422feed-ab2d-4ba5-9bde-04d14399c245,1
a1067549-533f-4bb2-9de3-158582e4fb08,1
c426ada6-e5ca-446c-b648-bffc59496d6c,1
ee78bf2d-0307-4464-a3a5-49b189c1592f,1
c42811f2-76fa-449e-8c7c-f1a6653e6892,1
ee7fb021-6a00-487e-9b02-0fe8092bad12,1
b109d464-458d-412f-bb8a-37b9f09731af,1
c42b5d2d-5043-48a6-9bc0-7b1ce7580208,1
a80be9f5-2385-418d-93fc-abdc748b02a8,1
ee8d2be1-f988-4605-a651-ce94ea91b381,1
c43770a3-a44f-4f9f-8879-69ffd8a062d2,1
ee96991f-49c9-42da-b8e0-27d8a3d93cad,1
ee9858f8-d282-4458-babe-e5bc263753f9,1
ee9c2e95-a18d-4c51-b141-280392c64554,1
eea157e4-de7a-4593-a5b9-a016ecaf50d2,1
eea5b952-7498-4359-98e6-be56d27fa025,1
a3f9b62f-c011-4aab-a4e2-424673531c57,1
b112e224-4085-4a5a-bbaa-fa1b15f7e8e4,1
b112eafe-0834-45a6-b55c-033ceb288a4c,1
eeb6506e-f841-4573-86da-6503e4e8de7f,1
eeb9d32b-6916-40d4-a1e4-590d390dd696,1
b1173291-3bb8-4973-8825-d4b08fe3921a,1
eec18643-bc84-4f43-abdb-c7802be5dd2b,1
eec56795-6518-4054-878f-1bf8f055717d,1
b11a3bdc-a4a0-46aa-ba9c-f6ba564467eb,1
c4503db5-6846-42a3-9683-fda1c94b66ed,1
eed01a8a-a70e-4172-9683-c04f23eba383,1
c455b626-772f-4011-92e7-ef8235637790,1
b11ef160-5497-4a54-9210-3e638fe625d5,1
c45e8277-f468-4606-bb6e-601e00b8c392,1
b120d17a-8d1c-4d81-b1d4-af1ddbec8aa0,1
c468e373-b9a2-411f-adcc-0f2005cd1fc2,1
b126ed46-3dc5-4cbb-a384-68688f826f5c,1
a3ffae33-fd72-4c38-8454-28178c43d4e7,1
a03acece-4773-400d-87a2-866d266e80db,1
c47abe44-bd3b-4089-8dff-35517cb6b584,1
a1f6e8e1-09f0-44df-90f3-342f89b280db,1
a81b8ae4-bbb0-4a99-b607-6bb79c1f3a47,1
c488bfc0-8e80-4ebd-b1d8-cff152a8a0e0,1
c48dfe60-f809-4cd3-b679-3945a8efac6d,1
c48f9850-dc1c-4ab7-a393-24a1acdb0db2,1
c4932718-e7d0-4b4d-94a4-1cb2fdb7c997,1
c49655be-9bde-42eb-9d14-fc10a6fa9b4e,1
a1fa37c9-fae0-4358-b762-33b3a02be420,1
b1407afa-a584-464d-8c83-966f26db3177,1
a095b798-f2b2-4200-b0ff-9f16cc88e72a,1
c4a87146-bddb-4cf4-9cc4-448e77865d2a,1
b145529f-3eff-4206-86d6-f082affc7b78,1
c4b052f9-7ffe-495c-b2ba-0d22ca20574f,1
c4b3ac65-6803-44da-85be-f3892532845a,1
b149847d-e3f0-4ebb-8ae8-e963ef984df7,1
c4bd4c30-0dc0-4a56-bd43-5e42c07b6971,1
a1fc380b-3369-46c6-a8e6-e6af48a945c2,1
c4c6eb50-5677-46b0-b928-effd836df55b,1
c4cd0f44-d2a9-4928-8ac9-f87a4ea40479,1
a4046199-4c34-4e64-8c82-1a81e16f1084,1
c4d68360-32d1-4639-998d-dee6f3057ab7,1
c4da37ec-d806-48e9-837e-f4191a1c6524,1
c4ddcf2a-d5bb-49c8-beb3-dc0e8275a832,1
a8282588-3879-497d-8bd2-172ce26ea13f,1
b15b42c0-9ff9-46f3-9882-4520c00bdafc,1
a405bfc3-9603-4882-9059-17915e4ab342,1
a829872b-3617-4447-8d6a-acd3f645634d,1
c4efa995-dfe9-40ab-be21-9f246773b467,1
b161b207-c0d7-42a3-90ce-a5f224d28508,1
c4f6b3f8-1a38-450e-a245-2a5702a5acb3,1
c4fa0bdf-f91d-44a4-91b5-1a2c3c696266,1
c4ffd713-32fa-4a3e-bf04-e69d81f3a16e,1
a82ef6cc-f656-4c1c-bd80-0df7e4625d10,1
a82f61eb-ac30-4315-9b5a-7b32216ee220,1
c50bfc36-f8f6-49f6-a9e8-00cd91bed833,1
a8313c98-99eb-49dc-9f7a-62fd6618090a,1
a1101a88-33d7-4512-9930-8ce29c7827fa,1
c5176cd3-1c0d-408f-8016-644585ca3367,1
c51aaf5a-f124-4266-851f-e41911431e34,1
b176c763-8532-4f13-b7fb-8d7d971721bc,1
c5251c44-bfcf-44ae-b082-743c0c870173,1
c52ade0a-4c37-45a6-adab-37a71c4fe816,1
c52da896-018e-4c04-bf49-3bb454ba31ec,1
c530bb94-97fa-4648-b088-fa56da709569,1
a83624de-9c53-4b18-966e-2738e3d2bb66,1
c53986f0-3b9f-421d-b790-5faf8f383a0c,1
a40a2476-1ae1-4b6f-84e5-a94f0c70ef24,1
b184fdc4-d88a-46d2-9d66-00636266bfe8,1
c5430b66-3fe8-4b63-be12-fc40d2643ee5,1
c546e238-4c82-4db2-be65-0f00d1f50761,1
c54e95fc-1d7c-40b2-8efb-fa740a21b992,1
a40ba363-bba8-474c-8b7b-d69c21a9ae3d,1
a83e0e36-267b-4926-85d5-3dd5ac109d14,1
a83e756d-82b0-4167-9531-1fb6dfe27360,1
c56057da-db3d-431a-95ac-c9ded66d4ffe,1
b1938dbc-c43a-4e97-9aac-cd51b3ec4ee1,1
c569ab2f-c88b-4f94-81ec-bf35a93919e7,1
a1129e45-b29d-43db-9e7a-33f2222593c1,1
c573b625-d423-47fa-a837-3eed14e14f7c,1
b1996233-3df6-4995-a7b9-5b9cd57c7356,1
c57cf7f7-2da3-4106-be1a-7ebdc55ed74e,1
c5814274-6235-41b5-beda-e5d81051a8ff,1
b19d88c4-bc5a-4b14-b62d-45422e602f04,1
a8455782-12a1-4367-ba45-a1822bcfbc8d,1
c590ca51-ce0d-43b7-ac39-e80872416332,1
b1a1dd2c-7ba6-41cc-a0eb-07eafb2fba8f,1
c5963174-b6c9-46e4-8f33-017342ae1df6,1
c59bc95f-340b-4c5c-8b98-51c751914bf5,1
c59ef288-4d71-48a2-82de-a34162aa19a6,1
b1a5d03b-a127-401b-8cc9-af8333e2ec15,1
b1aa32b4-0e04-408f-a83b-2fb7472464f3,1
b1add003-5110-4d6c-a288-0c174812a768,1
c5b03ceb-ed07-4bed-b824-859ba6dcab68,1
a412cd20-5833-4b6e-8552-beeeb080dd3b,1
b1b10786-bc63-44f0-a06c-9514a5ff45ea,1
c5be93b8-cdd3-4d6a-ae27-4a30e906aa30,1
a4135b69-9a64-4138-ad0f-137868952a09,1
b1b52eb3-4a16-4dfd-9c6f-7b6c4c4e4d11,1
c5c742ec-551f-4656-a06c-4a2ac7d11f44,1
c5cb33b1-374d-40ea-b11c-8c21b7b32f9f,1
c5d083f4-52c1-46dc-a4d6-e6fa71e1e094,1
c5d4dbf5-46f2-4296-a688-720f70e48596,1
b1bae208-120a-48fe-bc04-ac3d63ae5a47,1
b1bd1a4e-3f70-4644-9b61-289412d657f7,1
c5e171c0-dfb8-496e-ad6c-5c3a5a5719dc,1
b1c18374-f300-42e8-bd40-8ab2ac983e45,1
a415f719-696d-47ac-bc6e-96c38e3634b2,1
c5f16b51-a618-43bd-9fd6-27c73bd65a1a,1
b1c74e1e-7e69-4d4f-90a0-bb6a5b5c3111,1
b1c917fd-44c4-48c7-9237-482cf3cdaf0a,1
c5fb49cb-e25c-4588-bd54-3e852a478fed,1
c60340af-aee3-4385-8a36-2d06fbd9586b,1
c606f96b-4fc1-4ee8-aa3c-63567bded6ea,1
b1ce9e5a-5915-4fbe-9bfd-8902fb249a87,1
c612f2fb-7001-411a-a67a-f14165fb9d69,1
b1d2c5f3-4b63-49da-bf5c-b2be1ed5e4d0,1
c61dd20c-8902-40c9-9417-895af8fba4ad,1
c6236357-d8d1-43d9-9c4b-7fb68b9082a6,1
a20735f6-93cd-4b36-8b58-6d17734e95fd,1
c62cf455-4f8c-4f2f-a626-df352cc60307,1
b1e20aaf-6db3-45a4-be5f-f2d119e0acfa,1
b1e51836-985a-4848-a637-6353e1be6e8f,1
b1e68683-cae4-4418-bba8-bc0d898d75c0,1
b1e8fd12-3072-4845-8a57-b04008e3670d,1
c64648b0-69c0-4c01-845a-051715a767ba,1
c6481e32-988a-468d-99ff-9d4bd5d63191,1
c64c53c7-dab5-481e-bf35-3e678640ebd8,1
b1ef7fd2-dc9d-48cd-9086-cca4f00879b5,1
c654fb8f-93fd-4467-b618-c912f0f983a0,1
b1f4507a-b78d-47b8-8f75-be83f975bbf5,1
b1f5a468-cb19-4d3c-973f-7c6c4cfb1407,1
c65ee5ff-33e8-4be6-9911-98a35221b9e0,1
a4206410-6cda-4e29-a272-5afd3bd7b577,1
a42165ee-2bad-401a-af04-bcd90f8a16ec,1
b1fe9af8-b870-4ac3-9dc0-ff360db2f517,1
c66dd7e8-4aa2-4e65-9b13-204d6ffa99b8,1
b200d509-fad6-4500-87d0-92377c61c3a2,1
c6725342-29e6-4b8e-9089-e7495a2f1ed1,1
c677c762-6d7d-4cee-a33d-a2e1db6f06a6,1
b206b42c-6965-4bb5-b86e-ccc0ce2ff01b,1
c6806def-0963-418e-807c-c1a2d6a0050f,1
c687205f-32f0-4b84-a1ab-5e661cf0ae90,1
a8771cdb-3621-45e4-a8ef-c5cda600d543,1
b20f9a13-485c-48cc-80f5-19a2dcb73ea1,1
a4236f19-57f5-4295-bc73-87013549f256,1
b215c023-0f8c-435a-a576-ed17469ccb8a,1
c6989584-b2cd-4303-a041-cd3f8941423c,1
b219e473-3c08-41ad-b09f-18bd5e8acbd5,1
b21dface-c9b7-415b-8f79-10e0611565a8,1
a1156ac3-ee10-48e0-b4e4-c54c55fcfa95,1
b2224d73-c1dd-497b-84df-baa2c8a74e7a,1
c6ab589c-3072-4f56-a0df-c28bba5d2afd,1
b2271134-d70d-4ec2-9bb6-aaa015158695,1
b229140f-5659-4623-9531-30630d8b34cf,1
b22a7f70-eb5a-423f-80fd-256c4eedf4f4,1
c6b99e4e-d3b2-4352-8d19-45058c7c4cb4,1
b22d1868-5947-467a-b751-e025a542f3ab,1
b22f3a4c-aeda-4773-9af3-2d6ed609de61,1
c6c8dc54-9162-4a83-8707-73bbd8c683e4,1
c6cc5c11-b78c-4acb-87c6-6732b525e5e2,1
a884a441-d5c6-4a12-ad7e-559e136d7747,1
c6db4b33-fab7-4998-93d6-6b1c931b03e0,1
c6df0f18-f7f5-46a0-992d-f56ffe8e521d,1
a887732c-d7ce-48a9-8211-65fde7691ae1,1
c6e5d121-8d01-4924-8b88-25a3d3654847,1
b23c09b1-6e57-49ff-8538-7f3fc4548baf,1
c6ec1abd-8dbd-459b-a245-1476c0b84d12,1
b23f62bc-ad6f-48d3-9c7c-e27b2b745966,1
c6f46123-e414-46d8-922b-c77135fa26d2,1
b242df80-713f-4927-8b30-ee3d478b4c9b,1
c6fbf03a-e6c0-41f3-9b05-22e12b49b5ab,1
a88d068d-dc19-466b-b351-fbddf08da7d5,1
a42ffc78-f130-4a95-bf61-d88d4144e687,1
c708ee93-e220-47aa-a05d-4cc7ab42b082,1
c70a7be5-e64f-49ff-aa32-52bfd3cced17,1
c70ea00c-5710-4a6c-be2d-005947f96a09,1
a214450c-f52b-4afd-be34-c625ac532a3a,1
a2145585-ae8a-40df-b635-1853371f8a14,1
c71bbe4b-92df-4597-88a9-a431825245f8,1
a43664d3-4c93-4efd-9c2f-37d31b3b10ac,1
a2150287-6612-4a93-944e-2a7f7f0f6772,1
c7266c1f-82af-466e-904f-8354404be901,1
b25811b2-5227-414d-993f-bd1ff72272e9,1
c72d4030-453b-4b42-bf0d-9b05430647e6,1
c730dafd-fd53-4ed6-93ec-53c3daeed3fd,1
a895d140-5713-4497-9c96-cca192ca7023,1
a89735c3-fdd5-463a-9235-84b0358e3d20,1
c73bf857-1b9f-4517-802b-a13b2100a684,1
b261ebc5-5ac4-4feb-bc76-0317f814e5dd,1
c744735b-901c-49ae-b6ad-d8ee9abf72a2,1
c748d679-3088-49fd-a055-084ebd7e67b7,1
c74ca12f-cab6-44b9-bd9a-e6e702db5639,1
a2182a3b-06e2-49b9-83f0-5aa242ba5add,1
b26a0838-71db-4692-bcab-8acec81bfc26,1
c75b0f29-d96c-445b-9ebd-9a4e8a1b4048,1
b26d7f67-8f3b-4a99-9ee1-adc8ecf47e63,1
a89fbe5f-c91f-4f01-9ef8-b087cd00ed1b,1
c7695886-9884-4e94-8c52-5e51dc8c1454,1
c76de2ce-240f-45b4-b975-1683a8c22ae1,1
c7739a09-5e2c-4c5c-8310-c2a0f81f04aa,1
c7786f1b-c9ad-43a6-ba62-48bbe0d61911,1
a06318d9-eda1-4f34-a5f4-bcf121c2ee8b,1
a440bd60-69ed-4c1e-93ae-5815b9e1e930,1
b27f184e-8322-4ee9-8865-6aa0cc86f1e0,1
c78896d8-65f3-47df-aeed-0014731fc060,1
a444011e-7429-486d-8d80-5c37fe2975f9,1
b28862c4-3204-48d6-87e1-90273adaaab8,1
b28a21ea-bee2-40b7-a13a-38535911815d,1
c798f07f-013a-4f3b-8ac8-f04cf24bed6c,1
c79c8407-990e-4406-8ee1-a01932fb9947,1
c79f48bb-733a-4721-b657-f789c6bc590c,1
c7a4d2a0-b942-4883-a073-2be445764cdd,1
b28ecae0-ef71-4128-bce9-7283ae3bf577,1
c7ab9d3e-98d5-4e45-a6ec-d38945bda5c5,1
c7ae3580-15ab-4397-bde2-6b6806b4dccb,1
b296dee8-04ee-4db1-98cf-bb245cce8dc2,1
b2982285-d432-4857-9ae8-f4160b04d496,1
b29adea5-c531-4476-aa5d-2c064804722a,1
b29cb3a7-3774-4922-9e0f-8f1ad6870eb5,1
c7c427bc-74f9-4970-a925-b323a7efc447,1
c7c7c569-14f0-42f2-b308-2428b4aa415d,1
c7ce0156-1f32-4217-91ca-ac9cebe789e4,1
a8b3e5a9-3078-4fbd-9136-5b7b11fb9ddd,1
b2a6fd64-e16c-4787-bf8c-ef1f829613a0,1
c7d87896-3849-42d3-8bc1-7a664544e676,1
b2a93e8b-1aeb-43bf-b7c6-b1eba29692a9,1
a8b6aecb-1559-4762-a42a-b7452d4948ab,1
c7e7fdf7-6351-444d-ac1f-73d9d9bf08a5,1
c7eacf21-782b-4d95-92de-28d693891819,1
c7f0b3bf-a30f-472a-9e31-2df0180ce33f,1
c7f6898c-1e54-4279-b050-d018c5ae5991,1
c7f8d0d4-a6ff-4de2-a7f4-0649b463b232,1
c7fd4571-161c-4f55-8d55-d77b63ae0e33,1
c8045e74-a09d-40d5-a9b5-1d29127c1071,1
c8067f45-cdb4-4fef-8939-87fc2dbe2d8c,1
a11ab4b7-b6cd-4733-95a5-783b29b0fb99,1
b2bb23f1-a3a5-4211-b965-63b976235bcc,1
c810cbe7-e582-4e8c-86b7-4c325b881bc3,1
c815a7b3-7106-4a10-978f-d8e992e6bee0,1
c81aa8f8-8b7a-47ff-a573-5b760c5c7662,1
a4529b30-7908-4254-8890-e9080a67afba,1
c82482d2-d735-460b-a5d8-c372048e501d,1
c827d2e0-9b40-424f-b59d-7b118eab9f8e,1
b2c6bfa0-b7fd-453a-9448-31bc4526092f,1
a8c7e243-aedc-4589-a80e-5d7c95b48ccf,1
c8357129-ca29-4b38-adf4-ad77bce61fc6,1
c839af0c-3e16-49bf-a5bc-0ba73dc14e96,1
c83d228d-40d4-4392-ac37-2ceff508ce07,1
a4541adb-7ccc-4cda-8682-ab76cfcec068,1
c843c477-83da-49ff-be0a-f459fd4d63a8,1
c84886cd-3ac5-4012-87c5-c30840763708,1
b2d3b3fe-cef9-4159-90d3-0b3db41024aa,1
a8ce50f3-646f-4926-b6eb-ca987fe2fdc9,1
c8517826-16c9-464e-94ea-1f74790cdeb7,1
c854943a-351d-45f2-8d29-4ce164ef35ca,1
c859221b-25c8-4a7a-ab2f-964ea88c6019,1
c85c2d4b-6b10-4514-8e96-6ddce4f37b9d,1
a8d3d154-3fac-4a93-98f4-bb6106a4b1f3,1
c862bed9-e43d-4dae-97cc-f43e34aa183a,1
c8675c00-23a9-4d4b-a40b-077e4d07418f,1
a09bea0e-e8a7-43d9-a0f9-d5a3462dff22,1
c86f51e1-a169-4a55-8a5f-9641504a5724,1
a8d70e22-804d-40e3-9096-4d81433c214d,1
c8774e5a-5b76-4bfe-89ea-688da31570fc,1
c8795295-6543-479f-a146-4caaf1cae400,1
c87c0a71-21fd-47d0-ae29-f0f40267217d,1
c87f51df-d1f9-4e3c-a332-c29ba265fe38,1
c882fa5d-5881-4c39-bd02-3e280d1eff3f,1
b2ee00ba-e13d-49a8-a6b1-d27df689590c,1
b2f00237-4243-4056-9413-e21b75da85e4,1
b2f2298c-8d3e-4255-8337-08e66d90ddf2,1
a8dd333a-aa5c-4b25-b0dd-b0f6fca3cdff,1
b2f71e1c-9db1-41f2-8d0e-e653809e85fd,1
b2f95412-115c-4825-a5ff-39c91bb15762,1
c89d4e12-9aa6-4eea-9d94-99840905a991,1
c8a2c21f-1fb9-476b-8a87-13fb0f833574,1
c8a80572-e62c-48ae-b09c-5f4ce560197d,1
c8acb16d-be10-4d76-9df2-3f78886b6c1f,1
b2ff609d-5f2f-4aa7-b0ae-244d95dd08b9,1
c8b3f3ff-e8f2-406a-b74a-8f197961ff05,1
c8b88de1-90e1-40b7-8dd7-1b740c92fbe8,1
b3057ae4-1aa9-460d-bf9f-be723819b410,1
b3063dbb-cf16-4386-9c0f-acee9f8d1c54,1
c8c2d1ab-769c-4a1a-a8f9-76283c9debdf,1
c8c7e77b-3090-4c1c-a4c2-130ab9de9a8e,1
b30c7e14-e341-4841-866d-39f5c011c4a6,1
a4616eeb-e959-400d-8746-8058d5c62bdd,1
c8d4c694-c480-4c8b-8fc0-a66f05084d5e,1
c8da19ea-034f-40e5-b6f1-ec49dd7b5825,1
a227a95e-637f-4004-9771-6c1223b7acc8,1
a11e9865-306a-4a19-8962-a55550e169a1,1
c8e8fc11-8329-4c1c-80ac-f8db76d2d23a,1
c8eae02e-fcef-4a69-a961-0c10e5f13b83,1
c8efb5e7-a5f5-444f-8b5a-c5daaef7daf3,1
c8f2f0d9-55d4-4981-9801-c307df08f3bb,1
b32216ce-6b53-4363-9e9a-cc2679c9cf9e,1
c8fa866e-327e-43ea-8687-6e2581a64850,1
b3257d40-07dc-4f8b-b526-6080a438a037,1
c9042c75-2f6b-4c75-a68b-17439193d9ea,1
c9096f26-9c56-441a-956d-c55ae9934ae9,1
c90cbf2a-700d-49f4-a454-4fc16320c304,1
b32ba9e1-3b85-4499-a887-0e5228f06bf9,1
c912f0c8-6672-4f04-84b8-572384ce0c8e,1
c914e5f2-63ee-40f0-af33-a698020b29bb,1
c9186a63-d39e-4857-95d0-ca2a7e1d69ff,1
b33419d3-700c-4b25-97e4-0517e263f242,1
b3373a6b-acbd-4b58-bab0-1d4b59ef573e,1
c923a60d-ffd0-4fde-a996-4d0cbb8970ba,1
c9264a0c-04e1-400e-bd47-2bbbaf45b6a1,1
c929db60-be09-4665-b32f-51f59544bb04,1
a901d1af-a6d0-4fb9-bba7-1df5e67e2f6f,1
c92e95a6-4779-417f-9c79-7cdead2ca321,1
c931964a-89d7-44ee-b3bd-a55d4597b0d0,1
c937976a-c375-4398-8858-d9d1e43a7a4a,1
c93b8f08-2f81-4860-b686-cf34780c6035,1
a905880b-3031-45b0-b13b-f73582831420,1
b34a35ca-592c-4325-ada1-e5ff22e47375,1
b34c4b01-0899-4009-b794-39e00b918cb5,1
b34f6c52-1a2f-4ce2-99fb-4715ca70770d,1
c94e382e-eed3-43ed-bd5c-7aad44a4b683,1
c9515ce3-543c-45b5-acad-e16c48a1799c,1
b353b2c5-cce9-4253-8fcf-4476aa71eb01,1
c95a83f4-dcff-44e4-a720-7dd8097b97be,1
a90a148d-e83f-4a31-ac11-93d2eb643983,1
c96489c7-f73b-4a05-a9a7-7d017f280598,1
c968fad5-14a0-4cf6-a3e2-c7bf55bd1582,1
a90e596f-fbbb-4f92-a2f4-432280cd78ae,1
c96dbb5b-68c7-46fa-985e-32a7ec2f02c9,1
c971ce33-bae4-4614-bdf9-70448ed4b7ea,1
a123eef1-324c-4841-aa23-57cfe50cae64,1
b361119f-7372-4942-bfd3-62263bf03403,1
a47393cf-c1f1-47e8-a85f-684aa11b5b51,1
b364a2df-1db5-4a17-9bb7-81a60a4d02d6,1
c985e704-6959-48ec-963b-f0c1694e1c3c,1
c98b3d23-fc6d-4d04-878d-06f192b94744,1
a91986a1-29cf-4036-8633-ed1adebd183a,1
c994eb64-c32d-4fd3-947d-310ff62d12f2,1
a4774772-3e87-44ea-830d-4d5db7a84e47,1
c99ceacf-1e64-45ca-9844-ff56a27fae75,1
c9a08139-7c0e-4d20-b3c4-f2b317c83994,1
c9a585e2-a370-42bf-a04b-4be09a03293c,1
b3773383-3613-43a7-b3d0-c271255f31ec,1
c9ac739e-0c55-4642-972c-34c071c06824,1
b3808bc1-eec7-4726-8c17-7bc116491694,1
b381e1c8-9cb5-4741-8204-86f96738e403,1
c9b7aa85-ffff-4afe-b02a-80f7e026a7f3,1
c9bbc56f-ba10-457f-87c4-fea4a7cab500,1
b38689cf-dd57-4396-a3a5-30741edde96c,1
c9c4e1e1-03d2-4024-9412-7b43f07a668a,1
c9ca0035-e951-4d41-a5f0-ed6d1de23a54,1
c9cbde38-b3ec-4bda-a0f8-f781ef020c6c,1
c9d3c60a-9def-4f18-945a-fb40446e73d4,1
c9d8e3fa-d596-44e4-9b63-a489ead21266,1
a2387495-9dcf-4f44-9315-e937d4497e49,1
b38e7935-718a-4c9c-b13f-01da73cc0b6e,1
c9e3e1b3-a296-45e0-b271-df88085384e4,1
a47d3aa1-8c90-4648-8848-ee65c25a9cdf,1
a0a2dd1f-3588-4474-98ad-7d35bff64f76,1
c9eeccea-3bf0-47ca-9e46-acb2bf5a9bbc,1
c9f77ac4-2bb6-4354-adb9-c48f43e050e4,1
a239e6f7-93af-418f-a590-2b1f0da6a311,1
c9fd9a34-a4cf-4e84-b1fe-e9d625c41761,1
ca00758f-5b2a-484d-bf03-f19e744712e1,1
b3a03a55-0b6d-403f-96c2-ba052aac3e88,1
ca088b1e-df04-4070-844f-974389f77487,1
ca0c87dd-0a51-4c53-81dd-4f5052966014,1
ca11f705-22f0-40c9-8aa3-74dcedcac32b,1
ca16f4ab-8a8d-4733-9d8e-3c8bfc26b295,1
ca1a77af-f3d5-4c86-ba96-47bbf169975c,1
ca1edeae-13cf-4600-8c6b-089cd567866b,1
a481575d-5797-4a07-b3e5-860e770711b3,1
ca250080-d52f-4c21-a344-ef6d7b960813,1
a03bee75-a907-4d0b-a9f1-5c3377994629,1
b3b1a064-96ee-4fd8-b488-8566304f7367,1
ca345e65-f4c1-4403-b622-2d63896bcd51,1
a23b9e37-70f5-403a-b2ea-355416e55023,1
ca3b0259-e652-4078-abef-fce0c7c3a690,1
ca4197d1-c406-4cc9-a625-bfffa463e294,1
ca460318-36cd-454f-8c8d-54c0a3106f8e,1
ca4b001a-7f67-49df-8c7f-706c79583c66,1
a93d8118-8e0f-4170-a21f-c19f31e0347a,1
ca533626-db19-43ca-a4c3-1d2fb9e8f08e,1
ca58d2db-18f2-4677-97df-815e46b5a3fa,1
b3c6b0e1-b1c0-463a-97ae-17d05d959529,1
ca5efba1-51b3-467e-b464-5514dc2f7a9d,1
ca645816-2e82-4153-afc1-ec1e3f58194c,1
b3cac1d8-68d2-40b0-bcbd-838c7c53586c,1
ca6ac4a8-ce38-421c-bede-119f889b8e16,1
ca6eb1b4-fe28-4d31-a5f4-544be5517311,1
b3cf4800-ae65-4370-9f4f-18cfa8d8f508,1
a945b4e5-7ffd-4c0e-94bd-c79e16529654,1
a9463cfa-a442-4c53-a6a2-c57f524ece1d,1
ca7f72ec-4bac-41ef-9da9-50b80a0efa85,1
a48cfeb5-506d-4ca9-b482-b6303916f123,1
b3d98694-a5f3-48ad-9762-6528ddd90653,1
ca88297b-1fbc-411b-ba37-704b95234a9f,1
ca8bce74-2f72-469c-abd6-c8a02a7f8055,1
b3dcfa96-15ca-4856-ba05-167f3409dd86,1
a1299929-99f4-479e-a61b-e9af807d0fe8,1
a94ef7d6-3f55-421a-be2e-0076266d18b6,1
ca9c6e56-ce1f-4404-b7ef-11c1ab57806e,1
b3e696ad-c103-4084-9017-e86b1c1b416a,1
caa2dd3d-df80-4afa-813b-59f4eb772b48,1
caa6c2eb-699c-4dbe-83d0-d24968567db2,1
caaa4f44-2312-42ee-ae70-8877db4068b4,1
b3eccb2f-194f-4639-87d3-26247cf3dbf4,1
cab13388-3687-437e-abc7-73f9a782b515,1
b3ee5a12-051a-4063-aefc-f825a2578bcc,1
cabac0df-8b88-43cd-8ee8-2904e7ce5f91,1
b3f1dbe8-e9d8-41b8-97e6-1a1e8953c132,1
cac24526-11fc-4d1a-a56f-712fd5fae808,1
b3f5ab5b-9f62-4475-9acd-7a2d1b208cf1,1
a9547681-2ca5-471e-8b75-ee5b0f9a3cb8,1
cacd2714-bee0-4888-968b-567de348f185,1
cad1d7b4-62fe-45a9-bf7e-8211fb8a29e7,1
a12a9c1c-f9a3-4f41-b9d2-6f451f7bb9a6,1
a9583e86-27ce-49f9-8e39-b46cefca01fb,1
b3fd3572-fc92-4276-8c8b-261bbe53a34f,1
cae3313d-7715-4a7c-92a4-4b1f424824cf,1
cae6c132-0d48-404a-b123-af0e2e66bc00,1
caeb1372-d958-40f7-b5e1-aa3649f25f26,1
a241bbef-7bec-4496-a8f1-67799d6b0641,1
a493a89f-f6b7-4515-b9b2-c875a7ebcee1,1
caf4c886-a5d9-4fc3-bf8d-ee1c714b3966,1
caf7d9f8-87bd-425f-82cb-51acd3362741,1
cafb58f0-7cf2-4a25-9f01-ee76dfaec9f3,1
caffa740-929b-4b46-b486-13647fdc9f0c,1
a95dc41d-d1fe-43c1-8b3d-43baf6719be0,1
cb06cd01-bc54-4301-b8aa-3600b85b23c2,1
cb0d4d63-59d1-476f-9360-de891858653d,1
a95eb96f-4dec-482c-926b-e9f9fe4a3c0b,1
cb15f7ec-da00-4279-afec-845e4a6e193b,1
cb1c19fa-1aa8-4627-b04a-fdf5ad758357,1
cb2099f7-7135-4763-8990-cf363c0f28de,1
cb24c003-4186-45d5-951c-d61b1068791c,1
b419bad3-ec8c-437e-a723-181db752a143,1
cb2b4081-e0c6-4198-9875-be4be233457c,1
cb2d25b3-664f-4125-a4f3-318de625964e,1
cb32fc39-09bd-4046-8199-1437647ca489,1
cb378672-80c3-4894-ba1b-edbe2fdee1d6,1
cb39558a-1844-49b6-883b-b77667f51072,1
cb3ce641-f120-45af-bc2a-03685673b2c9,1
cb3f824f-ba22-41cd-826c-506ca1676f9c,1
b4233b5f-7a3e-447c-8926-0335cff6999f,1
cb474247-cb58-426d-8183-dadf7db597dc,1
b426a28a-f2cd-431d-aac4-ea4b2e19a5a1,1
b42995ef-1f1d-4e95-a5e7-35443ccac74a,1
a9641f00-d080-4fae-9c25-636fe9e0d0e0,1
cb561eb5-80eb-4460-bbe1-6ae334912681,1
cb5809a6-2176-40c6-9bcd-8fb0a68b11c7,1
cb5c32c0-6ff9-442c-b8c3-bcf49a7766b7,1
b43265ee-389c-497a-bf90-b13d014bb8fd,1
cb63c4a2-fc1b-4ae0-b4dd-1d79af8d01a0,1
cb675c54-cb75-40b8-9dba-fae1229163b1,1
cb6ca0f1-7792-415a-a9d4-d1a8beb841b5,1
b43b4aa8-8eea-4171-a6f8-58af4aa55c93,1
a96d66e2-beb7-457e-92fb-1de72a6dc7a0,1
b43dacf6-a626-47f7-aa19-95652b3f29f8,1
cb7c0006-e21b-467f-8a6a-aa5c2c3dfd83,1
a49d47cc-3186-4237-a825-f3071cee14b6,1
a9760f52-00c1-4b7e-a502-4ac0e2f32ac0,1
cb885113-74e8-48be-b38e-687b8e509deb,1
cb8ac57e-f33a-4272-b4cd-991d99d00deb,1
cb8fa249-c389-4245-8b19-47e0b9496251,1
b44d1d1d-d371-47ae-8648-945875b240a7,1
cb974109-e321-475e-8a2a-6df496e58ace,1
b451ef08-0de4-41ef-9a5d-9a3d9e7dfa98,1
a97ab0a3-7ab1-4271-90d5-557110e98ecb,1
cba1799d-8bf9-4a02-ab01-8665121f70d4,1
cba54679-c196-47be-96a6-b554d8c746b2,1
b45a014a-5987-4a1e-9c4d-206347d8518e,1
cbad9a6f-6426-435f-9a94-025a9b677fb5,1
b45e77a1-4942-42d8-9cf6-675c42af58e6,1
a4a14be1-f0d5-4b39-8209-928d763ae08c,1
cbb990b0-62e4-498d-9fb8-7615d0fad91f,1
cbbd682b-728f-4967-bc38-78097f3032e6,1
b4664c38-1c57-4e02-9464-a824b9a2311f,1
cbc7483c-dcd1-4ae6-b4c5-83995b77e3e2,1
a9830047-3ffd-4ab0-9e41-2980092ef3a8,1
b46ce66e-c62c-4912-9b0e-69c47e0103dd,1
a4a320dd-0734-456d-95fb-cde3de08661a,1
b46f9317-81f1-475e-900f-eed98779bda3,1
a24878eb-432b-4803-9cb4-9622fa21907a,1
b4737239-8c89-48ba-80ec-021c81932123,1
cbe3a6aa-0226-407a-b0c4-cfe85016c268,1
cbe7270a-104d-4502-8279-25ffee2295bf,1
a24993f4-afd8-4ead-9662-ebcafce28003,1
b478d7d4-b858-4c5a-b2d0-934fb1220f71,1
cbf3883e-0464-4161-8572-49827c0391a7,1
a130cd5e-2f59-436b-82ca-69656082d560,1
b47ea8f0-4027-458d-bb49-6bfe147aad36,1
cc012610-7daa-4a16-9ccb-302c32537d71,1
b481ff7d-3185-4077-a65e-8eae1fc299ed,1
a98d7fc3-9af4-4a8c-b36a-dfd603cacbae,1
cc119071-3453-446d-b8a3-3824bbf8174a,1
cc1613ec-35ed-4e6f-ab2c-7c1ea03a43dd,1
cc19ae7a-c4f0-49c5-adfc-b471b3cbf100,1
cc1d991f-cc44-463d-9786-42788a724734,1
b4902248-6041-44b5-b906-35c7b386a73c,1
b491715f-276d-4ef3-924e-40ce8362c0bc,1
a4ab155b-7e12-4c2b-89e6-b9d5b93764db,1
cc2f45d4-50b4-4466-8e94-cbcd56421bba,1
a9956c11-08c2-4808-a652-b8424449cce5,1
b49b3818-2625-440f-beb5-55b98d901dbf,1
cc3a0055-f881-4756-bc74-537ee9e4094e,1
a999bc93-f012-4ce0-8890-9a1c7eca3ad5,1
cc43543a-d4cb-4661-ae7f-bceb1c812e28,1
cc4728ab-35bd-4e55-b6e8-c0a38ff23205,1
b4a20401-5486-47e1-aea9-c868faa8788b,1
cc4e5182-53aa-4748-8c14-82fd4470d459,1
b4a60598-3d2f-4ef8-aafb-42412285808d,1
b4a9bd57-df66-4a2b-9700-ff35ab6bcfeb,1
cc5bedec-65f7-4752-9c14-3c7d39cbb2e8,1
b4acea75-6b84-4334-886d-7ca6c364d86c,1
a1339210-d61d-49dd-b531-9b4ea53522fc,1
b4b14cb1-cde3-45b2-b7fb-308c97be76ee,1
b4b1f8e1-7e30-4d12-9c41-b0e5b71709bc,1
cc75e0b6-08da-4cc5-9093-ae6c2bb6cd5b,1
a9a4eb01-cce6-40a2-889d-2afa2a931442,1
a24efa72-b853-41a7-bd53-52ff9b968389,1
cc84d57a-950f-4289-b08a-d078837fb666,1
b4bb9b35-8cda-496a-a558-db0f2f334c87,1
b4bf7ed7-3716-482d-be66-0f81d9396682,1
cc904bf2-7e29-4ea8-bc7c-5c6395abf2ef,1
cc967ac8-f8a5-4a2a-be76-28cc2ca16375,1
cc997650-eedf-402e-b757-db03e2cf7955,1
cc9ce080-2efc-441b-9ea2-432ed787af24,1
b4c7d85e-17f9-4dbf-aab5-3853a717e90d,1
a9aa5c6c-cb0b-4b2d-8aad-8a6927cf6a6a,1
cca86150-255e-425c-b8b1-db75184fe6b8,1
ccab737f-4cb1-429f-908b-b058ce0604ba,1
ccb009f8-7923-4d53-b181-25c5f5af8525,1
b4cf9ce9-7db2-4077-bf0c-7e34144959fb,1
b4d19a00-92f5-411f-ad76-bcdde6d5b32e,1
ccbcbfc2-dd53-4e19-a79a-1b66afedc448,1
a2542ae1-fb55-41ca-8439-061e9de5a878,1
ccc77e64-e89a-46f0-8d4f-c575a06079e7,1
b4d8f4e4-7272-466b-8fbe-afb21f780902,1
cccb95de-3792-4141-b661-9fc841efc10c,1
ccd45d4d-bad5-4afc-b793-24e3ec1d8383,1
ccd8e459-d418-4a8e-ad16-efecec6ea98d,1
a9b7a2f9-c8d3-4057-8fd5-131eacb79691,1
cce102e6-46d1-48b3-b805-21ed021940f5,1
a25493f0-9161-4e64-b8a8-a47aea526e46,1
b4e4f4cb-a83a-4bad-a612-67835e0ff507,1
ccf2a7ac-8c81-49b5-9bd2-3bd808cc3d00,1
ccf6365b-9986-44fd-95ab-d9796fa61dea,1
b4ec4726-5785-49aa-8d13-475c8a62a795,1
b4eddd2e-bd59-4299-97fe-2babc69e1193,1
a9c2bde6-86f4-41ef-90ea-2673079eab83,1
b4f2f907-816b-4046-9c50-8d3145e645b0,1
cd0ca8e4-ea98-4ce0-b826-427273326b3d,1
b4f537c4-7b41-4b12-b8b0-95eaa947c116,1
cd13966b-477e-42d4-a04b-37061885e7ed,1
cd188053-e8ed-4b5b-8aed-c0d90086c408,1
cd1b8e76-773b-4374-a983-14ee1bcfbb21,1
cd205969-72ab-4941-a123-8b7f40871bc1,1
b503b0ad-1e64-4fed-92dc-f303bb451ffc,1
b5056611-2aa2-42cb-bf0f-19a5c3ddc20f,1
cd2bb7cd-d5dd-4e4a-89c3-105a745728c9,1
cd2f1b9c-8fab-4445-8d41-5c1c065f9b5d,1
cd3421f6-ce8c-452a-8641-16254c757d55,1
cd377625-02d5-4b79-9f9b-b74f69edea8c,1
cd3bca12-e5ae-4abd-b201-a1298e20dd87,1
cd3e7953-b1de-4206-95fa-577f4a211ce3,1
cd41189f-2b4e-4ab9-9423-82742d88f230,1
b5114fb9-eaf4-460f-bb5d-4abcb207687a,1
cd479dfa-a2f5-4889-8934-a18bf86bc44f,1
cd4c4727-4b93-4466-878c-caaabd04eca3,1
a04e2cf3-1cbd-42bc-b67d-53e793c80dab,1
a9d180a0-f0ef-4bec-bd1f-532f21fa2075,1
b517a2cd-b9da-4d31-b99e-30a5ebe20bc0,1
b519b2f6-bac3-4df1-b0c9-9361e696b411,1
b51b369a-94a6-48c3-9065-a50a4a643a7f,1
cd62afc8-1839-4d05-bd0f-b185446fecf4,1
b51f58dc-04ac-4cb0-a287-048f44ec6b76,1
b521e3ac-80ed-4c81-bd86-48af0a86c47e,1
b524bb10-002f-4495-b0b4-bc4bfdf0d886,1
b526092e-87e6-415c-95f6-ffece9a05ed0,1
cd76009a-d21a-4bbd-9ef1-96a12ef96341,1
a13700ac-8d8e-4251-971b-5df39ff40297,1
b52a107d-f3d9-4eca-ae05-2ef15a7e7435,1
a9dbb0cf-2c2b-4290-be71-48091d0ad2cb,1
cd885889-33f3-44c5-b706-40bb5510c4a7,1
a9dd5bda-e866-491b-8608-8a2b1d54c6fb,1
cd90026b-c43c-4310-8407-e06ab6728154,1
a4cf0491-9b6f-4457-902d-f2b5eb9fd7ec,1
cd985478-87c1-4402-9d97-93f5e38c1c16,1
cd9d573a-429f-432d-b92a-24d08a91a501,1
cda28c20-4488-4ca8-bc57-d858083e6290,1
cda6a463-3137-4b51-8ad6-e116cc14ce1a,1
a25bf415-9380-49ad-887e-480db8aeade4,1
b540634b-bd09-47fa-ab02-482c201a1248,1
cdb43032-d437-4a6e-aba9-e8e15743cdb0,1
cdb6b2fc-b650-4152-931f-08197e3b591e,1
b54430bb-8772-49cf-ac83-fb5c09041165,1
cdbd5ec8-8df8-4d96-86ee-c339386b5f26,1
a25c9105-b8c8-4b46-9050-d4a9570870ca,1
cdc3da6c-46e5-47af-a69e-c0137218d3a4,1
a9e6ee72-502f-447c-8272-317a75729a04,1
a9e7e390-89a0-4d74-8968-ae46acea66f4,1
a9e8cb56-4563-41d9-93df-6a010eab0c97,1
cdcf60fd-c623-4041-9a2f-879111540eda,1
cdd22b91-a630-4b4f-836a-07883613b7bc,1
cdd7e5c5-f15a-4eb1-a134-b88f27c0c0da,1
cdd9f934-0d8f-4fad-a213-b226f7b9ba1f,1
cdded74e-bc73-45f9-b085-db807d72e901,1
cde2720c-f2e0-4783-9154-ba0f84f4aa0f,1
a4dbe93f-fa4c-4fdb-a4f9-9f83ac05587b,1
a9f1ad31-edbb-4d0d-b5b2-eb3730733506,1
a9f378a7-523a-4e5f-92be-03f33365d902,1
cdee1638-f36f-4ca9-bf24-e1aec781ef6d,1
a9f5e484-eb33-4642-aa1d-2ba3d0ad8b4c,1
b5682da5-5f30-4869-a0f4-ef083da1b759,1
cdf8ebf7-6b1a-4af5-aeab-2bd0b61e0a3b,1
a9f89bdf-b0b8-4ecf-b73b-2e53f3edf1fb,1
ce00433f-75c3-4f71-b8ab-51f7cc485c39,1
ce0474df-5e57-4826-93cd-e2260e139cf6,1
ce0863b9-bc93-42f1-91ea-08284bee2ce2,1
b5709378-e869-4e83-83c4-94f2060499fb,1
b572a2dd-0041-4d38-91f6-5af0cadfbe29,1
ce167203-2c09-4e2c-a30f-e2a104dafffe,1
ce1b7ffb-187d-4a55-844b-3dbd1bacdfff,1
ce2107cf-d815-40c4-8f81-314a7961d8ae,1
ce2586f7-163b-4e9a-a878-666ff85ad1bc,1
b57ad4cf-47e6-48fa-94bd-69f023215608,1
ce2d7fe8-2470-49d7-b719-adfe3b83b25c,1
ce31e291-2070-43d5-aab0-b87c8223f8b8,1
ce38797f-22e2-41ad-bdb0-d4089748b882,1
ce3c69c8-8b1f-4708-be4c-d9791b1fbad5,1
aa075fae-27f6-41b8-9588-1588ecb643ef,1
ce41e8a0-8237-4b4c-9a88-cf5eb202c856,1
b58a5bf5-177c-4f28-901f-ccd53673b0f6,1
ce48371f-d001-46c6-91c5-3deaaeee0fef,1
ce4c4727-5235-4a1b-9db8-a8ca25c6bd80,1
b58fb490-66d6-4d82-9cae-a60c2837baf4,1
ce543561-d8c7-4303-9ade-9d3e54a8dded,1
ce59284f-81eb-4579-94ce-db1d38acb90f,1
aa0d1dba-947e-428c-ae09-3486b23ec7bc,1
b597badd-5723-40f3-9a8d-c79e3b0c3d73,1
a4e33d40-7c96-465e-a5ea-495c36253c20,1
aa104dcc-9e69-4190-b11f-220734bafdc9,1
b59f0155-3582-45a3-a210-e03d9d21d7c5,1
b5a00a41-d020-4e5c-9501-29bdc232f25f,1
ce75c00e-e381-490f-a7f1-e7c18aca50c0,1
ce7a2b37-c974-43e7-803f-142729429fba,1
ce7ca9fc-0089-458d-99f3-ab17bd1924a1,1
b5a9df51-25b0-4d86-9bfc-e3d732af2e23,1
a4e72e18-d610-437c-949b-50a2c16160ab,1
b5ade0ef-68ce-41ac-a856-01a029f2982e,1
a2647d76-f70b-4283-bd9a-39ae39b68a75,1
ce9308e6-3209-4267-af56-4cc4c6e7d740,1
aa1a4d4f-87f7-4924-a1db-81d8968767bb,1
ce9d7b20-a2c1-4812-848f-2b7acc1fa4d3,1
cea3585e-f877-4e56-84af-d0fd71a9e52d,1
cea70958-64d3-4a82-bb7e-821c062ee79e,1
aa1ef972-32f8-4716-aac2-1b20642870e0,1
b5be6f26-8f0f-4442-a7dd-28dd20122502,1
b5bf860c-149c-454d-a39f-c5d7ac530ce9,1
a4ebc422-8058-4b73-86eb-7aa8b260a9f9,1
ceb7c32a-d8da-48ed-ab92-cac6335328c0,1
b5c8163f-c3a2-4341-9ffb-770abf3a113e,1
cec3b364-772e-465c-a87a-127061ec356a,1
b5cb2bb7-fb15-4e68-937c-149098bc9875,1
b5cc61fa-6b9c-4087-9201-6618f3a15773,1
b5cde7f1-18f5-4c29-adb8-4b189f348088,1
ced58693-2689-471a-b435-09dcbf938efc,1
cedb258a-c506-4219-afe2-17da47a04100,1
b5d52e00-8216-41cc-bd43-a801b8b83152,1
a4f06e40-06f3-4a8d-a472-09179b1d4458,1
b5d8af85-1e82-42c1-8372-af023465a6b0,1
cee622cc-0962-466d-9c5d-975699674adc,1
ceebabb1-2e5c-4d5a-8a25-fe0d74ffb972,1
ceef9aa2-d0bf-4a8c-a225-02b9d2ea8da1,1
aa301666-19c7-4f02-bb5d-1ab42c06ddcd,1
cefbf7a0-5626-4aad-a387-e377d3f9929f,1
aa33ee0a-e298-4b07-9439-a65d5069541a,1
a4f249d5-39c1-4462-8664-2a6175386f11,1
cf055de3-1c51-4b32-bbb2-6bd49638c665,1
cf0bcbfe-a66e-4669-87a0-debe5dc8d583,1
cf0f3d40-a28e-431a-9f91-1bb9097f2b1a,1
cf13aa22-a6c5-4802-9f1a-223723653f0b,1
b5f0f534-d178-4e40-b643-85d80af382b1,1
cf1d207e-22db-46fe-9360-405f21c8b3df,1
cf22744d-aec4-4eeb-ac91-476ec3cb8f7d,1
b5f4b139-32e6-4aee-bfca-9d1f61ad52d1,1
cf2ba4a5-996b-4dc4-bb1e-d75b52732045,1
cf30abd0-5083-483c-93a8-a3ee4d1dbb25,1
cf35a3e6-8b1f-4027-80f8-2370757ff31b,1
b5fc1d74-22d9-4691-bfd8-8e5f21af3008,1
cf3e9442-9491-4399-b47b-7e33890ec7a8,1
b5ff5469-ac13-4905-a3f5-4095d5883d6d,1
cf44d036-7e56-4162-b66e-2ce880eb2f67,1
cf48c4c6-4ee7-4a2c-901b-00066d69d6f9,1
aa3f4d71-57a8-43dd-9f63-db302739f80d,1
cf4fbb2c-d5c9-4600-98cd-b596739eec28,1
cf53e958-4e30-4a26-b26e-5a65748c7651,1
cf585dfc-ac4a-43e4-b80c-5f973bb29f75,1
cf5d76b1-50d2-4c4d-89e7-f74b720139af,1
cf6225e4-a6c5-48e1-9803-1c174a5529ef,1
b61093a6-5354-457f-a5df-e6f0906db80a,1
aa44bf87-ea94-4fec-9b71-5a90ababc956,1
cf71453b-4b38-48c4-be7a-6afdb0f308e5,1
aa46534a-d506-447f-b7aa-b5b6f419631b,1
aa481375-6f96-4acf-97a1-bd610f3b7e8e,1
aa48308f-f84f-4c19-a527-bfbaa6eda3b8,1
b61c8807-090f-4a72-b971-4f9875e9c218,1
aa4bf391-a4e2-42e4-884f-405ba428ceef,1
cf88342d-97d5-4e63-857c-20e297a8853b,1
b622a8f8-4a24-40b5-bdab-9d75ba950864,1
a14432ab-9724-47e0-9146-6307a2ebe352,1
b625e4ef-becd-4cf1-8355-79ac566ba9e9,1
aa50bd93-07f1-4f8f-ba15-4db1ceb549bc,1
b62ad906-9b68-49f5-8df0-16e65f439932,1
a06b1879-e7bb-4556-b262-20420127e3f7,1
a50068b5-3b36-42d4-b6a6-3ee14527d524,1
cfa6d464-fe53-4453-be54-e74ec6156873,1
cfae1c18-a5cd-4034-8253-3418c134ea0e,1
b63402ed-4977-4be9-a0af-c1e19ebd3d5d,1
aa583114-3445-4d5b-ae9e-d8fc0495d634,1
aa58fe9b-d7da-428c-b50e-ad8036497a40,1
cfbbcfc3-7647-4c31-b975-99e917ad741c,1
cfc08172-9eba-4e8b-9e70-afc6359be952,1
cfc369fb-0e15-4c51-bd4e-025abdc6d38c,1
a275023a-7daf-480a-a532-4bf03e7de251,1
b63bef89-8105-4432-aef7-c8ae644cca79,1
cfd2db8d-4184-4ff5-af8c-b3d081aff5ac,1
b63fe615-31d6-4f21-bb4f-c46a280581ab,1
b640ee4c-8d3f-4f8c-a8fe-863414495191,1
cfdfa12d-f160-49db-a278-357fa71e20cf,1
aa612126-8aa4-47c2-a20e-a44f8a226778,1
a5071aaa-acef-4456-849e-1a058337088e,1
b6481bb3-cf94-48a4-89ce-ea4b9b68de7b,1
cff5b9c3-4911-4b51-98dd-4ee492fd785d,1
cffafc8f-3f32-421a-9116-1974f0cd5354,1
b64d2f62-e845-4baa-82ce-734f74e0a91b,1
b6504d43-1dbe-44da-994d-4f40f2b1ef37,1
b65219c2-f621-416b-a8ac-ae3114c7832a,1
d00a6e81-ac4e-462b-a8d8-92ab04568544,1
b654e84c-8fa4-4cfa-9a02-39e42f6bbd73,1
d00fbf34-5d0f-4a8d-b6dd-e380f6c48d35,1
d01471fe-ae23-4a8c-8788-877b2a33022c,1
d019bccb-5ad3-499d-824e-0406335c5392,1
b65a40b0-fa9b-4fda-82a4-1970b23a1c6a,1
d02359a2-9b7c-4116-a5a2-c4414579d681,1
b65f2dbb-38b8-4a83-916f-6da104f23819,1
d02a7c9d-54e3-4c21-9779-dc674b18f577,1
aa6efd22-035f-49f9-af6a-a4aeaf860173,1
b6633dbc-46ca-44b4-9461-a43e2dc1a8cc,1
b666e02b-61b0-478a-a755-09174c39623d,1
aa729765-0c7d-46d9-a7eb-bef3e926aa10,1
a27c5d73-d475-41ce-ad8e-80a9c4bc98b7,1
a0b8ef9c-3103-4b04-ba31-f4189ce2db40,1
b672b22f-e83b-45bf-a818-49bc64798b72,1
aa7896b3-0cbc-4bf2-95da-e49cae47bb78,1
b67853b6-020d-4598-9402-8951e0d4c2fe,1
d050d700-0632-4374-876b-41f56cbd9c2f,1
a514b9d9-2785-48ad-b1df-ce29d3d52ae3,1
d05bd5eb-ebba-4701-9dea-9163b1901f60,1
d06267c8-b5a7-414d-9a11-9454b82addba,1
aa7eafd2-c5ea-41a5-b1cf-567b4bacfe65,1
b6803044-411b-49e6-989b-25433cea575a,1
a2813f41-48ff-4a20-ab5a-7cc974cafd52,1
d07495b5-6ee3-421f-8707-8b791b211152,1
d0788075-be9e-4458-af7f-944898596acd,1
d07ac83a-24b2-452c-9f77-81b93d04461b,1
d07f9a4d-f158-4051-bf03-71b9effd1f1b,1
d0849bb0-ec2d-4163-a4da-6a4b23626e69,1
b68edeaa-f6b7-4059-9d34-ef80ca6615f9,1
a51c7e27-eb7d-4cb2-8fdb-d4884a9c2c00,1
d09190bb-71c5-42c4-9d51-3b2e78248998,1
d0955675-1d9c-47db-82ed-d2077738219f,1
b694cf51-66f4-47f1-bfdb-ae5110118502,1
d0a00492-be42-44b5-b1f4-b30a3bedc7f7,1
d0a297cc-a639-4d43-b928-7f06f5b64428,1
b69e67a4-287c-46f8-8500-295c60608180,1
aa8c3049-00d5-405f-aad7-1a26d961d0b6,1
b6a04c67-0efb-4385-aea1-c8a36d1a282c,1
d0b6f3e4-94cb-49fc-8094-0b26f7a89f5a,1
14a61dbf-6ddf-4265-8654-d681685c9ec5,1
0005f13a-555d-4ab3-9a87-474b50b8eb1c,1
001445a3-7e3b-40fe-a6cc-6e20a9eccfac,1
001bbc8f-b185-460f-aab3-fe20b894c3ef,1
0022ec90-ce04-4429-aa66-afffca7757ab,1
002bd634-ba4a-4008-b114-553d386a81e9,1
00367349-d1e1-4e06-8d8e-66358b8bcc4b,1
003d6d71-affa-4b6c-b0ba-5d8c62c12965,1
00465fd9-e26c-4c35-8e21-fa3ae4f7ea6f,1
00543b4c-9a2a-4b5a-9b41-8cbce42ddac9,1
005b06d0-e11f-443b-bd9d-d6de54c87205,1
0066bb8c-6f91-493e-9333-b854932cb487,1
006b8efd-daf6-48bd-848c-2e5e03c1df81,1
0073d52a-c6df-4864-ae24-24bdc1c0f89f,1
007deb0c-886a-4481-8be7-aed5c5131141,1
00860f93-060c-4865-b2c9-719fdcdc7927,1
008a195a-5387-4feb-a8aa-4b25c24b2093,1
00932ab8-3698-4aaa-9428-07c801b52cf5,1
009a5269-fabf-4bc4-a6c7-8590f827bc51,1
00a06eb2-9eb3-4e9e-b2c2-e2fb6f640aec,1
00a81779-b966-44f4-a220-4f55550f12fb,1
00b1be2a-36e1-45cc-a67a-1c25ba614ddf,1
00bfe631-6ec8-436c-a74f-fe887e7217e4,1
00c9dac5-b3b6-4260-a5ca-7ec7acb872dc,1
00d15f4f-3726-4fdf-a1d8-e4c37b5cacd4,1
00d6ff8d-c303-4b85-84e6-9d83874faf5a,1
00dda297-2342-48a5-b51a-c316db594bfd,1
00e6d776-7e77-490d-991b-474d4a95e050,1
00f0324a-6c6b-4ba9-b953-6a21432334b2,1
00f53ad3-0a1b-4b6f-8237-75e1b3982e43,1
00fd9c66-575d-4591-bf3d-d411355eaacf,1
0103f52a-4d98-4b12-a54e-ad0b828827d9,1
010b8952-194f-41bc-b335-f265005c944c,1
0113371f-cae4-4b55-8f34-06123ec074c2,1
011d9ea6-2143-4b19-8a50-34a672089567,1
0124d655-8cff-4dd7-a5b9-4080936d75ea,1
012bbb70-e263-4f8a-925a-59289755aca3,1
0136bf87-dedc-453f-bad3-b7d76f5617f0,1
013e9bda-5fe8-4879-8231-df8a39e588af,1
0149d247-c99f-496d-a90e-b4887a3f077c,1
0153429a-c44d-4174-9152-f31d5d128dbd,1
01568e16-1524-4c5e-83ce-0e9e2db96854,1
015bc44d-9934-45bb-9208-c9e91402cfe2,1
0160ab52-c07c-43c9-aa09-09897d3ede8f,1
016549a6-6d5d-4c6a-ab7d-a4d925b93337,1
01695242-1589-404e-b4e0-7f99780b1eae,1
0170590a-0f19-4811-90ec-f3b08ac91964,1
017bdd42-4b9a-4b08-bde9-4b33aed0ac73,1
0184cf5b-f3c4-4386-9a72-0878858b55ff,1
01898e8b-eeee-46b5-a981-7ce2cf0e3e74,1
018f1090-e7a6-437f-8a9d-7f6b4e9c966a,1
019578a3-293b-40c5-b34a-e255576a7cfa,1
019d4875-8004-4009-93ee-3fef4baa12cb,1
01a424a2-2dc6-41f5-afb1-abe23db3698b,1
01ad28a5-8e22-41ca-8d1c-b3a5042215bd,1
01b2e4a2-5f4c-41e7-b3ce-9d8d891a6aed,1
01be267b-c364-4fe8-992f-48e42bde63cf,1
01c4b137-9b01-4a0c-9355-c42c7b4a8209,1
01ca8e21-8a65-425a-a7c4-d4a02855dac7,1
01cf086f-5f2b-47d0-b47a-d355e16c3642,1
01d5445a-cf43-4114-b097-00537b948902,1
01dc766a-ebc7-408a-b479-0ab81e90c0f4,1
01e4fcac-a329-41a0-a2fc-0ab955a4ec3a,1
01ef27fc-a6d9-4eb6-a20e-7b08b8b0664b,1
01f4d997-9e08-4835-a4ad-755aaaed5eea,1
02024bb0-e1eb-4e1c-a620-6bc2289ab7ca,1
02066167-3fee-4357-86b5-60bd3a33d527,1
020e4cff-b6e1-4633-8e77-758b47d8a365,1
0215e481-dff9-4a46-acc0-49b3509d178f,1
02201cda-0256-4047-a3d5-ad791daa6dae,1
02276f90-b8f4-4602-bb96-6628eb6f4d0c,1
022f3d8f-bd89-4649-88a6-94130a7369ae,1
0239acb1-69e7-40b9-b1d7-a381aef1bed9,1
023e368f-f245-4246-bf09-db09d09d27e3,1
024390c9-51b0-4875-b047-43d4c09c2d70,1
0249a185-d4b0-4ede-a049-c2225b36b289,1
0250aeab-4470-4662-ba0b-d9279119d762,1
025b779e-8e51-4d8f-a2e8-5b09eb884910,1
0263f847-c938-4426-96c2-45735303fdd7,1
0268f04f-e773-46c8-8994-6f90be0c1970,1
026d8e90-4006-4a99-b72c-902662830480,1
02790a61-faef-42f5-aa49-db018405d982,1
027ff4ae-bf00-419a-9cb4-47729769c55c,1
028510a5-32d3-47a8-816c-6ffd5f185c24,1
02900eab-d3a1-4b78-874e-da20c072e911,1
029645e0-87ca-442c-802b-fcc56324bc4b,1
029b2936-5b13-4860-bbe1-95043a5f0cd6,1
02a7a9f7-3555-4cf5-970a-d8310f31026a,1
02acd368-4f6c-4ffb-924d-d272668dac2d,1
02b6827c-fa00-4cfb-9b2a-99b463dc1791,1
02be0a65-27d6-4ba5-a362-85c19e98efd4,1
02c59338-7505-4b7a-a5c0-35957140ab62,1
02d03619-9678-42e3-a90a-f2b4d0796da3,1
02d70eb5-531e-4a7d-9391-ee2b08247a6b,1
02e1c032-dff5-4561-b1ba-297bbb66de0d,1
02e94211-2d1f-4014-bc04-b3db974062cf,1
02f07d6c-83d2-4510-926b-151b1994053e,1
02f71e50-444b-4f10-b2fc-78b755657cfd,1
02fdcc4d-c9ea-45e7-95a2-17463bc62739,1
0306d72c-6e57-42d9-bffc-b661af92806e,1
030d2bbf-baab-41d3-b691-f5d7828431f4,1
0317e1b2-0a75-458e-80b1-8eda571bdad1,1
03284f5a-8b2f-4739-b687-3b854f7e700d,1
0332cd4d-b4d5-473c-8e63-9f823e5a4d52,1
03361514-0dd4-4b3a-bb9c-c3c79f8d34c5,1
033ec762-0eae-4907-86ac-ef33c88bc72b,1
0345a66b-4c59-49ba-8e57-49b2784360ac,1
034fed86-1264-4c8c-9659-78721879e692,1
0359ecc3-3850-4df3-bb41-e3b10ae65de0,1
03615923-2442-4f7b-8cf3-c53f6648518e,1
036a4760-9a82-4f3b-8c3b-1a0ef68911aa,1
03740e0c-8f82-40d5-9a99-6037f1ab9787,1
037d177a-269a-40d1-ab3c-06df6c00987b,1
0384fff0-bab8-49e9-ac2b-4df71fd98499,1
038b579e-226c-47ca-8d85-1812e00a85e2,1
03958da4-323c-4a78-a2e5-43cdb983d662,1
039bd22a-6ae3-4f1c-a764-bfd1c84a475b,1
03a4362c-653c-4350-bf5b-a421dde594bd,1
03a90545-86fd-4fcb-a020-c7c5caa48f3d,1
03ad6025-5361-488b-9ac4-296aa88a9685,1
03b435ed-1a03-488a-8e4a-d048fb00121a,1
03be97d1-8876-453d-888f-a883e3cb6b60,1
03c8166a-58a7-4d88-b23c-0e149558b774,1
03ce3e23-b13c-4876-a4a0-941befa69c4e,1
03d61848-61a4-419e-b664-71c6cb0a312f,1
03dc977f-447d-4708-aa5e-0d781bbad799,1
03e846cf-7fa7-4318-8c6a-0292d93c8e41,1
03eceae4-4691-4034-91bb-6f24f5a19cee,1
03f7361e-d73d-4c3a-893d-b8c28f4a8b3f,1
04006538-6cdb-42c5-9681-5067bb3f79d9,1
040dcf50-8418-440c-af42-d79568acc35a,1
0417ba6d-1ddc-4a90-b167-2a85bb3f36da,1
041f1d1a-2bbe-4ab3-8ed2-11e8242abaee,1
04237a61-24b9-440e-89e9-9a32430a74cb,1
042aa256-ee8a-402f-b80a-8bed1b8fd395,1
0431b3cb-e0f0-4189-a268-75776450fdab,1
043c3398-db22-461e-8f42-3bbcf168a27e,1
043f77bc-54b1-4469-a832-befcae04bbfa,1
0447c39c-7489-43d1-99f7-c7f90ae78934,1
0454f1eb-3974-4cb0-9f26-488f7447c899,1
045ca8e7-0c5f-4353-9ef1-216405854554,1
0461a3d7-32f0-4e4f-8926-c178aa507e12,1
0465c17f-9baf-4e32-b41c-cfd90d2da7e8,1
046c0a48-6609-465b-8ee5-2ceb49b84cc9,1
04737453-e9f8-4c38-9990-934ad99994a6,1
047af744-e8d8-487b-89cd-1ff0904fa678,1
0483765a-f933-4852-96b0-761407cea18a,1
048a4941-4aaf-4d2a-b3b3-eff874742ef6,1
049494d0-4514-4480-bc96-34a3f0891d69,1
049ca5cc-352c-4739-a6bd-0b8a14d97685,1
04a1c1e8-77db-4b74-b4b6-cb3f61970961,1
04afa4be-4c78-45d1-815f-a6c3b027b3af,1
04b884a2-8eff-4463-b19f-969f694aaa6c,1
04c2e94d-5c99-458c-af27-50822a0c05ba,1
04ca60de-3294-4ea5-a864-0d279fd7dcaa,1
04cef337-0b74-4827-be97-5cf502d8376b,1
04d9db38-b1bd-4e02-b607-7abf71424197,1
04e3db32-ba00-4c51-b843-6d9625e6c100,1
04e91502-dd6b-4dc7-bcbe-d0abc683cbbe,1
04f329e9-a69c-49c4-9772-e193544ffe2f,1
04f97634-0cf6-430a-8b3d-1cd99d85176b,1
0506ba0f-934d-497b-82a9-765eb08a5053,1
050a334f-9926-4dea-b35b-f9b830f38f8c,1
050ee375-0626-4bb2-bf42-61c69568cbdb,1
05128f4f-9fd7-45c7-81ae-db89930b1727,1
051b15aa-df22-46be-b308-561140ab92e0,1
0521a24e-e485-4de7-bdd0-9d7c5a7335ae,1
0528a465-c29a-417f-b642-87415559e5f8,1
053121e1-a6f5-4603-846f-047f21165660,1
05365db0-3b6b-4d7e-aac9-9565b96987d7,1
0546564e-9052-4d53-8ad7-1275d8b2aa54,1
054c5bac-8dad-4e4d-9970-08953bb545bb,1
055612d9-fe5d-4110-9cb8-12694168d5e6,1
0561b056-34a6-40d5-b1f4-c73c4651431d,1
0566571e-fa4a-4690-a796-3d825d3b1a99,1
057248d4-171a-4dcd-babe-75a63ed0c3ac,1
0578d9eb-b265-4100-ba7c-f4350da06b9a,1
057f862a-ac12-490e-ae95-d3fa78bf4eed,1
0584a0b3-30ee-41a7-95fd-f0189509e086,1
0588be93-4e2d-4090-bb57-bc884a1441cc,1
05923259-f142-41e3-91f9-7994b034611d,1
05979761-7002-4e45-9fd4-e7a0cd264f49,1
059cf157-c50f-46bd-a44d-6457b8d2b1dc,1
05a875ba-8463-4847-8669-c07d00af4baa,1
05b1e063-d544-4d8a-8f5d-04128d7bc294,1
05baead4-d7e6-46b2-9b18-29fe1a221091,1
05c19a3e-dfa5-4873-b825-f00fc890b6e8,1
05c68f4c-6158-45ff-8afa-e288e1221940,1
05ce7e41-7c39-49a8-8042-fc0af5ec4da9,1
05d5a810-d184-49e1-909d-8a7d24c734bf,1
05e2c4d8-9089-4468-8a4f-09d4e72c839d,1
05ed9658-a942-48bb-9ae7-481cdde794ae,1
05f6b389-6f87-4570-9aaa-d803b4fb3347,1
05fbae08-eb7b-4596-9c1f-0299d0d988b0,1
06025390-aa87-4bcf-a798-194b53b20828,1
060834bc-7c0e-42b0-906e-ba7babaf5051,1
061217a8-0c27-4664-977b-6b7a8939a5b0,1
061b190e-59cb-4e5d-a6b8-2788bd0bb78a,1
0621fe8b-489e-42a2-95d5-2bea1d91071c,1
062674d8-208b-43cb-a7a2-b2f579fea2f1,1
062fe9f8-c88d-46bc-8119-780c55e41e0b,1
0635dfe4-22a6-4390-b8b1-623841aaad64,1
06393d3e-513f-410c-9b3b-1152ecaa5e37,1
06420986-71a7-40c8-a983-0a4fdab483a4,1
064c938a-accb-4163-938b-f00b190113f5,1
06543583-55f6-4b90-b960-5012c85ac752,1
065ee6ae-bc11-4959-8220-c7ac8b298b91,1
0668aed5-7069-42bf-81a8-23d664dddc32,1
066f8157-db71-4dc5-a867-9af1a9109654,1
0676605d-fb55-4cb6-bc77-0ad2fa197b7e,1
067a384c-0ef7-4f82-ba88-522a05a44911,1
0681cbaa-8d21-485f-b52d-673f6fc65dbd,1
0688668a-d8de-4992-8e39-e77072a7155e,1
06918444-a337-4603-a667-4e830202ab09,1
06983f81-73c0-4b0b-8339-668e9babdeef,1
06a51e58-9f84-4b80-8466-1af224d862a7,1
06afd307-0a60-48eb-9ef3-aaae268ed6ba,1
06b8a487-8a41-4d77-bc32-302dd11a1322,1
06c1a978-e591-4133-9002-2e84ff78dbdd,1
06cbf0f2-9aa8-40cf-b41f-63b1f05c52fc,1
06d01cfd-0149-4808-8398-4ac416b57995,1
06d6d402-cd95-40b6-b9da-e56d3313c195,1
06dd3ee8-1367-4817-960d-99a37003148b,1
06e65107-3233-4e7a-9d38-558c1b45087d,1
06ed5cf5-fd78-4888-909b-ad29e3443b81,1
06f709b6-662e-4af5-b953-b8bc23d94f6c,1
07034772-7ab8-4560-b169-059eaeaffb36,1
070e0e59-e811-4257-8c0c-4b07184f6dde,1
0717e830-3f12-4332-aa71-8c55dc679ffb,1
07222c58-2cd3-4267-aaa7-1eec58843de1,1
0726ef07-393e-4b57-b971-216f24d903c1,1
072e7f0a-a58d-419c-a183-98faf5d57377,1
07383ffa-82c6-4ef4-bb3e-2750e4169192,1
073bebca-de98-4ade-ad79-7ff366b2da24,1
0744c21d-ec67-477a-b29f-d87afd87f0e9,1
074a966c-9159-4bae-a950-2c3432bc04e3,1
075264af-93a9-45ef-b67e-3b3ac3540428,1
075971fc-7c2f-4e06-9a3c-f1beb45ed8dc,1
0760c212-e616-4e9d-ad37-669df398afa0,1
076c5e32-609a-48dd-bf3b-00553793d7ae,1
076ee7a8-4d58-415c-8b87-886bc89aa7f4,1
0775d495-42e6-498b-9c3b-fcb76a4ee40a,1
077f38dc-b53f-4bea-9bfe-c4f2ea98b38c,1
0788bc86-307b-486d-83b1-8ac60e775a35,1
078e9ca7-3032-419c-84b9-0cf4f94b4efd,1
07947b95-09a5-41eb-b6e4-7d44bfe74ea0,1
079c44c7-6ae6-4f1d-893b-d24271050748,1
07a34c2e-8e16-4b4a-bd5f-65cbafa5e94a,1
07af7649-d8dc-45d6-ab89-4c2d0a571465,1
07b6039c-e47a-4a84-accd-c80de7cebb73,1
07bcae5b-231d-4cc8-937b-38e1dc89018d,1
07c697be-03ff-48ff-8d68-c4ff57a3031e,1
07cb4dad-910c-4015-888c-b5b877e4c7ac,1
07d810df-c95a-42f0-a84d-161e9b826d6a,1
07e39971-034e-4d9a-b783-0746f02a45d3,1
07e9c0f8-86ea-4174-b1de-a503ab1d76f6,1
07f2c3b8-cec6-42ce-8485-2393ece964d7,1
07fcbb64-cb2d-4860-8593-21fc572d567a,1
0807a9c1-dd81-4aa2-baea-ecd1c1f378a2,1
080ecca6-c955-42b5-8bb9-eb4022e6e536,1
08174bd9-f7b3-48fd-8f08-2d085b778162,1
081f2360-b005-4915-b6dd-d6f6101e2bbc,1
0823ce9c-a4da-43a2-a057-599cf9f67036,1
082e8e1e-5ddd-419b-b914-c4decec37186,1
083abe28-1bab-45db-ad9e-2430fd401359,1
08422f78-2425-469f-b1fb-bb30f70b3aaa,1
08478881-53fa-479f-b78b-75092dcf5e6d,1
084ea493-0088-4961-85b9-df230e8303b8,1
0858b84e-7c57-44d7-9506-d8b05baf500e,1
085decd6-251d-4719-a64a-cfa35b1268b6,1
086354f1-8ebf-410b-8230-08d4f6b09bcf,1
086d3d03-6b74-46da-8214-1bbdf8af2234,1
08726def-e9a7-4028-8053-1de9ca95db4d,1
087b50ff-b777-44d8-98e7-1fcdf88824f5,1
087eca68-7df2-46b2-abdb-f87b8b56385a,1
08855c88-241a-4ee5-8c5f-5002d396f4d1,1
088e98bc-7fb1-415e-b067-4d7abddce8b5,1
08942826-6cc7-4289-8158-ca5f3d8ba7a0,1
089a1bac-0277-4a34-b0ea-5f4b35e3da6b,1
089fce55-2dac-4499-9ff0-b678f4035cd3,1
08a5aafa-cfe0-4d44-a52c-4d11da2923ff,1
08adc66a-c1f4-4592-8319-bd7295bf1d61,1
08b61780-4eff-4413-b943-86249a69e343,1
08bf91ae-3b50-4ce0-a3c7-f49640001998,1
08c601c8-9d62-49f2-972a-798e9a88d6c8,1
08ce7980-c862-4892-aec5-babd81c1af14,1
08d276cb-25b8-48f0-ad72-901479d337df,1
08d8792c-3172-4021-aa4d-08307b867c7e,1
08e0f330-6f9b-4f02-89f0-146d425f5bbc,1
08e857e6-fe87-49d4-96ce-7062a6d17c6e,1
08ee3a80-4121-4609-925a-9023af743609,1
08f83c54-4b73-4f62-a096-c935773488bb,1
08fca367-289f-41b3-9ffd-286041e22634,1
090740e8-79c3-4816-8ae6-b5b770e2049d,1
0910a51c-9693-4129-88a3-c1b074aac779,1
0917b801-b784-4ab8-8942-bee43ddaf412,1
091cb95b-650c-4557-8a9f-fdc89512eb40,1
09259dc0-de82-48e4-ad9f-18eac8537ae9,1
092f68b1-143a-441f-b7f1-32759966b187,1
0932d33f-b967-4d1f-96ff-725e9eccd8ea,1
093ccea7-d34f-4ef1-b2a0-aaea9142515b,1
09484f5a-275e-4696-87ca-b794d66513e2,1
095114ea-79dd-446f-abb3-9e505bd26893,1
095952eb-bb45-4772-a3de-bb86fe47b285,1
0963653b-36aa-40d2-a16c-971060d3eb9e,1
096ae84f-80cf-478b-ac20-71f219a3ce7d,1
0974d660-51ac-48f4-827b-6cc083301f21,1
097cc10b-c069-43e3-a54d-8437f8493242,1
09845277-fd68-411b-931c-9a52ffdf1e37,1
098d48a2-390d-4a24-b079-9da3a7e06994,1
0992d9a5-4bba-4b01-a980-bde9b11ac496,1
0997cb5b-fc30-49ba-b92d-81f05caf5f4a,1
09a14517-0391-454b-8cad-c2fc38fe9501,1
09a8341a-d903-40af-a833-1c63102eb6f7,1
09aed1fe-1a91-4985-869b-ed9024aa7aa8,1
09b541a7-4fd8-4114-bec6-86e716c33f07,1
09ba32b0-75c9-4bf0-9c27-50fec22bfa80,1
09c4da6e-2bd8-41d5-951f-323e9b146599,1
09cdf8e3-0e44-4353-bc47-8487c97032d0,1
09d539f7-c926-4abe-ab5b-69439f260ace,1
09e33131-f185-41ae-9828-9f0bb3e1e857,1
09eb6cf6-82bc-4fcb-acc4-48a7ab95215a,1
09f4edf2-5315-451c-a562-5527b82e6de8,1
09f95b4f-0855-476d-a180-485eb3408d6f,1
0a012d6b-f6d2-470b-b39c-fd0b5e2358dd,1
0a067fd5-9c1a-4694-92d0-6c33f9e11684,1
0a0ab7b8-bdce-48c1-8c02-91bc55e8e804,1
0a1dbbdc-46a1-441f-8339-03e58fe14db2,1
0a28f3d0-8d4b-4178-8505-75c8b1abd5d9,1
0a2e673f-ddc9-4890-8d8e-42f165ac5c95,1
0a36cb4c-56e1-4cf0-9b72-1b64a61b69e9,1
0a3cb377-f273-4db7-b1cc-cfd4b4497ad8,1
0a456ee0-e566-42a7-ad7f-fc6124d48989,1
0a4badaa-e46b-494f-ae43-ebc3e315e33c,1
0a55780e-b66f-421f-b99d-752d2f5a985e,1
0a5c6e6e-d119-44df-a00a-beb91590e688,1
0a62cd1d-ee4a-4916-95ab-7ce5fb093366,1
0a6a5d38-a63b-4763-805d-79eccf5f2445,1
0a751464-8dec-43d5-b28b-9a0e98915f63,1
0a7fd0d4-8ccb-4d08-8bad-7dfdf2684e9b,1
0a8b7e54-3418-45b2-8f8c-de9db64fbc0b,1
0a924d78-2bb8-4055-830f-7dbf2a5d5ade,1
0a9b1852-5129-492b-8149-fd194cf9c83f,1
0aa15a48-96c2-4bec-a476-ab535387cfb7,1
0aa918b3-8c19-4d3b-a0ad-57a218b3f91e,1
0aad86a8-b566-48c9-bcaa-043b952558a6,1
0ab4a49e-8b5a-440f-8ef9-78888877b11b,1
0abc35f1-ffb1-47d1-b10f-5649110c3238,1
0abff743-372d-4570-88b3-7b3bbd796004,1
0acafd48-92d1-438a-acad-9bf4e0cb20c1,1
0ad49d4b-2526-4c90-b017-c2f24a89ea26,1
0adc2d55-114c-453f-8101-f843d8b90afd,1
0ae5476f-c8b9-4012-90cf-0db38e31d982,1
0aec4672-befe-4ebf-9111-f42a0eede76f,1
0af5c1f2-c6cc-4518-86db-821438878aba,1
0b00e5c1-ab47-480b-b6d0-2846c1b476cb,1
0b08a56b-67d9-43d1-a0e4-12158c1117c8,1
0b150250-ce78-4c04-aff4-36b6f1730b9f,1
0b1b30e3-bf77-4aef-aca2-69e43460786d,1
0b25e6f0-e081-41ed-854b-f162fc375b81,1
0b2e32cd-1da8-4886-819e-a7243b2dd483,1
0b3af73a-db6e-42f8-b31c-424ff739fe95,1
0b45a0a9-d21e-4091-8be2-9489e16afa27,1
0b514c95-66e0-4f1b-b9af-d8a52aff5847,1
0b5cf012-c77d-4e2e-b415-6b9a8be25223,1
0b61b0bd-45e2-43c2-b1d5-cf43617db08c,1
0b69a53e-8258-4db4-9ed0-b5f10ec16548,1
0b6e0d10-9376-4086-9915-248f133596cd,1
0b757908-1a19-4088-92f7-5da6ddc941b8,1
0b82b701-7dd9-4af6-afea-b41ef4292fac,1
0b8c7126-385e-43c7-bc86-761595a75ae1,1
0b9699c0-d2f9-4f7b-b838-c4ea07ffd6ce,1
0b9ce009-f473-44c9-80ca-40ba8b847814,1
0ba2b38b-6da7-4f4e-9188-655aa209f609,1
0ba75a6b-e2b8-4eaf-aa76-e9921999f0cb,1
0bb1a312-93c6-44ca-9213-f31364e1b54c,1
0bbb4a3f-c5cf-483c-a9a6-650e246ddbd1,1
0bc28447-1f32-4486-bbae-da98bd69bc00,1
0bc80048-4222-4c4f-9d68-08026eeca925,1
0bcd7e8a-068e-42fc-ba24-1eec4d0703f2,1
0bd6ccee-c825-4fc0-94c5-23ee007f8e92,1
0bdead79-7cb4-4b24-9bf1-09327e307b13,1
0be36482-e6cf-447b-8a3c-89d71ae8b344,1
0bece9a4-3320-4cc8-b107-b47ef98f7a7c,1
0bf44017-0b35-4280-978a-cd50107851c4,1
0bfc96c5-17ae-4357-9121-78bb742b27d3,1
0c06bf57-885f-41dd-b07b-411245bc7369,1
0c0f847c-f721-4912-84ed-fd04b194d8be,1
0c18efa2-cbc7-4b93-92a4-488509f72178,1
0c237bde-12e0-4dfe-83bd-29fa9b1e0bba,1
0c299177-2ce1-48ad-9de5-1a685bfe7d7d,1
0c31de81-c045-48a2-aaeb-20a96fac8227,1
0c3b1bbc-7631-4237-a428-ede0cadf73d5,1
0c426194-5e2a-43d6-a77a-596b9e861810,1
0c4b5941-8815-4fdc-9b89-cb4858f88d22,1
0c5589ed-70db-4400-a49b-9f5efe117124,1
0c615218-f3b5-4ed6-921c-d86fb795369a,1
0c6b42f2-de0a-4df8-9e69-490fecddc4f0,1
0c71d45a-2026-4e7f-9990-fe1d22707c91,1
0c790d50-4341-4a6a-b5b3-a8185c148adb,1
0c7faf1f-9713-41d8-8397-cb544749891f,1
0c8b3634-c133-4726-8193-5a24ec815601,1
0c964562-3bc5-4650-9148-06e351f674c6,1
0c9b9112-2dc8-472b-b08a-9c3ec19e5778,1
0ca11f35-9d0f-4a19-ad62-ff9fa55e89fd,1
0caad428-7111-4057-81db-b73cc76de87a,1
0cb39f91-fcbd-49de-afc1-adca288b1659,1
0cbd3bf3-d097-43da-b466-408adfcba410,1
0cc60e72-7704-4e3b-ad6c-fe040af8fffb,1
0cc9e3e1-340c-4a61-8129-c0b844dd8f2e,1
0ccec10d-203e-45a6-871f-8bcce47fcb08,1
0cd3f797-c76f-4137-895b-7c90c80900d5,1
0cdca768-5e47-44de-bf1c-42fbc27363da,1
0ce7ada4-29a7-4a7d-a1a0-99921e9cf545,1
0cf119ea-c2e3-4bfc-b51d-c6e04e10d546,1
0cf5e9d1-7a52-4a1a-b24b-55443b466a43,1
0cfdbf1b-e8a8-4987-a8ee-0bcc6cf0ccdc,1
0d04e3e1-36cd-43cf-aa19-bee500a92af3,1
0d0fae4f-b063-4ec1-9fde-c5ace68b9480,1
0d17433a-7ce4-4c44-93f6-e92baf4af8c3,1
0d1d480e-6094-4d1a-b8c8-a5962c6f1bb0,1
0d242936-a96c-4ab4-a73d-851d6d7bab2e,1
0d289598-75d5-45af-9518-2591328bcc41,1
0d2cc441-5147-418b-9a25-0033fe7c5124,1
0d389663-3bff-4170-81e0-707aa80cc360,1
0d3db1a9-112c-4e41-8986-a67c57d5336e,1
0d451a90-49be-43fb-9d69-5e45b1e7199f,1
0d4ae56e-c609-43b3-9521-2a9122d0ff3f,1
0d54b76e-8b20-4900-8ecd-dd7b84eb9a30,1
0d5f5df9-3593-422f-8cd8-83d93c392a11,1
0d64e8e6-f4d7-4819-8a70-240afac8318a,1
0d69ef6d-6d85-4635-adef-f6da909b4c44,1
0d6d25d5-ebfd-4c5c-b60e-96143db4d71b,1
0d72de80-795e-4821-9255-4c28da18e47f,1
0d776445-00c2-4b2c-a165-e129fe7154ac,1
0d7c80a7-ae8d-425f-b638-8219a26c32c8,1
0d83062a-23e1-42bd-8d91-319c505f16a5,1
0d8d4134-61e1-4525-a0e3-3d0c050ed7a8,1
0d9317d7-3ba1-457a-b95e-9544abefa777,1
0d9c2a99-0ab3-4bf7-9d99-3e68310f252e,1
0da0610b-35c7-415a-8ff4-0d20f7f43e1b,1
0da63cb0-af27-4b86-ade4-16d782990310,1
0dac6439-a098-4852-91c5-6f16a85fd386,1
0db05abd-a3e0-4339-a6d8-819c1448565e,1
0dbcea1d-d956-463c-af74-b03142e4025d,1
0dc4a972-348f-420c-91c8-09713fda469f,1
0dcc910e-d017-4a08-b3a5-c98f5d89adf8,1
0dd658b0-f553-4ce9-ad8a-5a14ec6e50bb,1
0ddf3ece-c96c-4f65-b88b-8856a2d40adc,1
0dea8a8a-fd77-4de1-8ecb-7714d80af41b,1
0df2b082-c852-4638-aac6-311c58213119,1
0dfb721b-a9e3-4415-88ce-268997668c9e,1
0e04e7e3-7425-4b50-a6bd-f05cb10fc298,1
0e0d0a33-af34-4824-be2c-edf6e6430b05,1
0e1a33c2-cc08-4a4d-bf03-b67cbc39cadb,1
0e25104f-f793-4d99-bb20-3b5c1dbea2d2,1
0e2e2e7d-1340-4d25-aa95-789ddc4935fd,1
0e3967ea-169d-4f32-9f0f-b066467f5ebb,1
0e3f5a9b-db41-4d51-99e4-7dd67f1521ea,1
0e438308-be8b-431f-af65-870e27834946,1
0e4a4a5c-6f8a-4182-be4e-9d67bd34ede0,1
0e4fbc51-9242-4a52-9055-78673136f1c7,1
0e5657e1-f7d2-41bd-9b1b-2c021c6a8825,1
0e5dd473-79d3-4e46-9e91-d567cf4c5c84,1
0e653a66-f1d8-4238-b66a-c8d4e603b96b,1
0e701a05-bc69-4373-ac73-301aa8b7c30a,1
0e7aaa63-a08b-461e-91bd-3e9734eaeec7,1
0e857e20-bbc4-4bcf-bdc4-73e81ae3eee9,1
0e8d3bbe-51c8-4a86-bfdd-f4e2fc17aaf3,1
0e97442a-dd3f-4f9f-8174-64bb69afd0e2,1
0e99d00b-812b-48bc-9b61-fd95401fe3e4,1
0ea12203-20d0-4ecb-9dab-49631fc18e4f,1
0ea740e7-6208-4be2-bd1a-c52204b02ad3,1
0eb181ce-a5d2-4bbf-adbf-48de6b9ce9bd,1
0eba62b9-0f8d-44ef-ab6d-328973c7bb9b,1
0ec69452-cc51-44ca-a10b-5ea943513089,1
0eccca04-1282-4175-a38b-77596b5a7f1e,1
0ed61efc-0d28-4a8e-91d5-5c5071db1f2e,1
0edca3f2-a731-4598-9917-31cf42edfd98,1
0edf67fe-7373-4bdd-bebd-c2859f9fa071,1
0ee955b7-c021-47e5-bf62-2f4cd2f65b9f,1
0ef0464d-7bd7-4576-8fd1-e7d71ec94006,1
0ef5be86-71c6-4e9c-844f-c08ee9048c09,1
0eff1548-7f82-4c5c-9fa0-4e79e96c5aeb,1
0f077592-36c9-4ef7-aad7-877d012a3b08,1
0f0c7e98-88b4-46ee-a816-ea5834630893,1
0f120d46-e695-443b-86d9-b37faa6de53f,1
0f19d967-b625-4d04-a9e1-ea0ea17bbec6,1
0f1fabcc-53d2-4b26-9c93-e393fc0e7374,1
0f264e57-f1d5-4d94-933c-018d9c95407a,1
0f3340dd-c6b9-4c33-8df0-2116d8097b90,1
0f37db0c-006e-4b84-a89e-c4213c2badc5,1
0f3b7f01-bb6c-4291-a721-9dc919ca5a00,1
0f46b633-33cd-4b24-9d5e-32539b5502cd,1
0f4d7b47-cfe6-4113-ba81-9532a27ef03e,1
0f5351bc-8ac5-4b7c-aba2-9a4a0b1060b1,1
0f59a26d-269f-4615-8206-671f71e8b08a,1
0f60fe7c-fa72-45cd-952a-c97aa835bdd7,1
0f659063-92f8-4197-b826-40f82d277d42,1
0f6d3553-0a9c-4084-908d-c70fdf50c33a,1
0f78f455-8305-4a98-8fc7-3252f4cd0167,1
0f80e804-998d-422a-98b7-f0e0e3e88b99,1
0f86879d-000c-4b1f-87e2-95c1fddc9215,1
0f8c84a4-3877-4de7-a80a-fc511f1eb075,1
0f94934a-7fe9-4309-b05a-9714341b3191,1
0f9d8c19-26e2-40d6-a82b-f8d166639acf,1
0fa8926c-bc55-4010-a6de-2fae940028a6,1
0fafd6a7-20a3-40fa-bb4d-f6402b3af9d2,1
0fb8af1f-1252-4e6b-bf98-aad4eec44acb,1
0fbdffde-d572-4ad5-bc65-67ca9e6a7918,1
0fc341f5-dba7-4b91-91fd-13d238d8eacf,1
0fc8a592-b6b5-43e4-980c-49b79429a15c,1
0fce8d60-06ac-47f8-aef4-75bdf0d5df05,1
0fd41f17-2189-4f9a-ba66-7e75d4e2a436,1
0fdbac8d-2af7-4ea4-9381-eb68acbac0d0,1
0fe1b098-ea26-43a8-bb77-425bd473003c,1
0fe6c4c2-0cda-4927-981e-18c06acb2fb5,1
0fedfe72-0218-4a57-b56f-baad656c9b32,1
0ff1328a-7cd3-4511-bd82-0ea321f63b5d,1
0ff63ab1-f299-41fc-a483-ed3df2914349,1
0ffd3b05-9dba-483e-a4b9-9438f878b4e0,1
10013eca-28c8-4b79-a9c3-6263a0f22536,1
1007a626-4915-4aa6-81aa-c4c1b744ae4a,1
10104132-0248-4734-b80c-a5e102907399,1
1017cb74-8040-4297-88e4-8cdb8c2c0a19,1
101e578c-6d40-4846-ac43-c998bf53308f,1
1023b11e-10e6-492b-99e1-de97ddcf43b1,1
1028c4f5-5066-491b-99f7-2c10774c5cdb,1
102ec907-2b09-44bb-815c-565514f77510,1
103b0fda-786b-48b1-b726-eed3647eac8b,1
1042cf4f-8d74-4d01-83a9-c4b5d1cd6f62,1
104fdfed-ad63-45ed-8719-d2cbd95a9e7d,1
105a0dd4-fbdf-43ab-a2c8-b9b55f8aff81,1
106249c1-4b3e-4366-8316-2be1a2122978,1
1068ccc3-5459-45cd-859d-c830751daeb4,1
1070fda8-7249-49dc-9eed-65bbf7a1de67,1
1077be1a-e500-48b8-b11b-ac2947aa26c1,1
1080170e-171e-483b-b697-b05ceaf9e02b,1
1087c378-78d6-4efc-b400-adf3e6c31623,1
108d138b-cd35-4804-8760-f105fdb9a55f,1
109485e8-43cf-4baa-8b41-76e90982c544,1
10a0066d-08af-4ab1-a120-b74f91d6cdba,1
10ac24d1-acc1-4d08-b65d-20a83cdc07a0,1
10b4d12e-2799-414b-b141-d0bc62ef44fe,1
10bf779e-48ee-4a54-8ee7-dbfddcc0efd6,1
10c81880-29ae-4540-9eec-7c20b7035e3e,1
10cb9a8c-37a0-43cc-8b00-fe81337f2b74,1
10d514ff-f2e5-4f7d-b73d-6bced0855ab7,1
10da1f31-00a0-4c7c-b5fe-611dab74e013,1
10e01b91-44f9-4759-962f-8b95c6570b67,1
10e67946-c851-4ec0-8010-c69d3d48532f,1
10ee19ad-7aff-44ee-8b6c-82e0c148bdc7,1
10f1a113-83a9-4aaf-92ad-83b699f0a522,1
10fd766d-5fb5-444c-a99a-c9a29ccd2b86,1
110325fc-cf9a-4e29-8726-3e5a0c0f9ab8,1
110ca8a6-9ae3-423d-96db-911c67e82d4e,1
1116bde2-93a4-4b53-b82f-9d01b3ba36a5,1
111f1b20-311f-48b3-97f8-8e73398817a2,1
11252dd2-d5b0-4c77-ba85-b3ea55e00ca4,1
1128d2fa-05b0-4700-9c9c-cfac514388eb,1
113424b4-948b-4d9e-ac38-3e82309825ef,1
113b178b-9fb6-427a-a864-6e8fbd8b0dc9,1
11447f9b-12b0-4d2a-9db0-c8737f7456aa,1
114ab4fe-1aa7-40be-b63a-b1cbd1297a2b,1
1151b8b5-d44e-49a1-8bd3-4f1439f6f7af,1
1159291b-032c-49bf-b2c1-c41b740ad397,1
11604620-9926-44e2-aca8-79ecd23075bc,1
1166c44e-351a-40a0-8b38-16157ab31a00,1
116c0558-f935-4aa0-afed-30684d1720d2,1
1177d452-180e-4b23-ae3f-7a24ffa2201d,1
117d9824-c818-4909-a517-c929c0df6db0,1
1182f46a-5e63-4b83-82ba-caa7fdc1b1aa,1
118644f9-7e0b-40f9-a885-19b7b71c8e5c,1
118c241e-795e-482d-b3f2-28d3b26b7ef7,1
119698a4-4148-4d12-afe0-4ec8997aa042,1
119b745b-f7ff-4d65-a646-0284f0f88f7c,1
11a1bdc3-0fca-43a3-b55e-44700a85db26,1
11a7e9f0-d8b1-4b49-94ca-77dc2e84bca7,1
11b01a18-f53d-425a-9d8c-d26198be6206,1
11b47f93-e86d-4598-84d9-45bc4a3acc7a,1
11bd2d36-0276-4086-8c48-1725f94fbc41,1
11c1df6a-2b86-4c35-9676-78d645fca6bc,1
11c6d2d2-16cf-41ee-b13f-3633a0695bbc,1
11d65279-c2b7-40b7-a9f2-08e154af8d9f,1
11de563e-89f9-44c4-8fc8-eee416456a69,1
11e77c62-9b28-49f5-9143-4425a31d24d4,1
11efdb75-fd1d-48f5-8a23-14e2f974a1c8,1
11fe880a-ae23-4f18-81f0-4cc25c4d68c8,1
12048e7c-4e52-40fb-9801-e35f3bfa10c9,1
12096e53-3b3e-4397-994d-972950ec28af,1
121425b0-f485-4561-a3d3-bdeacc7b30b6,1
121da5f4-6382-4efb-a90e-419c43d68837,1
1229ae21-837c-493a-8d8e-934acaa0c601,1
122e2c87-c591-42a7-8937-a77249b65e15,1
1235b130-b1f3-4b49-9275-1729006e2933,1
123caa2e-eb15-48e4-b022-188710ca1306,1
12437294-ea90-4457-a11e-b3e853f9b98f,1
124aaa27-8e50-4055-8a6a-3aec8e8e9388,1
1251b8d6-1302-4c6a-9734-f9223c818151,1
12597588-b1dc-4547-80d0-377435d33bae,1
125ec5a6-7426-40fc-9f8c-7046fb798592,1
1265be01-8fdc-4798-9127-0df5d77293f0,1
126adb5c-9db0-4fd6-a0f6-2a1516e4e56b,1
126f4ac2-ad47-4baa-acfa-77fc7cff28d3,1
1274c10d-0f6e-4c97-983b-0359e6483df0,1
127a550c-771b-44b5-918a-3343adf1908c,1
1284b3fd-457f-4974-82d6-d7f705e24670,1
128c27aa-ddc1-4dbf-b3b4-d37f0acfca07,1
12956caf-3b51-4d67-a908-b48c6082abec,1
129c61e6-b70d-4985-831a-33d4126de1c0,1
12a603ab-0b2f-4541-b9f6-f764332eb54b,1
12b36375-f5f3-41c0-b179-7dcab17edec0,1
12bb700c-eb26-446b-839b-bb3baf69cef6,1
12c2029d-d0de-4e26-bfe8-7acd74d49ccc,1
12cb22cc-a502-4dec-9f2b-4b6894014c7f,1
12d20ea5-964f-49f9-9d63-8dfab7ea4d65,1
12d83634-6a2f-4deb-8c8e-ddcee7653dd1,1
12deca2d-8a18-49f3-9924-8044fc864793,1
12e548d8-f86c-49f2-bfc0-152838089188,1
12eb3cd7-02df-4bdf-95d9-42401864590f,1
12f47209-f9b6-4f90-b3a8-5891cd910273,1
12fee12f-0ae2-49e8-a10d-ea209d03747d,1
1304b554-0063-4b8c-a1c6-029829786078,1
130c8c4a-e872-44d6-b510-05585a4c4a86,1
131250ea-fbee-4506-8fe8-1db6596b77b8,1
1319246f-bbb2-4fcf-8a89-03aab23cf4ca,1
131dde71-0f0f-4ea8-8de5-aca573333674,1
1325c777-8a53-48d7-9e7f-3569d96f4b57,1
132f1438-5cef-45d5-98ba-e6a90f33a20f,1
13369ce3-587a-418c-b6d6-2b607110c4bf,1
133be945-d8bd-4a24-90ae-3f43f4ec658c,1
13402ca7-9c25-4a05-85bb-da22fd2ecc14,1
13455cbf-dbf0-4cc4-8872-dba3197882fc,1
13500f47-1e6e-4e80-9395-6309195532d3,1
135852f0-3e2a-4049-a313-a6be1aa2ee8c,1
135f52b4-df83-4c3c-936c-4ecbd50272c4,1
1365c7db-bd87-4e55-b020-616ea3a7961a,1
136dd4f1-bd01-4304-b653-52b397eb2da8,1
13736d11-e8e9-4dcf-a5f6-bb378344cdc4,1
137dbf9c-bf54-4b77-8ebc-e83c3562bc37,1
13841636-c325-4ff0-a22f-6625a8bb93bb,1
138cf553-d36c-44f4-8a7e-cc61580a4c00,1
13919041-404a-4597-8c28-0427dd4af4cf,1
1398a433-6eaf-4357-88ba-fa2b585f6658,1
139fe5a3-fd02-4794-8e45-4e14f957799d,1
13a56ea7-83ce-4413-8da5-ea364a34533d,1
13ad9d9e-5454-4e19-944f-d2b78969a41a,1
13b56e11-325a-494e-b5ea-ed11ff89a736,1
13c18f69-d726-4391-8942-cec4645e37a6,1
13c8e9a4-85ab-485d-b9f8-042a065ad786,1
13cf0f03-b3df-4043-8691-c32671d65052,1
13d465b6-63c3-47a7-9f95-2493db764184,1
13dd436d-1584-4b29-9f9d-4e9fca66e445,1
13e6b4cc-d6e1-48fd-ab87-ec65a6b1fad8,1
13eeeba4-bc98-48e2-a7c1-47363f21dbd1,1
13f6b17c-6563-4413-9bd0-a7226eae6a6f,1
13fd6d79-af98-4f2e-a22e-aa41fa5ced86,1
14046707-6ddf-4407-a83d-2e454fa442b4,1
140d5ac3-eecc-4bd7-8f31-7f1462c9d862,1
1412f43e-404a-4f23-aa39-0cb70e69ddc1,1
141a55f9-f14b-49b3-91d2-4a1f6ee257e0,1
14246a06-3e77-4152-b919-1a8250a4796c,1
142df0d0-ce9a-4d73-9287-e819a4d5629a,1
1434be61-280e-4b2c-b751-26d097a55cc4,1
143b3c2b-5acf-4f80-8b18-1aecd7c1fae5,1
1442a704-f946-42db-8308-c0eef3b2b7a3,1
144b8bcf-e64f-40b6-be19-76cd842f8e9b,1
144f9629-2a56-486d-92ee-2f8bb60ddc45,1
1456857d-0d30-40ae-8b9a-811620eae288,1
145e7155-1f6a-41f6-9646-2b3991aae03f,1
1463ce3c-5815-4622-97e3-d018ab7b65f4,1
146beac7-03b8-46fe-a09c-19801ee09259,1
1472ccb8-08b6-4f06-87a8-08e44aa19c90,1
1478f24a-9843-4a38-afe6-364d92a870d5,1
14825063-4bcd-42dc-992a-65c269c50566,1
14870de7-d3ff-4b4a-842e-277d1817d250,1
149162e4-5f18-49fd-9d3d-d677983f6d65,1
1497590e-4672-4232-8c64-00c73c951bba,1
149e9cf7-3e04-4728-a97d-d49ef973312b,1
14a33eee-f071-484f-bc61-55d6142a358d,1
00003fb7-c98b-4e95-a19c-6c85d91b4ca7,1
14af8f0c-cc66-4908-bc8a-827aeae32058,1
14b602a1-aaca-43cf-9d6c-edc8781dfa5d,1
14c137dc-bcb7-4a95-818f-60c88ecf7d27,1
14cbd96a-f518-48db-9859-57c7693cdb8e,1
14d3c17a-24a6-4945-87e0-b244d38aa948,1
14da3c04-f67b-4bca-bb24-2088f0d17989,1
14e10467-2752-4af2-a1da-b0f439df336c,1
14ebcc55-8efa-4d71-891b-44d114f1114e,1
14f1adfd-978d-45e4-a562-121e9c70cca5,1
14f73d9b-3a7f-48b1-af7e-0156edbe497a,1
14ff4485-11d0-406a-aa53-5d2a906c5f51,1
150a9ddb-417c-49e8-a156-8fec957dc8e6,1
151134ed-08af-48f5-87ad-fb63371a74a2,1
15190aaf-f07a-4333-8c06-77a284cad7d8,1
151f3d80-7fba-452d-bc37-dabffc0b802b,1
15275c5c-b92b-48bd-b722-86c1456c77f3,1
153496e1-08c2-4b1f-8f7b-7ba8c02e84e8,1
153c1a1b-d366-4a79-a472-679b8e883459,1
1546889b-c95d-436e-ae4f-76c0d158a55f,1
154bb81d-1918-4da4-b0e8-742d6be7ca32,1
15522c2d-f4ec-4784-9f4e-8a3ec5f26c94,1
155cdda7-a4c6-48e1-bbf9-bcf61ff672d7,1
1564ea4f-d0f0-46a0-91a1-1524584c5fe1,1
156e3168-28e2-47e6-b837-494f89b4e5ec,1
157593bf-44dd-48c9-80f3-6b163ee3f591,1
1581341d-caab-4c8a-b04d-82fce7448c89,1
158c812e-e910-4187-bc22-ed924864af6f,1
1595c825-2807-48f1-8a12-a81a6c7a816b,1
159c781f-a93e-47fc-953c-b0f96e8ee3d3,1
15a11ba3-7213-4fc2-919a-07aad92956c9,1
15a91f1a-16c3-4359-a347-0ba5aa58fe00,1
15b1ce0e-9184-4bec-8573-58aa303e8bb7,1
15b90475-62a7-400f-9bd2-55a7ee976c26,1
15c18d79-a532-4cc9-b18c-b243b3c047fb,1
15c4c065-67fd-40d8-8a31-645d315d3f67,1
15ca43ae-2b04-4619-a3ee-4bd2d337cc8c,1
15d27166-5c22-4b71-8f20-7647adf48beb,1
15d7f933-4dd1-4125-a212-9e7ad64d69bc,1
15e1e6f0-5c96-465e-9bdd-99737e9730d7,1
15e4b898-aa0a-4476-b243-725f8e6c8354,1
15eb8bd5-1546-4de3-818e-7a1dfbec7aef,1
15f6c2ad-52cb-4738-a336-885d5555128e,1
15fc398e-2119-4a48-b2ad-396e0bfd9f9e,1
16027a55-a8d2-4dee-9172-a0d207d99437,1
16061933-29af-4164-a91f-0bb8a4f5d4dd,1
160e0fa4-efc8-42b8-93a8-8cef4c9add9b,1
16188266-1e41-4fc9-84c1-00facff8a1e5,1
161f5928-c430-4d2d-a705-6e8bf662ddc7,1
162a8026-9eeb-4b4d-8d81-1370941013be,1
16368a81-f50b-4405-8f12-31fbf49aa965,1
163b8a27-9f40-4acd-a7b9-3ee3eae86df9,1
1641175a-863a-408c-b86a-f99feca5b7e7,1
16497c69-4a18-400b-b86d-71c6d40e3a8d,1
16501485-47c8-4cff-8a8e-8ba3877b3444,1
1656370f-2d18-4451-a335-647152d25190,1
165a9f7d-1779-472b-b3bf-ee148473b2d4,1
1661c687-4a1e-47fb-893b-0696627be9d7,1
1666700b-109d-4220-bd07-54aed9cf8af7,1
166cf707-cadb-4700-a07e-4dfc9f491a6d,1
167645ab-8154-4fac-9c88-fb33de6fa731,1
167d59a6-dd26-4941-a136-fc36912c79d4,1
168687e5-283e-4915-a1a3-c80ea13afb73,1
168d0f97-0555-455e-af7e-374b3c3514fb,1
1695a411-da2d-48d7-9d0a-65f7c0e88045,1
169931b1-b8f1-4c88-94aa-3ca443340fff,1
16a34cc5-71cf-4abb-b301-37de37dc7b87,1
16a715ed-993a-435c-8ddd-d86082efe90c,1
16af839e-b3cd-4cb3-886f-aecb91224191,1
16b998fb-1b3b-4cc6-9bb8-5287207b8fe6,1
16bcc9dd-1d65-49f6-8130-465fe7ca94c5,1
16c9288b-056d-4cb9-b769-02a7d88f1593,1
16d10beb-b010-4f52-ab1d-c854a6af4f26,1
16dd2096-ea4e-4fa6-a274-2f4f5ab80201,1
16e8a4f7-38f3-47f6-844b-5c5cc57d1a2e,1
16ee850c-d810-4ee2-a81c-db0588eaf010,1
16f4eca5-5b67-425a-bb45-79792edcbd63,1
16ff1b31-f3fd-4b30-8a12-9a36b01aba0a,1
1705297e-037a-47b3-bc67-0221824bb604,1
170a5762-57ec-4916-aff7-a62004d7f844,1
170e901b-fcf0-4a4d-a1f6-7acc474f8b09,1
1716edf5-73b3-4c20-abc6-2f37f7e9c085,1
1723bfe0-ceec-458c-ab96-dc766cbd8647,1
172aa7dc-db8c-4f24-81fa-1d7151ebd792,1
1730671a-2e33-466f-af10-bb210f5a5659,1
1738c683-8087-4c4f-9b10-b5352d6b9634,1
1743c625-0323-461f-a47c-c3ce1b3a1886,1
174c0a55-123b-46e2-b434-8782121df59c,1
174ff0e7-0881-4c00-b8b4-39bba30763e1,1
1758dadc-8eed-4ec0-8127-7d6625efd474,1
17608948-642d-48f5-86d1-b5a930a2f2eb,1
17694aa6-d787-4756-a8af-63ef6f489638,1
17707dfe-9f5b-40fa-afb4-ad5f98654484,1
1775170e-3ac1-45cf-a0eb-e28458dbe98a,1
177ecafd-bc9d-4925-8f1b-999c4f361b91,1
17897876-9883-4666-b8b8-edda66979f94,1
178d706e-dd97-4525-9c24-4b03049575c9,1
17948e5e-e5c8-4eb9-beb9-ad214aef6cc7,1
179aa472-22f7-415d-bf8f-f3ac5e5e1be7,1
17a33d09-caeb-4481-b425-aa4849685d72,1
17a891c6-b148-4293-9726-6f5f3275f3e5,1
17b18dce-b906-4613-8caa-e4d53cf087aa,1
17b9dbc5-c139-4363-94d4-cf7c2e26b362,1
17c3cc59-8ec6-47a8-862d-18df65b0b81b,1
17c91fa6-5c1b-450c-a6f4-4ba582665d1a,1
17cd2f4d-6d32-4538-979b-1e823ecb4871,1
17d3fa7e-6a5f-4ed7-8749-7efa795a68c9,1
17d8c74e-6f99-4718-8223-73a4ba7c35b4,1
17e182f9-4ade-4bff-9574-c82e00c6eae9,1
17e81cbd-cdeb-47ec-b30f-0adda98a6d17,1
17f0a61e-8243-44af-baea-e9dff4e723dc,1
17f546f7-6744-4887-8ddf-cef44c6665fd,1
17fdc06b-47a4-43f2-971c-3fe1024ee2d9,1
1800dafa-1fce-4ffe-b273-5d93d34be53e,1
18080239-08e7-4c02-af2e-7475d5223149,1
180f1e0e-07e7-40da-9b01-211bff19b1e3,1
181641de-6f6b-4381-819f-6b484ccf173e,1
181c74f1-01df-4fa3-a2a3-6cf9fb3fb2bd,1
1822ab03-a6d9-440d-9167-7048b34ae941,1
182b9f06-559e-4785-bb5f-b08f9c7af114,1
18339a24-d027-49a2-b030-6e8c7d85b60b,1
183a0d03-6c5f-40f2-9871-054c6ffc0b31,1
183f8ddd-e66a-4323-bb14-809f0da9d33c,1
1849e655-2c5c-4469-949b-ccc6f6377281,1
18572e25-99fc-4dbc-8c7a-7a21040e8e6e,1
185e2de1-eebb-4ec4-b04d-243f5acc5d3d,1
18654002-9505-4c01-8a18-ff8289830da6,1
1870e01a-02fc-4d35-b9c6-2c277266774b,1
1879051d-b25d-4cd9-9b0f-5692daefc32a,1
187fad20-d770-4c93-9715-2600d045af3f,1
1884ec57-9a84-4a70-a676-7cacf1e50127,1
188d37ae-49fe-44c2-838f-cd061a4e19dc,1
189ba876-32de-473e-9899-88001accf001,1
18a1fcb9-cb86-4baa-ac15-2378fac2f456,1
18ab245a-7ce5-4ad2-a862-f0e4ec90db64,1
18b323bb-20b7-4726-9697-375453e60acd,1
18b98472-65da-4e85-89db-75e8d069b568,1
18c2ba50-e887-4fc0-a198-153990f62890,1
18ca6282-8013-410d-8b1e-a79f8bfc2652,1
18d078ea-8885-4074-b846-fdcc85e6168a,1
18d50df4-49cb-4038-9367-ecde9ec6031c,1
18da8a63-4e7f-4da1-986c-6819c0a3bf66,1
18e488ec-c4d3-42d7-9899-9ba63f68ab89,1
18eb22da-8872-4756-b099-f60189e4c2fe,1
18f0de89-3de7-4d79-8dec-9281d3b54aa7,1
18feae91-7f13-453e-a46c-e7a9a22de996,1
19059ee3-11eb-4597-a95f-6c0757ac6360,1
190d5cb5-a15d-4fb1-8f92-5e26bf059c82,1
191346a4-ccc9-4961-848c-d316e7cdd993,1
1919b65b-09ea-44f9-bb43-2be460ec36f5,1
19239e8c-c7da-40d5-bb81-6730bd645bbe,1
192ad287-4e2e-4053-bee8-38f4e140ac83,1
1933ee9c-7535-4db5-b0ac-549610f43569,1
193ca5b1-ae09-4667-884e-1b6f41cf69b5,1
19440558-e185-46fa-aeb2-b2ac54343423,1
194b105c-2d3e-41ba-8531-a3ee35d267d4,1
195188f5-1601-4153-b7c3-d4adca092202,1
195a3ea0-84e1-4969-a69d-4e1e93e8ba63,1
195f6727-2432-44f9-a795-3f586835fa3b,1
1964f9d4-3901-46cd-a1de-2e1baac23641,1
196d5823-23c5-4d26-a9e2-5ac91b1c35e9,1
1974b7b7-8519-40da-851c-e80c9c1dd0f7,1
19768bd5-610b-4400-871a-3f7599e858b3,1
197f9309-7913-43eb-83bc-e1d63bb1898f,1
19863e0f-648b-441a-937a-02db8377406f,1
198db2d1-f117-4597-89bd-405133c1cc92,1
19953dfe-9ad2-4e08-ac24-11d73c853dae,1
199cc374-eeef-4b5e-a706-7a06b4e7f5fe,1
19a463c0-45a8-4366-a7ec-219456b10194,1
19b10247-fd0b-4a31-8cd2-67ce310cb0c5,1
19bc5bb7-0e39-430d-ac72-a565b1d3bfc8,1
19c1b01e-46e2-4460-b1e1-1e569c8a7a79,1
19c7467f-bfdf-4a76-88a8-ce647311ae9e,1
19cf63a2-fcd5-445a-8d3d-d2e13629ffce,1
19d63158-4c3c-4023-a3a6-d5c4e65acd54,1
19daa3b5-5530-4db8-a46d-6c30376fedc0,1
19dfd135-8ad1-42f1-9866-aff4c81f862c,1
19e7c867-c4a4-4d19-aaec-a10e762c2bc8,1
19f2382e-4f7d-4b21-ba6d-38982a95f8ce,1
19fbc02c-aaa8-4610-8bb5-7fe5c52bb5d1,1
1a089d4e-7ffc-46d7-a105-f4f9641294fe,1
1a0d619c-8a12-45ea-8be3-aaa01bf56796,1
1a1382e9-4edd-4058-94c5-01958fc06dcf,1
1a1a0f5c-e5c2-4b02-a85e-4e225c6ef1ae,1
1a1dbd48-39ca-455d-8b46-3a49b4405ab4,1
1a2585f8-e8d5-4346-9d1e-545256e613e6,1
1a3029f4-329d-4ac8-8b4b-58a2e8d10912,1
1a357a05-c0b2-45f7-a629-19a2f95dfb2e,1
1a3eddf0-f1e3-4be3-8127-d50189aa1612,1
1a477d52-d951-4e1a-829b-d07257b85797,1
1a4f2284-a0d7-4262-a292-5daabc4ccf0d,1
1a5576d0-e9c3-4943-897a-9981e6c2dc5f,1
1a5e5bd7-d49b-4205-aa92-a5a782c0f590,1
1a68f40c-7546-4ef8-8492-5d3b4e268c35,1
1a6d5052-62b4-45ad-be62-63c7542c8b02,1
1a72835d-769f-498b-a6bb-1c4cfda62c22,1
1a7ab174-c750-434d-9465-839882c65d4c,1
1a876661-e5f8-467d-aeac-cda0f0c15e6a,1
1a8a7e2b-0752-45f5-be70-320a640c0db8,1
1a949abf-7aea-4603-9ee0-4c70d3ffe069,1
1a9af607-7b22-4573-99b5-757595a493c2,1
1aa0b69b-400d-40f9-be5b-6fd449e47644,1
1aa591bb-d14b-42b7-881f-10f68f8fbcd6,1
1aab33ba-fe91-4acf-8ffb-8e88a45bda61,1
1ab3ff5e-002b-4733-8480-64d995921032,1
1aba8c04-1215-4ef5-9bef-dca19e498c58,1
1ac1a670-1c6c-4fb2-bfc6-250cf4eb2478,1
1ac6dd31-86fe-4f63-b874-be70250f63cf,1
1acb83d1-9597-4df7-8337-183e939828c9,1
1ad47604-f4fb-42ab-80c4-5b01cf025658,1
1adef8ff-025a-4c02-a090-489160cfa864,1
1ae67206-531b-4568-9582-822de8719f4e,1
1af029ff-b3d0-4e30-bdc0-db850a60ba8a,1
1af51a4f-2a07-4929-8418-dbb47a25b02c,1
1afb9f90-1dd5-4414-ba11-4dcf5210497d,1
1b03720d-d349-4166-91e4-4a3708434b1e,1
1b0875cd-4534-482b-acd2-d967e26278e7,1
1b123787-e4c2-4a03-8da3-75dcfccb3de8,1
1b16d85e-0e7d-424f-bacb-a7af3e69fbd5,1
1b1ea115-3dab-416f-ad23-9f3f809f177b,1
1b2671ac-16a6-42c4-b555-c15066e0ec8f,1
1b30f911-12ef-4f42-9787-97979c30319a,1
1b38aa46-50a1-4ede-8d25-c0a9ce9584fb,1
1b3f3072-7100-42f4-85ee-07f41ca95095,1
1b483331-9b47-46a5-aee4-9738165af7a1,1
1b5170a0-8657-4e85-899d-2e63c52783ca,1
1b5607f6-09e7-416b-b2af-448e906b1ba7,1
1b5c00a5-7dd4-4ed7-92bf-d8ee106ba255,1
1b6867b2-b13f-49fb-9033-6018374450af,1
1b714090-b0c3-420b-a214-281e54dac050,1
1b7a4394-33ac-4252-8dc9-14296b5d8b3c,1
1b80c1c5-678d-46e1-9cbd-853b2dde27fa,1
1b8b15c0-dc80-4d1a-9eec-b78557ac0c97,1
1b944450-a270-4aad-8fa1-5104ce9ee704,1
1b9a9048-b760-4787-ba70-5812d07b369a,1
1ba0961c-4cbf-4bf7-a67a-1401be74548f,1
1baa94fa-2843-45e6-8d0c-eebcde0cd304,1
1bb1d393-6202-4a38-85fe-153d3d6a7b5b,1
1bb7c8c2-3d5d-453e-9e5a-978439c3360a,1
1bbca859-1ad4-4e6a-823a-6e1fe5693a2f,1
1bc7b9a4-08dd-43ce-9045-741805fd2193,1
1bce3f65-1b27-4e81-8c97-064481426693,1
1bd62d9a-52f7-4f44-beb5-a5fb27592bb3,1
1bde640c-89b8-4993-a493-967031b9add7,1
1be7fff9-6551-4be6-a833-10fced93fbef,1
1bee379a-35b0-4091-973d-4f967fe7dc67,1
1bf7f36e-e992-4290-b53c-94d6cd619972,1
1c045cef-8877-45b5-a8f2-fda1232def46,1
1c0bd511-1980-4137-bddb-92e8e0af517b,1
1c0f561d-466f-475c-b91d-ac240805918f,1
1c1798c6-fd0e-4b60-a6dc-b7dbeeca7c04,1
1c1e18f4-100e-41ec-9dae-1ed7222b3699,1
1c26b1ee-3626-4584-845e-5e6d79cf6784,1
1c30fa9a-f138-42ed-a129-f56852280c1f,1
1c36c628-1767-4115-9fc2-d1f48e29f90e,1
1c44e2d0-3ae0-49ac-952b-9ab75f243e87,1
1c4928fe-9e57-4199-b153-1e983f4d1a5f,1
1c4f3b56-5e16-4d1e-a542-ea29d74446f8,1
1c59e5eb-7fe3-4e2e-b592-c16c80ba8993,1
1c5daed2-a318-4b0c-b6a6-ca5c481bac7a,1
1c664a32-46f2-4968-a41f-b62fa5e53bba,1
1c6e250c-ced3-40a2-9e1f-e5f9b882f4b9,1
1c77b5db-b2d3-4ef1-b448-1de0eb5705ae,1
1c817100-3fe9-4ccb-9a41-1f55c4cd9948,1
1c886011-31a4-48cd-8210-e90c75f9f411,1
1c918d59-fa6d-4410-89a9-5f6968ceaca1,1
1c9831a5-d768-47b8-874c-5a1dcc0cb12a,1
1c9f44fe-fae9-4556-ad60-3ef5a1b503cb,1
1ca92b26-16be-439e-a495-108e94d9134f,1
1cb177b6-7923-4559-b374-144491574cbd,1
1cb89957-c589-49f2-b709-1b8f5e7321a4,1
1cbe1966-3d36-4a94-973b-58982dc0cf58,1
1cc538ae-29cf-48a8-a664-ca7e9aad7bf6,1
1ccf1d03-3b84-4528-bcf7-0c476abc1823,1
1cd9b110-33a6-47ce-ae69-d54a99e43f8a,1
1cdcfe95-8610-4fe6-8ad4-391bb0fb4511,1
1ce32223-1797-4b43-a16f-1a214fdcebff,1
1cea9083-3912-47d9-90ea-07ddea79e4df,1
1cf2fa9e-9664-406d-9fae-d3dd0641bd83,1
1cfd9289-b070-40ae-a92d-ad405163dfdf,1
1d0a75b8-9743-4601-ad41-62f3892fe3b2,1
1d1103ec-4712-4859-9b02-2143795c2a6f,1
1d16cc42-2a4b-47c4-a042-b4bbd199fa57,1
1d1b6e62-8181-488c-89df-2ec713ac7fa6,1
1d262a13-0ea8-4815-920d-0fb950e89d9c,1
1d2e9451-ef27-46c7-8cda-e8b4dd8f0a72,1
1d3afc0d-5c09-4d1b-a391-e3778088e9eb,1
1d4112a2-26d1-4a73-b04e-29385f9865ca,1
1d46a5bf-7bca-450b-8ade-b8110f69b497,1
1d502a49-b226-4e54-bbb4-e937f00f2bb9,1
1d59e342-d835-486f-bc76-37db7921e263,1
1d6148ec-2ae1-4241-8504-6cc395678947,1
1d689834-4112-4575-87d3-5b3589233f38,1
1d6ce57c-8bcc-4d26-9a4a-8be9b19ee50f,1
1d757b4b-655a-4d43-b5f6-dae94a28d5d3,1
1d7d5fe9-b159-407d-af14-957af5559116,1
1d825080-ab2e-4686-a8b6-adcf8e576724,1
1d8d2f19-1d07-4fb8-9306-80d2f9d0edf0,1
1d945bcc-41eb-4092-b04c-86b4a41167c8,1
1d9b4b5a-0bef-4e94-93aa-a074c38ad7e4,1
1da85a2b-0a93-4c54-ae34-dd80db53b751,1
1db1df3c-e5dd-46f3-ac01-4ad73c83a8df,1
1db93963-a0d6-4f4e-ad49-c28045250708,1
1dbd7a87-c259-4e59-a7b4-0141d6a8cf70,1
1dc4c2fd-43d9-4a67-ba73-c51dad530d04,1
1dc93460-05e1-487e-a706-2f08dafb3900,1
1dd306e4-e8cb-4e0f-bfd7-9d1bd1bdb855,1
1dda9e42-79ab-49f2-a7af-d1431df7805c,1
1de03b27-f76a-4a19-a2e3-113ea9cc3de0,1
1de6204d-78c5-40f7-8d21-71b5ceee2174,1
1df069dd-53e5-4d4b-a510-5c408d492c3f,1
1df7f35b-8571-4407-86c0-d025b0586b8b,1
1dfe879f-c272-428a-b2bd-413e717e2f55,1
1e057e23-a29b-44f3-be71-9126332d154f,1
1e0c0012-0f21-4bb7-a3e9-e95d908af34f,1
1e10dd3c-c127-4c38-9c3a-3e83dcd207d8,1
1e186078-ab15-42e0-a6f3-1f4c61c9cb0c,1
1e22988b-266f-46ec-a7a2-222d2d128c18,1
1e2e58b0-649b-4d68-8265-af7c161f4286,1
1e345266-ea01-41d3-8822-e89d2c190fbf,1
1e40ecce-50b0-4de7-b7c0-b9fb815b8f32,1
1e4dc0dd-3181-45e9-818f-e654cdeb7f69,1
1e54cee3-ee73-49cf-9980-df6aae3fd3de,1
1e611335-697f-4e0b-9d8f-308e93f5af83,1
1e695845-28fd-4fec-9053-519bd25905ce,1
1e71c952-f704-4c32-b300-420841f96a2b,1
1e798514-5d94-453a-bfc8-f4e5961e6d97,1
1e7e4fc3-c6c3-4cd1-a5e2-516358cb7845,1
1e86f634-c48e-4fa2-b51a-01ca9401ce43,1
1e8cd356-7cf1-4741-b282-7fc0b014ae47,1
1e9643e4-1852-4250-bf8e-ebdac98af6c9,1
1e9b3e01-4925-4081-8418-a1cc67b5227c,1
1e9f7bf6-6d6a-4a90-a68f-1b50b5b477b4,1
1eaa362b-23e1-49dc-9fd4-9f86727ee844,1
1eb2c7d9-d59a-4cd4-a983-ae3faac02c83,1
1eba6853-6ca1-4bd8-84a0-b73240b0d05c,1
1ec0ea64-6e3d-4465-a576-d5317353168e,1
1ec99219-fff1-452e-a8d4-cb1e82ccb332,1
1ed46a02-77e6-4984-a31c-c637b4279afe,1
1ed87dec-da41-4e25-8371-5809b1d73864,1
1ee094ba-0626-4574-8dbf-7a1b782303ea,1
1eee9345-ce7e-4b9f-ae0c-b5c735b62084,1
1ef6770b-14e3-422b-91a6-54f1fb66b65c,1
1efef4e2-0cca-42cf-aab1-a68d940abb44,1
1f05a338-a9ed-4372-a4f5-16834f97a275,1
1f1124f2-bf1a-4bd5-9a51-f52e4dd447f7,1
1f1dc417-2cfc-4f1b-b2f8-4acf83263cb3,1
1f22c1f8-741a-4921-a634-bbf4193ad04d,1
1f28f6da-927c-4c25-9f60-16a5d9893a21,1
1f310b88-ba08-4858-b09f-7299cfd31d39,1
1f3853e4-f8a5-49b9-9f46-49d932bf7fe8,1
1f3cafcc-cbbf-4d5a-8f4f-b38e4e3e50d9,1
1f414674-879b-4560-9b82-395cac67e46b,1
1f4852c9-0feb-4c32-8a4a-bdb13e41f886,1
1f4dd7d2-4989-4d1a-b520-7f1e9aaa77b9,1
1f5592b6-8a77-4a91-a7a2-1b4997f1bcc2,1
1f5c87d6-7d7d-4e14-a1e2-7bea36c6b01a,1
1f643281-6664-4510-ab43-14f590299873,1
1f6b21dc-6563-4d11-840d-996e55f50b54,1
1f72c05d-2e8b-496f-8fa8-5c31e3e720c6,1
1f7d8228-b526-48f7-af9c-069b996c3701,1
1f872464-49f3-4a93-86fd-7d8439eb2ce6,1
1f90da5c-730d-471f-8588-3a554ad708b3,1
1f9abd21-4490-4dc1-a810-056c7e46d7a3,1
1fa692fa-37db-49d5-ae2a-92a27831521e,1
1fac866c-a795-44a6-925e-a29c687257b8,1
1fb40d6a-bce0-4d68-aa5d-6d8e44f3c3a0,1
1fbb8ec8-7b36-4a75-9302-325e00a7424f,1
1fc8781c-021a-4db3-8608-ddc5ad9089f5,1
1fcdb512-f632-40cc-ad93-bfd438cb30a3,1
1fd45435-7e1e-4855-bd2e-fbe2059ac8fd,1
1fdbf3d4-8e3c-4d10-86c2-5342eb68d7d1,1
1fe3ef1a-88b5-4461-8caa-735d436ed8f6,1
1feb1f0e-7820-4838-bac2-165279fd213f,1
1ff02278-84fa-43be-928d-2a3ca81a1f54,1
1ff6fc09-aa36-488e-8162-3e6005d9f5b6,1
1ffbe6f7-3c5c-4ca7-9a14-3a646a02647f,1
20042a0f-80f2-4ae6-a8e2-aa9a37796a95,1
200b26e9-62b7-4aab-b5ef-879d7ffadb76,1
20118231-f6d7-4880-bec3-712750c455ea,1
201950d3-6e42-4a61-96b3-9262f2951475,1
201e06d2-1341-40d4-bd78-f3fed395d87c,1
2024aa89-68d7-4c85-b532-12f5c0a35179,1
20283301-4fde-415e-a612-cb3fa02a3b43,1
202b61ba-09b6-48f1-bad2-d1a5cbdaacca,1
2032563c-36ed-4332-9214-2c234f216a61,1
20396396-e234-4afc-99cb-153c1a539c1a,1
203ffa69-b17d-480b-b41f-d015afab2ef6,1
2047dc7f-544e-4003-ae0e-e0cc938897d9,1
204cebee-e613-4030-96f2-2a4a0185e5a0,1
20561745-2c71-4252-a185-40a419a433e4,1
205d358b-4dc8-4d4e-90b3-079f278687a2,1
20631fcb-63e0-453b-a2ef-6a852f4416d4,1
206b0403-709c-428f-94a9-7cb6b8063ce9,1
2075d572-49f3-4894-ba4d-5de2fe6cf009,1
207b6455-6aa9-4632-89a5-a3e565685076,1
2085ea4a-ee57-4b42-8dd7-3361811fe718,1
208db96f-c955-404d-9f6a-214d6a7dff78,1
209692e6-8a51-4ed0-83a9-012c9935328d,1
209eac53-a4e3-4368-8d00-6f66a34c2e99,1
20a3556a-1bf0-4522-a46e-a885d4832ca2,1
20a69c22-4f30-4f52-9e6b-76376e57f359,1
20afc62a-b0bf-4c11-9e34-f2ec2e3ca7d7,1
20b4ed6a-8b32-45c8-a52a-2d811e3ae8bc,1
20be64c0-b957-4c04-838f-885fd22af8f9,1
20c65343-3567-4a89-a0a5-422e72a90387,1
20ce5ef8-dc38-4d51-8b58-a36d75c06964,1
20d9a718-d09a-459d-b0e9-19b444a16fe4,1
20e19f0d-b8ee-4850-8a08-c097bf30036b,1
20e9de1b-fa78-490c-8ec8-5a2e8b55e5c2,1
20f30498-5f7f-427e-ac4e-438a523cf3d0,1
20f839fd-3d73-44e6-8871-eb5ab297e27a,1
20ff3bd9-a52a-4e87-aa1e-bef33f86b6cc,1
2109ae92-6964-4792-901e-d648f46a9b30,1
21136d3e-4b6d-499c-849d-901b484c699a,1
211b89f1-7e27-4d81-b82b-fece7ef50abf,1
212368bd-9096-46ad-b434-dca9c5953d53,1
21296370-46cd-4308-b004-e9021a449f23,1
213212ca-216b-44fa-bb93-042c823a02c1,1
2139fd14-423b-498f-a8e7-36b35b3ea3eb,1
21419522-36b4-4277-bc3e-546c284a25cc,1
214a1052-0aa2-4b7d-a6b5-f4be901239b1,1
2150a110-449b-4939-b4fb-c54d5b88edc6,1
2154c869-d511-4d05-9c14-4ff48f92f763,1
2159d265-c39c-45b9-b5ed-7c630de1a271,1
215f9028-aa3b-494d-80c6-897233f1eb35,1
21644102-853e-42ae-b513-c8a2ad03c69c,1
216d7042-39bb-4bf1-a303-2f7fafe5b080,1
21761273-3de5-475c-9bcf-fcea64db8bc7,1
217ecd19-57a0-499d-89c1-9654fc56ff94,1
21871462-48d2-4e18-be32-ad5c63092f06,1
218ed006-9a1f-493c-a833-d4fcec36b2a5,1
219693d5-9bb9-413c-8cb4-795844d99a97,1
219ce141-2c96-4294-889b-61f704db0654,1
21a71ef5-7218-4911-b6c9-3e8c759d4d75,1
21ae2666-9ea5-4869-916c-52dcdb209d3e,1
21b4933a-010e-4cdc-aef2-a068a0ec3533,1
21badb6b-3b34-4dcd-9cdf-7707f6e75947,1
21c37493-da41-450b-bb05-e14bd466a48f,1
21ccdd70-4e8d-45de-ab38-591a6a1fec80,1
21d498b6-aa36-4170-8c8a-0d4902186389,1
21dadf3d-2f1e-4af3-b4fb-bc22b02145c9,1
21e6c956-b164-437e-ac5c-49975c5edaaf,1
21edf968-8f80-47ac-abdf-10f5fb4c2dd5,1
21f823a1-7983-4452-bffb-4aea0955cab1,1
21ff1811-b617-4911-b155-43e514aa4dde,1
22059e4e-5cac-4ea4-8f3b-7c7c6793610e,1
220a6411-7002-4573-8c1b-c20d5d1c18ba,1
22119cf4-2747-4abe-b53e-5f74568c4ecf,1
22187556-1708-4330-b55f-3130d4e2ee11,1
221d34f3-7fb8-4bf9-be0d-97b955e662fd,1
2222df4c-497d-4879-ad39-521898267bb9,1
222bfdbc-3aaa-40ac-bf7b-b552a23a6889,1
2233ff23-4b13-4343-962f-641afd507f40,1
223b3eff-491b-4de0-a564-5f1afff49cf2,1
2241a8a3-898d-448a-be4f-8910e187b1b9,1
224787fd-9430-4f4d-a0ae-5d29bea7f57c,1
224ebedc-d48f-4f21-bed9-c6522a60b851,1
2256b5be-2032-4d96-8993-f8f2874d57c9,1
225b9e8b-95b4-4e1d-9971-ca583430a551,1
22608ecc-c4e3-4019-9897-f867fc7871f5,1
226b27a8-c33e-43fa-8221-3a3906846934,1
22778017-8ced-4ada-9cd0-1186964595bd,1
227df319-605c-4839-af65-583b959d8872,1
2284a15b-cb50-4299-8a60-e0571a4b7f03,1
228cee53-b906-42cd-919c-80bd51ac16b0,1
2290e3bb-4521-4a15-af73-ea99f11b098b,1
2296c851-0c20-4890-896d-f446dafd36d1,1
229eeb93-4fa6-4fb0-969e-ac03fb6bb838,1
22a9f3cb-9cc5-483b-87c3-a48406b34107,1
22b4b5f4-7fd0-4e19-bcf8-d9f633892f1a,1
22ba66df-3014-410a-899d-a1f4266be790,1
22bfd66f-7a3a-470d-aaad-8963cb504f4d,1
22c9475c-d80f-4bb8-9b6b-5864c791b2be,1
22dc6a48-ce0d-4e3b-9713-471c94d3b6b0,1
22e1b029-4804-4e93-bbf5-10e644a8bce4,1
22e9a257-f059-4dc6-9855-02ae0e12a668,1
22f0ea30-d7f1-473f-9e5f-58bc367e7a7a,1
22fb8d71-3af4-4052-b0f1-a98066544be0,1
230475c7-42ba-4aaf-a9b7-95005f30d83f,1
230c850d-3a06-49a3-b160-3548cbd0d27f,1
231289eb-8ef6-4dec-9d0a-b5cc0fe74c1b,1
231975fc-f81f-4677-b0e4-aa34a404cc57,1
2321e9bd-3dc8-4e2e-89e7-fea9eae5b3ec,1
2327befb-5b5d-4717-b249-0a6243f39bb6,1
2330217a-ca47-456e-a8df-e4cb4bca53ac,1
233cb14d-a572-4500-804d-53c54e5bc571,1
2344006b-f9c0-4c9c-83df-683a8aaa0f47,1
2348081b-310a-4ff2-973c-d3eaf9e49d08,1
234fe08e-890d-4bc8-bff1-d5cad1b7b353,1
235942eb-585d-425d-b995-7f382eb91797,1
2360aef8-a7e3-43d9-a6ed-734206d75a50,1
2367db5e-90d9-4ec1-863a-246a02e81999,1
2371115c-499c-4030-95f3-49ac5a87865e,1
23796a24-0443-4645-8ab5-9f23ca9943f4,1
237f611f-40f7-4eb4-a1b4-a1d8979259fa,1
23882081-240c-4280-8f6b-4ce9dae53cfa,1
23912018-3810-49f0-b3a8-d9120ad50640,1
239959f8-5dcb-49e1-b541-2959086c1011,1
239f3933-ae67-4556-9b18-9e0418df870f,1
23a9c9e0-7613-40a0-80fb-1cd0d86f6865,1
23b0cbb5-0d25-4513-bb51-33984857cd83,1
23b75f3c-5220-4da3-ab43-d76130c47fc2,1
23c1e679-863c-49f2-8ae0-13afc35c368a,1
23ca26f9-0546-4103-bec3-7735cf63f835,1
23d1f26d-0e4d-4a36-9392-bdc7caedfd1f,1
23da726a-07d0-4078-b42a-9be89241f15f,1
23e4f3e1-f195-4822-992e-bfb0a728760a,1
23ebe871-1c24-49ac-ba00-04de2b161052,1
23f0c971-a0b4-485c-9a0a-d8f80424f64c,1
23fc0ad7-d810-4429-97c7-ddbe52ae8863,1
240257dd-8230-4060-a8f5-8f7b14e0ed42,1
2409fb2d-1b32-44b8-bbb0-5636dc0af0f2,1
2411ce88-62f0-4303-912f-7d6f0ac6e615,1
2417f440-4b26-400a-92f7-4cfc6861dcba,1
24224cd8-d3f5-4d5e-9c97-f8240593c5a7,1
242806fb-af4b-407e-84d9-7b272af68957,1
2431afa3-e652-4925-b416-1ba5e9109d9e,1
24392653-a828-42b8-a8a1-3ec2a8b88bef,1
2444b3df-58bc-4353-8684-308d4c46cda9,1
244a20b3-a818-459d-b474-5bd6e1b1292d,1
244f5234-a6df-4c1c-8e54-cedbc7d5eeb9,1
245ba607-1c48-40e2-a3c4-0c53bb943852,1
246508cb-5547-4cfa-8ce3-e312d521344d,1
246ce84a-2abf-4462-9814-a7ee0427971f,1
2471e015-af0f-469c-a042-877ac23ed268,1
247bb056-661f-4307-b676-0d6445ec4455,1
24845d79-330e-427a-b19c-bd105991b36a,1
248f37a3-91ce-4100-9301-7afcac16c833,1
2499091d-3740-479c-84e3-5863f078eefb,1
24a02de7-ec3d-4540-8aeb-0ac1d37db0fe,1
24a43544-25fd-49a3-80a0-ab70590812d0,1
24ab7971-19ee-4bb3-977d-8a87edc693df,1
24b14bf2-5cbc-4925-95dc-caefdc67e918,1
24b5f9af-314b-49ca-994f-2a6098bb47de,1
24bd3c76-4c86-4f08-9908-31d692c3d906,1
24c17d09-1b1a-4fb0-b6d1-2a36bd5e75d4,1
24caf6a6-7c77-4065-a262-6c460db24fb8,1
24cf28ff-c03d-4ccc-a49f-dcdbe75e2fe1,1
24d539bc-eb36-42c2-b942-ec50ab990ee6,1
24da7864-a74c-4d51-ace3-8106862ec4bb,1
24e26580-ded4-4b8c-8120-11beebde563f,1
24ed370d-29a7-44e1-882d-ca479d099475,1
24f3ba76-b4f6-4451-a1ce-f1a68994d898,1
24f82097-d9db-4f9c-95f0-a255de0221d2,1
25009f0f-d701-4468-8ef4-aab72c5b4894,1
25060dde-ba60-49d6-be8e-af82dfa32332,1
25107aa0-d626-458b-9f28-b0a1dc9bfe73,1
251709ba-517d-4aa0-b473-f6bf59538ed3,1
2521cb76-f5af-41f6-be93-a74f5628abbf,1
25272eff-dc14-4079-ac1d-18e2c34a546a,1
25348488-b803-4dca-b7ab-9e427d5675f2,1
253eac27-4328-4f21-a565-0838a43c6fea,1
2547fde5-ad7d-40e3-b141-b8b79c269f43,1
2550edda-76d8-4823-add1-34de71d8a236,1
2554beb1-8528-45c1-91c5-3f2b94252503,1
255b7ec2-2d21-4164-a949-9d92803b0753,1
25601b18-081d-4709-b869-5c6b9be8b4cc,1
2569593e-650a-436a-a0cc-92218e5e6ffc,1
257132c4-3f0e-4fec-b232-8aee41968566,1
25763037-baca-4868-af74-289cbb0500cf,1
257e7636-d926-476c-b428-14bf291fb6e5,1
2585473d-f381-4f80-a1aa-f2624698cf99,1
258a5b1e-63ab-40bc-891a-83394d4d8277,1
2592b128-88bc-4abf-9f23-f9cdd9efa534,1
2596267a-f010-429e-9684-320d46ea61db,1
259ba148-4c56-4c8e-ba87-451775e1928b,1
25a36037-02e4-4d45-af64-32fcacc72afe,1
25aa7e79-3c52-441f-9afc-a4eed15a74ac,1
25b22d80-266d-4161-8464-d45a7f634932,1
25b9cb9f-a33b-41fd-8ead-ede6c083c085,1
25c16345-76d1-45b6-a288-6fe39326ab14,1
25c75337-7e32-40a1-9b01-b7e1c25b2a5c,1
25d17736-7cdb-4745-a975-3bba3499ec81,1
25db9632-307f-4455-8be6-0ff7c4b2b74a,1
25e1f5b1-93c1-442b-952b-3036eae9c6a6,1
25e7e263-9536-452b-914c-c884f0674214,1
25ed9b50-364a-4cec-8e2e-82977abb4e15,1
25f22db0-01ae-41c8-a835-430e120c0f0b,1
25f7bf8c-8850-43d0-a025-f0c5e76b07db,1
25fea1ac-8c93-423b-a22a-b865b5bc0a3d,1
260597fc-9327-4b44-ab7f-b51a4d6babb5,1
260b9b27-d9c4-4fb4-81d1-412367d8cf1e,1
26138c65-5496-49c4-8003-12c855b6eadb,1
261d3933-0b63-413f-a16e-fa1617f718c7,1
26280bbc-8490-455e-b1bc-943c31bcc65a,1
262b4e80-c0e6-471f-8393-a5c2142cb081,1
2636b48d-ece4-4a48-93dc-281d81f873e7,1
263dc7b8-9ab0-4ef3-87ef-7efab6fd7045,1
2644d0d4-2462-4fd3-8f20-b648a5050681,1
264dc235-e9f7-4ceb-973a-805f260af6bc,1
265c12d3-4abf-4ef3-b4a5-b6df3140b0e7,1
2660a8fe-dcb0-4bcd-96ed-f50386eaada6,1
26677460-a139-49b8-8d45-d44b31e1199b,1
266a76da-9ae8-46fc-8b54-96f959c24b96,1
267609cb-8998-46d4-92c3-b179d6ca166e,1
267ea31e-557c-464c-aeeb-a1d2c875aeef,1
2688b364-5cf4-44d2-ab64-8990783ab9ca,1
2691bcbb-7b7c-4910-807d-20911d97915d,1
2699b4cf-b76b-4b70-8f78-1b3b6dcbdfbc,1
26a205b4-20a0-4514-9912-7df9cf9aaf00,1
26aaac98-e735-4bae-992a-7bba44a1f671,1
26b1b169-876c-430e-9585-ec9bd0e1634b,1
26b9e738-1942-47c7-82a6-ee91a5b86df6,1
26c069de-ee6f-4c30-8d4a-8bae9852d510,1
26c6e78d-0466-4942-ac01-132da31e2984,1
26cbf5da-f457-4b4d-a49d-975c818899e5,1
26d31185-bbd6-4d87-b7d5-109659b35f52,1
26d8b7b2-0419-4655-8c8b-cf933c1b20f3,1
26e000ed-138f-442c-8be6-32cf25925fc1,1
26e8fcab-933b-43cd-a256-7b901e1f9a9c,1
26f204b3-e7dc-4a79-b01f-63fe43a7ca97,1
26f80a35-4b06-4f32-9303-d224831c09d1,1
27065067-e8ef-4717-88ae-81fff413c2ae,1
270f670c-6a86-4010-9367-9c5f10257dd3,1
27153001-a48c-4845-8de6-665384a3329c,1
27189923-e11c-496e-aea9-fb22eeeaa407,1
2720f625-a797-4fb5-9b01-39ec1f52527c,1
2729e27b-a8f4-4fe6-9d74-4d15b9c2f0dc,1
27380faa-6d7d-4eed-8402-525471de4b20,1
2740bd9d-e7ef-448c-9ab6-3f680ccd523f,1
274576dc-a2a4-412e-bc43-4c92210cfe38,1
2748a473-b609-4267-801a-718e2d44f24b,1
27513d2d-6445-4d3d-9c9a-b31a095b16a1,1
27584a71-4760-4fba-b954-042ffd5a6460,1
275fe33e-092b-454a-a4c8-c2caa2a3ae26,1
2768a302-c6a4-46f8-8642-2ae94b771290,1
27737a0c-6248-4cfa-8ed6-aca369c0537a,1
27790000-cfc2-4a13-9150-567bc11b6338,1
2780f87c-a321-4b55-8c36-beef742f3c01,1
2786d835-28da-4c05-bfee-119975f1f611,1
278b92e1-6e72-4581-827f-b02a45b38c67,1
2792cb24-6be0-48bd-ab23-3e286b84c485,1
27991d59-2595-48d1-bfda-2c92f67e5129,1
27a123d1-e9c1-4564-a0e7-261b1e9c16ca,1
27aa64f7-75e2-4f3e-acd7-5144827ae26f,1
27b477e0-96ca-4cde-a491-d52ed9d1ed27,1
27bbcffd-b037-45dc-8391-03c8d1ee0d1b,1
27c5f9c5-b209-442d-9134-8f62e2c25e56,1
27cb0ec1-24c8-4640-a431-35abd66bb004,1
27d2e518-623d-4594-b92d-f208f0470d1a,1
27deb717-9efc-4abe-88db-f46d902dd78b,1
27e83f0f-84fc-464f-a4a6-c81e4f32774f,1
27ebd79d-2659-4761-8277-b87265629a0b,1
27f1ccf1-2bd0-4b02-8ab6-5933a68575fc,1
27f7b5c9-6a88-49cd-8c17-d90880948451,1
27fd0747-a9b5-45fe-b1bd-1350be45f99b,1
28036ca3-637f-4f01-853c-0daae6e0d805,1
2807dbf9-e052-4869-b252-7c7e7146991e,1
28125682-c618-4033-b505-4415470e4a8b,1
281781a9-44d9-4676-8913-d88c0d8aea0a,1
281eb780-a5ff-40a0-8018-a5b6c10d6069,1
2825b0ef-5840-4c5e-9089-80fa8ba33ad8,1
282d16ac-18fc-4e41-89dd-68c72367ab45,1
2834174e-bb45-4c0c-994d-8ced84699cad,1
28393c59-abbc-430a-85a6-ab6dbe50af68,1
283fc3bd-68a7-4b1b-b015-2c1a74abf88d,1
28471dc4-0090-4328-82c5-e4400292294d,1
284ea806-df2d-4883-ac82-6a2b7d2236e7,1
2854170b-47c3-4592-97ed-31eba8bfefaa,1
285f4e28-9a78-408a-b616-28900caa8846,1
2866e55e-f540-40d2-9231-4123f957fa7c,1
2871ea27-a8f6-4e96-9461-9fb2ded9d7dd,1
28791153-88a7-47d6-833c-37322fb91b97,1
288334bd-0dd8-4731-9d74-1928dde3afb7,1
28897f7b-6178-4e87-9aff-5d76c8961006,1
2890eb28-9dc0-4462-b4fe-9e8c5ce658bf,1
2894e8da-cebd-4876-af2e-b46979c78600,1
289a94db-d28e-49f3-bbff-c62e36ef65e1,1
289f9316-6163-47c2-9d2d-9e35b89761f4,1
28a7262f-1b32-4be1-b9ba-fe92d44aef16,1
28ae55d8-6c43-4cce-9ba4-e568fabc6179,1
28b20a58-e0db-4675-89b2-f946f1a8f260,1
28b89261-665f-4fe8-8191-8fefb45b49a3,1
28bca723-4895-4fbe-bdf0-dd5faed64351,1
28c41c5b-be07-475f-a48f-e7caf70e58df,1
28c9c1e2-65f5-4baa-9952-7f579336604f,1
28d6cc3a-5d54-42be-a679-de6474464faa,1
28dcfbe4-f356-4895-b40a-a2c980bd1c16,1
28e82c85-5a53-46d2-90f8-39feb4ff1b18,1
28f185d7-ad86-4c83-8470-f1ad89bd2763,1
28f86bdd-7376-4c35-8f59-6b87ff7857c4,1
29003353-9d04-4dc6-aa70-a927273bfc7b,1
290c98ff-6c2e-4a98-a6f1-3893c19489fa,1
291845e6-b58c-4aab-a5be-ab7d8527c844,1
291eb0f1-9b55-46d4-9785-dc6da4a71169,1
29291313-fcc6-48b9-87b3-e7f6777baecb,1
29322f48-8c71-4020-8aa6-2dcc9cc33ca5,1
293bad31-2f88-495e-ae1a-0680755aedf0,1
29450099-0225-4263-ada4-dee0e1a6f838,1
294c17ea-079e-4ef1-985a-062a15241051,1
2957bd81-b777-454d-89e7-eb73ce0fed06,1
295f5f90-b136-404c-8f50-4e4b7bfee9c4,1
296d1223-25f7-4018-8076-4764b183b7c4,1
29723492-da7c-4dcf-8de3-807e659c6fcc,1
297b9c04-2208-4f2c-b6cd-a6cd2b438d97,1
298800d4-2226-473f-8b4b-830a8967e954,1
298cac90-06bb-44f8-abb3-07cc696a59aa,1
29986f72-45fd-4bb5-b3bd-a6104998acbe,1
299f0168-e791-47a1-9f99-09717a874e86,1
29a75a12-b016-4891-b1df-e35577715809,1
29ad48fa-062c-436f-ad70-aa7250a73e64,1
29b7f664-9a6a-4cab-9cf1-bd7e5cf2705e,1
29bd7cbb-aff9-48ba-8376-68a15e2aaf3a,1
29c4cb14-21b2-4da2-acde-41861e2b1712,1
29cf6b1e-4508-46d8-ac47-88a0874469f8,1
29d3be0b-8de4-4413-9297-86c086672a70,1
29d9c671-17c3-464e-83a0-b304d59d97a7,1
29e5e1a9-3f21-42ab-bfd3-19b34c5d207f,1
29f594f7-f872-4897-9990-cc0586e2b481,1
29fc07cb-0eb6-455d-b226-fd4179b8733d,1
2a04c7d1-cb3b-43b9-bf84-810e0f1c070a,1
2a08535b-d897-48b9-8114-b032f1141ae7,1
2a0e56e2-ab6c-4b48-93ff-de87ead0b494,1
2a13159e-4856-4f3d-a6fa-889e6162bb29,1
2a19350d-f0bb-4124-a3e2-046eb0926551,1
2a1f49e7-3a9a-4787-b866-5e6ecd53e18d,1
2a259935-b7b8-492b-8d04-c37cd25f3b96,1
2a2c33bf-eeb8-4101-95c8-ddd748a9eb3d,1
2a33bba2-150b-406c-a31a-1aff4e2c918b,1
2a3ae7e5-99b0-4102-84e9-13b3952cbf3c,1
2a426197-7351-4f0e-a536-32a5ec32372d,1
2a4c79c6-9bf2-43dd-91f9-d1647e312700,1
2a4fd761-58db-475b-b0dd-9de75a8bc282,1
2a592aab-9331-48e7-ae1b-f9ed4a2f2b32,1
2a601c53-6e43-4918-8d17-b5ba053331b4,1
2a6994f1-3b75-49f9-85bb-7233f924ba7d,1
2a6ce12e-961d-40c0-ab4f-6abacce655de,1
2a749648-63ae-434a-8342-472f4f013aa8,1
2a7b7f6d-949d-4e52-8e9c-36bb41122b2b,1
2a84ac5f-979a-4a18-9558-c57564740ef8,1
2a8b87a2-cd41-4078-b00a-ecb71408577e,1
2a930c49-f303-464b-bbb8-34b16cf4733c,1
2a9aa771-c6fb-41bf-8930-0b0962f4915e,1
2aa0a9b9-77e5-419b-9b66-1e17501d0f8e,1
2aa6f69c-c052-4961-9b55-ef9017a126ee,1
2aaee076-8ed3-4b82-8ca9-494844f2812a,1
2ab35aad-0b62-4971-aac0-48e92983bc4d,1
2ab952c6-c02a-4881-bb42-cee8b45ec60b,1
2ac26399-35b3-4a22-8546-ffdc77339702,1
2ac92655-cb61-4379-80e8-d6fa6fab2871,1
2ad153a5-0fc8-4e14-a688-394ed0405cf7,1
2ad7a22b-6e6d-4303-9b67-a9f2aa3a4e86,1
2add91b2-d052-4a9d-b472-c77b45f68b04,1
2ae4cb33-0209-4f40-bf37-e3b388725d16,1
2aea9452-c083-42bb-aef6-feb18844a20e,1
2af15b03-f64a-438b-a5e4-c743f547a50f,1
2af84e01-5212-4cb6-8533-2dd6212d78c0,1
2aff6d8b-f3b3-4017-b8af-3c30ce0f57ad,1
2b065e49-7c54-4c4f-bf22-186d802f37b8,1
2b101362-a30f-40b1-9497-42d75aafc8ad,1
2b1ed24c-f777-4cdc-9f64-a566a5c8d230,1
2b21cbdf-267a-4c2b-aed4-8af6df4c3163,1
2b278c4f-c2de-4089-a123-a73fed577a40,1
2b327f3b-caf7-4865-aace-3172e40203d9,1
2b375a1e-f2f6-4314-9368-f33e01d145de,1
2b42a8e3-6433-4444-adb5-f424395566e5,1
2b49dde6-6f75-4539-93f1-8d85358ae926,1
2b5427b5-3658-4721-9b5a-448aca54b45e,1
2b5e7f74-7326-4f87-b31b-791883695b29,1
2b67adc0-09df-466d-994a-477f707e1dab,1
2b6d2352-2555-4bd2-bd52-35fa5912f7c6,1
2b711e7b-cc37-4fbf-a1ac-babd8225c05d,1
2b7813ba-e571-4f4d-ae28-19c1754554ae,1
2b80c404-13cf-40d8-9d08-31504fa732fe,1
2b899de3-8c16-4e74-a726-14537eeb5e08,1
2b8f3f62-694a-49a7-8e73-d9a5e93a54f6,1
2b94dc0f-6878-472c-a4f2-82320d809e26,1
2b9819bf-9227-4ef7-87bb-bf4549d9ddc5,1
2b9d6ad5-1c32-4600-87a8-2087db0a117b,1
2ba4c853-eb35-45c3-90ae-5280630b0bd3,1
2ba9fae4-c7b1-4678-bffb-777fc5b71633,1
2bb45abe-ef7b-457c-b77d-402d4f928c6e,1
2bba2e48-4428-4811-837d-66b7014e30c2,1
2bbd9b85-0ae8-4d00-b8dd-0c0d4e1b6257,1
2bc4ad14-4613-46fd-835b-cead26243fbb,1
2bcbb97f-9853-4d57-9682-0153d7f5993b,1
2bcf211c-eb13-4809-9ff1-c7d99977f1de,1
2bd6755b-374e-413c-a8b8-fd18cf7cec89,1
2bdbfbc3-bf6f-44a5-b5e8-f7a9f0961c3d,1
2be120a3-3782-485b-a1e8-e128e78be1c3,1
2be63b45-b418-4c75-89b2-e2e4d2b0a110,1
2bec01a7-18e4-4a0c-9c8f-c66d69312cbc,1
2bf28bc3-1ca3-4bb5-8170-49738aa591c6,1
2bf81724-afde-4255-a99b-2e796dc79557,1
2c034d5e-9dbe-41e2-bc0c-dfffbf30901b,1
2c0bb8d0-dbb4-47f5-9e6a-7844bd89bb97,1
2c12aa09-bd88-4097-912f-dc73be35eb5e,1
2c1d9381-27cb-4a48-bd3e-b51c4c6ab7d2,1
2c263441-5bf9-49ba-9f08-450564baf05c,1
2c316265-4c3b-4e35-b55c-18ccb4c0bcf8,1
2c396247-d32d-4b43-8c71-5b9470514ce5,1
2c42347c-73c0-48c2-8def-af28e6d987d4,1
2c4a74d2-bef7-4413-9ef0-3fbadc7145ca,1
2c5133d7-c5be-4067-b108-845a17564285,1
2c59ed1a-638e-432a-a6c2-845458d251a0,1
2c633d1d-49ed-4144-96a8-6b81d08b4bc5,1
2c6a03ea-4005-4e21-8e97-2e9d3618f3c0,1
2c6e077a-0137-4ce5-be7a-ab5ba5ac8579,1
2c74477b-325c-4f9d-ac56-5189b7b825fd,1
2c7c88e8-e44a-46a7-b3be-a1650d6f4e9a,1
2c818dc6-a831-4dc9-a89c-69fdb28b5d99,1
2c8cb301-373c-46c9-b1b6-96c86c5de56a,1
2c93717f-93a6-496d-933a-3b185d15cd42,1
2c9abcc1-28f5-424e-97fe-c0f274f554cf,1
2ca24899-29a4-490e-9f58-123c20b2de5b,1
2ca9fbbb-a4be-4974-bd7b-2fe4b989bf91,1
2cb70683-127d-4c86-b419-0a76ac6351d7,1
2cbe5058-74a4-47c4-af16-62a553cec273,1
2cc510d5-abf6-4f7e-89f6-949e7e4fd969,1
2cc9a106-8167-4979-b084-0eb502bf009f,1
2ccd20c7-89a4-4cb5-8618-b10b300f53eb,1
2cd5e838-11b4-4ebd-a489-12379b6e7087,1
2cdd98cd-d0ef-4f04-a1c8-c61552334cb2,1
2ce2f32c-c9be-489b-aaac-83a691756f8a,1
2ceacb73-e074-4872-8c8c-5a419733d0c9,1
2cf36b12-db5c-4f24-8bf0-714d56ad9cd9,1
2cfcea42-0099-46b2-b7ba-76e2bae30f57,1
2d00a01e-08e4-480c-9ab2-de7101d5d133,1
2d0a22cd-23ac-4b61-82d7-11fd271a0b12,1
2d101c22-f308-46d2-a79b-8e663a9f3e33,1
2d14f3ea-ce15-401e-a580-8d357a37ff56,1
2d1b5aac-f470-45e1-aa0f-85e57b2664c2,1
2d22bec6-b18c-4461-b77c-362c0d9cf227,1
2d2955c8-9e5e-49dd-809d-29cf44bf84c7,1
2d2fda92-f7f2-43b2-b1fb-fd46d6dd8534,1
2d3690a2-7228-4e1f-8975-0a0f1186c804,1
2d3fbcfd-651a-43d9-8ac4-1fe7997c050d,1
2d447e9a-a875-477c-a435-84e24653e266,1
2d48dd2a-fcf8-4a8b-84d7-41be8ce9039d,1
2d4d8a38-dfbb-459d-96b5-6c9094afa442,1
2d54d5e6-74a7-45c3-a0b1-80353ad76760,1
2d5cf117-e8dd-4842-936e-5229c4d6c08a,1
2d67a5ad-67c4-41e6-8baf-7dc71d857144,1
2d6fa846-4e6a-4807-ac38-03ef1b724ef6,1
2d7b4e23-d1e4-442b-9a02-4eb4c49b622a,1
2d83c7ef-0678-47bc-a02a-5260d739b9de,1
2d89a5af-ace4-4257-b1d8-ab61bfe30421,1
2d8cd4cf-5ee6-4d4a-835a-4a60c08fc693,1
2d96d46f-472b-496e-ac7e-1cfed1209bec,1
2d9f62c1-b7a4-4b4a-a138-3da39f21b728,1
2da79d5f-fe06-402a-9276-012863167a58,1
2daff970-1129-44a6-a9e2-a6b69c6a9ebe,1
2db67c11-2b30-472b-8bc3-4a02358f5321,1
2dbf86e5-2b13-4bf9-b7fa-c5931353644c,1
2dc769a0-7db1-4826-bcaf-f266a9fa4677,1
2dcecd84-0bfe-4f94-87c6-5565a963835c,1
2dd3d5cf-0256-48a2-bd66-fee1814afb4c,1
2ddc3267-9bc2-470f-b0ff-658ab8664145,1
2de268b8-dc79-46ba-a36e-4fb1d010b7ef,1
2de96c2e-ab0c-4f1d-97e6-9d2507cf66c9,1
2df59628-d82d-47b1-95d0-9274090df139,1
2dfdf27d-c099-422c-be28-58ea48973fd8,1
2e0840a2-cf1b-473a-9107-42a037a500e8,1
2e0c1eb6-f15f-4b16-9351-920b28ffbc48,1
2e1451a9-a8df-4ffe-9b5e-78b561a24712,1
2e1ba8ad-8d08-406d-9ac9-2d98bca73675,1
2e2db6f0-78d5-4501-8344-3571743b6a1f,1
2e322fba-655c-44d0-98a1-eaac92fa2f35,1
2e362550-6984-4ecc-ac37-be0b194cb84c,1
2e40d16c-a418-4c62-8acc-f4f234672dd4,1
2e48d72e-f2d8-4125-ac82-9906fcb3271e,1
2e4f6a43-c86c-4767-b6c0-bcf94fabf417,1
2e582088-2461-4b6d-a777-67aa9c2d9b2b,1
2e5e0c5d-cbb7-4393-90b8-15cef2c4fd54,1
2e666a04-a5d4-408d-bec6-8bb8837b40c3,1
2e6aa829-ea9a-4fca-8b37-179a91257eb0,1
2e70d1df-c668-48c8-aa08-bb4c156a0d5f,1
2e7b579e-f758-4fc4-8904-1780e1baa508,1
2e81564b-1985-4287-9ea8-19adca9095a1,1
2e885dcb-7e52-4209-a0a8-5cb544bbc0f0,1
2e8af5d3-40a9-4aba-9a63-85a0e0b725e4,1
2e93b3f1-cac6-47aa-863c-66e179524470,1
2e9a813a-5069-437a-9482-523ed1bfdd18,1
2ea5ac9d-8bff-4b5f-ab0c-ecedfd1f8ded,1
2ead8989-7f88-4ad8-9d63-32841e06851e,1
2ebbd4ae-657a-4708-95ab-3291b520eeac,1
2ec3711c-27b4-427d-953c-4e40f934d9b4,1
2ec899d2-aa6f-4c65-806d-6a3cdb175848,1
2ed0fda8-f111-4f56-ab23-44b781c318ef,1
2ed9bc02-5785-46ef-8af3-6133851cbd6a,1
2ee35cb6-1104-4a40-b2ca-443cd30c6088,1
2eedfd76-ba87-4b1e-9e11-a682dd8d4310,1
2ef214ef-6b52-4a45-83b2-747b67c65805,1
2ef73110-51e3-40b8-8229-b45972a83bcc,1
2efdfe3a-c254-4b9d-93a6-f1146ffa0776,1
2f0740ac-9f17-4fef-956a-8354c90e5cf0,1
2f11d151-90ee-4645-b499-5e17255d157d,1
2f188789-986d-49f7-a1c6-c0d79d9163c2,1
2f1c4c02-5325-4f70-bc43-b11162b0b9e4,1
2f2530a6-bbec-41c7-a914-1c6fca0cca56,1
2f2f7749-7a01-44c1-a1ba-17ddacff3750,1
2f36acfe-8ef3-4498-86c1-046447247d73,1
2f39e3bd-1579-48e7-9f0d-4ff58bf83932,1
2f3db13c-8b88-4f58-a726-52875933d206,1
2f432280-69af-4e8a-9627-9cbb90edb92e,1
2f486b63-7c10-4b6f-94f2-295289c2352a,1
2f52d90d-4a79-4c6f-aec7-4930fbaabf51,1
2f59959e-df50-48f2-9296-efa22584bb3e,1
2f624948-18e1-4e4c-a17a-a5a065c3164d,1
2f6b0298-57db-45f0-b378-1881d4d94afe,1
2f74a184-9f98-4a76-8101-e52b156d837e,1
2f796c53-943d-45b8-a247-cbe51ce5645a,1
2f7dd25c-ef61-4946-a553-e6cc25cbc798,1
2f8517c4-f0ab-478a-abf3-cf12966e0cf7,1
2f879984-7043-4ef9-a5c2-c2efc6b4c9a7,1
2f91879b-11a3-4aec-8463-348d37dc8697,1
2f990f9d-cacd-4d5c-8255-baaf568cecd1,1
2f9fff08-e23a-4485-94b8-ced30d03e249,1
2fa643e0-2c3d-44b6-b040-f1c39a252677,1
2fabbe14-66aa-4e02-b197-48183f2ea125,1
2fb15c87-26eb-4b33-93f0-81198057b1a8,1
2fbaea53-4291-4fd0-941f-c3b650ca10b1,1
2fc40f1c-6289-4c6f-9643-a4298bd65777,1
2fcb2cc3-8213-4746-8dd3-ca99e9321c89,1
2fd443c9-0dbf-4c14-af6e-d323764c491d,1
2fdc3ec4-be4c-4725-8f81-ea6ba902b8a5,1
2fe49113-fa77-494e-be16-990d3924e793,1
2fe91275-c799-447d-82f1-2a63ea8ee57d,1
2fef642f-edb5-4f49-898a-60f9d3b7795d,1
2ffa48a2-a180-4036-8099-c05f5a034bec,1
3004f89e-e351-4949-991c-269cc670e3f4,1
300aca09-f271-4b3d-ac31-fef86acf78aa,1
3010b4d3-f52c-493f-96b8-5bc8a81665b6,1
3016807b-32f4-4877-8ffd-692a1017a61a,1
302313a1-cc80-42d1-b786-42a37d1cf8e9,1
302bf619-e158-499d-82ba-6d6439432919,1
3037e2f1-cbaa-4a7c-8c83-778ee617c489,1
303cbf4c-10a5-4850-b19e-afd8e68d93f9,1
3045f947-73b2-4bd2-8c1a-7223c62bb0b5,1
304c2943-6d33-4d54-83ac-b7613f2500d6,1
305525b3-31fb-49ab-a35e-aeddc548d53a,1
3059c119-b6d1-4fd7-b3ca-bc456c74f2ad,1
306314fd-3f5e-4528-99af-50a2ca683830,1
30712227-ec76-4125-9e68-83857aac5bfb,1
3077bb31-18fa-4e6d-8ce1-287e576d885c,1
307f7c86-1ed4-47e9-aae7-d1ac3c989858,1
308d65ea-1a08-47ec-8c9b-472e84240d9d,1
30960680-e01a-47e5-93af-309365755298,1
30a214a3-8c2a-4a3e-9b91-b95706de02bc,1
30ac376c-f40c-422d-9f40-b76d053dd94b,1
30b8bcfa-d00a-4ca1-97b9-cb54fa33a1ba,1
30c06b89-1e1c-426b-8597-bfafc45028c5,1
30c8221d-40b2-4d91-a1e0-3ed2eb1da1a2,1
30cefd7d-24d5-47d9-886a-839d7da9b332,1
30d72e49-945a-422f-8286-f805b74b3030,1
30dc5045-2823-40aa-adbc-3cfee672f77e,1
30e3a1c7-0ecd-4aef-9c8d-f28fef319415,1
30eb60a8-9757-48ef-9086-4c9b0bf9539c,1
30f0fb7f-d5e9-4349-aa5f-3a3d81bb36ff,1
30fd82b0-740c-42ca-ad1b-42ffc64a4e05,1
310858c0-6fb2-4b60-9560-7b98f80d492a,1
310b7a46-47e4-4ac0-a76e-e19121cf4635,1
31110c0b-292e-471e-9c98-fbd438db66f3,1
31181de1-7b82-46a1-9dc8-7f25524f606a,1
3123b85f-d8e1-401d-90c2-86947ea9b79d,1
312b185f-b9d3-4fc5-91ad-f5de672f7f7d,1
31346f2a-d504-4266-9d87-66433256e5be,1
313c7727-23e6-473d-a99f-50009528fcea,1
31434138-7e04-4e93-99e9-01e623a34113,1
314d6fc2-74c5-4cf0-96ab-52fda9522d90,1
31569dd9-912b-4bbe-ae5a-2ab174f97a0b,1
315ed538-7b69-4344-9244-049ba60e282c,1
31653e8f-63b0-4533-84c4-e569ffd159ea,1
316c6a33-0a67-4a13-ac5e-c2d7f9d4323d,1
317297be-9043-481f-b7d1-6d522ec23478,1
317f8825-d6ee-4ded-896e-8f6590b20dd6,1
3188de03-f732-4491-8f58-2607c4122d15,1
31906371-3d6e-4e43-b99e-96c022032859,1
319ac28f-327f-4cc3-8a44-7b388c264112,1
31a2e012-15da-4b1c-9e76-9fcdaaa6e1b6,1
31ab8749-9817-437b-a336-fe173d1c22c0,1
31b05830-1ae4-42ef-97bb-a190bed676c7,1
31b70877-c3b1-4ac9-9e1f-4f583b0e38a6,1
31bc929f-98fb-467c-91be-5b422103bd14,1
31c7061f-57b9-4e0d-8bdd-00ecd5221059,1
31cf605d-f194-4e38-b35b-f2222c350e0b,1
31d8f1b5-6e57-453b-9780-4ec70e076f82,1
31e1b80a-77b8-43f9-8e09-4959b625a05f,1
31e6b95f-f242-46ec-908f-46aade3426b7,1
31eaeccd-9bf5-4c5d-a725-2ff5727948b8,1
31f2b06a-ae32-449e-bfcd-f91623faa928,1
31f7d1bc-53aa-4733-aee7-5aa64cff59c1,1
31ff1765-50a4-4708-b6c4-bf1ffe824a45,1
3205888e-963b-4e20-ae44-e2decf2b1638,1
320c2945-de51-41e6-bd75-a8c1473fbf68,1
32153649-0f19-45ee-8e48-a4cf2d65dcc0,1
321ec82b-b208-441e-b22f-a737b3d1180b,1
322a4168-c418-4b5b-9860-6760822bbbda,1
322f3c76-4795-4cb9-9dc2-3c93b2e22b0f,1
3235f08f-f41e-4054-aa3c-82fc727f82f4,1
3242ed64-3708-4214-bf3b-33329c6e167b,1
3248704f-9c95-4ae9-be88-f5786324e93a,1
32521a79-9f48-4c80-a909-f8a7c4fc1977,1
325b44b5-26e0-4d35-914e-77b2fd65e363,1
32636a59-9c5e-4562-ad13-864e415b19f7,1
326933e9-4c73-491a-8dbd-0f7e22f23200,1
3271571d-7cad-41d7-a87b-73e220b9ecba,1
3275ed67-f3b3-49b0-933f-4f867e7f0c3c,1
327c25d1-30a2-4ed5-bc8a-d0845c83ff31,1
32844f03-f358-40fd-9a57-9c6b1d3191db,1
328f550d-a485-4309-a53f-95618c0d99fd,1
329962bc-da75-44ab-9910-475cc7d69f58,1
32a40bac-a2aa-4ca8-938c-fe34cf2f4508,1
32aa6259-9849-44f7-bfe9-b0d0f16fad34,1
32b3e246-f3b8-454a-ba6d-b6b49f87f022,1
32b7a330-6498-4f01-afac-dfd65162e0f6,1
32c04225-733f-4d90-9b98-24021fe33691,1
32c8d606-a411-4ac5-a730-d3ab4cac73ed,1
32cf36d6-1ad6-4e67-8851-a31e67d42d17,1
32d58ad4-0870-4873-886f-588850cd8fb0,1
32ded322-8105-485d-8102-19dbcd004254,1
32e7d9ff-e4e1-4f61-8686-d22815ff49e2,1
32f077a4-7cfc-4a17-abf0-b0ba327e4564,1
32f7b371-a3f1-416d-8ac4-f9dc3f3d6380,1
32fda7ac-be7b-4462-bfe9-77610f93f213,1
33058b47-eccc-4668-bb13-86e35121bd5c,1
330d8a46-b0fb-43b8-ac0d-86c6948f8881,1
33146d45-7051-4fd7-80ff-11cf20c76f7b,1
331df4f8-a3c5-442d-91bd-60926639cde8,1
3323757a-c41c-476b-8429-73e1803052e2,1
332b9547-ff94-4fa2-8ff1-d19f38233a93,1
3335097a-b268-42cd-b1ee-f0659433f36a,1
33382f81-a7f5-4a0c-b575-4e90150981f5,1
33429796-ebe6-4ade-b1c5-59baf5c8f6db,1
334e18b1-a6b7-411c-8d3b-7efec17819d5,1
3351c609-ffb2-4c2c-a56b-124c0480fcef,1
3358ceef-e20f-4967-b7c5-68b20449182e,1
33648142-0c46-4f43-baf3-e77079e4eef1,1
336a8415-7102-403c-8705-a5b3b0245d46,1
337305b4-ca7e-4421-85a7-b8dc19ab2669,1
337ba2ed-45a7-44f4-beac-f54e658b308f,1
338230ba-da3e-45cf-8112-1b5c653d54c8,1
338720c1-0b26-4264-96af-fd310e1ec5de,1
3393f004-86ed-4dfe-b7b7-7771d1d42d8b,1
339bab0b-5e65-48d1-af81-3a2ce582dcc8,1
33a544ee-79bc-4cf0-86dc-97564728f38f,1
33ad11cb-959e-4f3c-a8f2-6d8cc069fb0e,1
33bd9a0f-0eb0-4429-9a44-421321fa9f42,1
33c359a6-50d1-4d91-a5f3-57297a52dd2e,1
33c906ae-10c4-4965-b69d-d8f0c6af483a,1
33cf4b99-a00d-4956-b7fc-4d5393569fa9,1
33d8f7bd-abfa-4793-ac4e-4836b7223d3f,1
33ded255-497b-46e3-aa04-6678e919832f,1
33e35169-374c-4b30-8d82-0f450f367bd5,1
33f3afcd-9d68-4b58-a607-f1020d196984,1
33fbb8ff-a59a-4139-a103-c060fa7c6e4f,1
34027613-6c9d-4bf6-8bb5-a848d627a5eb,1
34068377-4177-40ce-b9ca-81b25512166e,1
341136b1-4b2e-4264-869c-2581aeecd98b,1
3420eea3-8498-453a-be5b-e7263f9dc6fb,1
34278982-24b1-4fe2-8ea2-61613bf0b497,1
342d00be-15c6-4d95-b7d6-97938757f1d0,1
3433c5f9-ccb2-45cf-84ab-9f3f06ec1495,1
343c8bf0-1a6e-432d-9728-391794bc376f,1
343f60b8-2e6b-4a69-bc9d-b8b4f595691d,1
34496129-653c-4fbb-9308-83a698d9545b,1
344fe453-b3fa-455b-b39a-3e6bf9505c52,1
345515dd-a720-48fc-9c8b-e5186c5e466e,1
345a83b0-f57b-4935-a118-f3e9d1fbfe5a,1
3466cf06-b53b-4154-9133-84dd503ab89e,1
346ab82d-1926-4a64-9d8a-aed0dbedb2ef,1
34709ecd-d3b1-435d-94fd-b6acf621a8e6,1
347af04d-ca7c-47ed-897e-ebb118edc383,1
347f49b7-d842-4f2c-a553-bd3d732a8b19,1
34870995-5d8a-40af-bfb5-e3a84f5b22f1,1
348cd8b4-e758-49b6-ab3d-8da2f8af5fdb,1
3490d94e-5e86-4dac-b0b0-c35bd9b5227a,1
3497f8a5-0ba8-4452-a9cd-5910fc58ddd6,1
34a1e51e-8cfd-47e4-9e95-be8d54d7c332,1
34a72e2c-3e9b-48fe-a475-8961f2caca5d,1
34abbda5-169d-484e-86f8-ee06eead0b3b,1
34b2f8fb-a42a-429a-b90f-9a767cd1c77e,1
34b98f56-eaa8-495e-a2cd-30d885bacfd5,1
34c0b8c0-9415-483f-a264-d39bb5a6c4a2,1
34c86d89-d5a8-4bfe-8181-993e02ba395b,1
34d58127-af70-4992-8b0e-717b73746996,1
34dcceda-43e7-4c54-8fda-25bc8d62b270,1
34e07737-1a85-4143-afb6-a9e2191edce2,1
34e6b753-2e34-4cf1-97e0-3ccb037a794f,1
34efe6bd-22eb-4bb4-ae05-45f595bfbe70,1
34f69c22-0097-4166-a037-ce5436e62dab,1
35020999-01df-4e77-ba43-243f35704aed,1
35079904-b5e9-4ce4-9de2-69e575cd3f32,1
350dc7fa-733d-49ed-87c4-a9a00da7bf78,1
351827cc-aa71-4c34-8bb8-6db346d0d240,1
351ec41f-f376-4b99-b119-21a0b2428518,1
3525a1b5-b64b-4cb8-8832-876737bc4650,1
352cd706-9884-46a8-b26e-1a714ca7766a,1
3533214c-d9a9-4517-b080-549ec6d9c505,1
353a2c2f-149d-4680-9013-952a304df96c,1
3542148c-9115-42e0-b58b-e40c77c6c789,1
354b6c79-d369-4a6f-8f88-94ffd37d570c,1
355156d4-3632-4e75-ba6d-37c7af9e2253,1
35595267-d7aa-41fb-96e6-4d0767a2e341,1
356190dd-1065-4adb-a774-b039c349ce30,1
356503ae-dd49-497a-b68e-008d0b88aab3,1
357100a0-7823-47f8-bfbf-cd6c83cf1345,1
3579d0da-d94b-4c84-bf9b-c8975d79cb94,1
358274aa-155d-4f4c-8bee-1e2477d4c855,1
358af1a9-b966-4e1f-b0a1-ac71acebb0f9,1
35922b49-3a19-4b3a-b86d-81be1a8b99f2,1
35988fcb-a88f-4cc7-8953-98e23b284a09,1
35a27f98-f529-4a77-9eac-be1fcb22bb56,1
35a87a75-a0e3-4844-8795-f59946cfd9e7,1
35af1142-aec6-4649-a833-bf0c0bb48c3c,1
35b55319-9e4f-42fb-8959-6ff20dc5a5a4,1
35c1e1e0-e204-4f29-8956-29113387857b,1
35c8e817-af38-4637-8607-ffdec8981ab9,1
35cf0cb4-7ec9-4a2f-bfec-c82bba86b586,1
35db777d-a0ca-43ef-9bd2-58453539d6bb,1
35e140b8-28b2-4603-802a-e141375ef78d,1
35e98c7c-454a-49d5-9ac4-cc755cd8439f,1
35ef4824-6295-4d29-bb26-f04e6f21ee33,1
35f984d5-5e3b-4027-8476-ba6499bf1d14,1
36010ecf-f251-460f-a8a3-e931282c680f,1
360946c2-bb11-4144-b8f5-64f21ab413f7,1
361110fc-e18c-4b9a-a0ae-d7adf193cc80,1
36169bbe-754d-48e9-bd83-5733464a021a,1
361b4dc1-77af-44b1-adb9-b3bac3ba0d6f,1
36252d29-a240-4d25-a858-4e8e128f17f0,1
362a36c9-6066-4af2-99b1-5ebc97c94467,1
3631b20f-1f7c-4760-8f8a-795f69b6ebb0,1
363629e4-3134-49ee-829b-dd090980d578,1
363f54b6-24f8-408f-9c06-351aa1cf62b8,1
364bd4fc-cbb6-40d8-8e39-eb4ec1cd8a80,1
36522fda-6469-40fe-b360-d4f2d3abc89c,1
3656be78-51fb-4b9d-b6d7-ff5ab59ff415,1
365c0cc8-37c0-45cd-b008-acf7ee7e9a7a,1
3665947a-6793-4cf4-92e5-326fa1d2fa47,1
367185af-e397-4e72-8ef1-393ec5c07afb,1
367b170a-e6f2-4a39-adef-fcfda66a004c,1
3681a4aa-b9c3-4f4b-a7c9-297c7864f697,1
36873ec0-475c-44d4-a8f5-a68e2c3fa125,1
368e7ecf-5281-4939-a6f6-397981f8e4e7,1
3690841d-541b-4cb9-89b1-398e4e433faf,1
3699e916-18f7-44a6-852d-5abacec74c4c,1
36a3687e-696b-4126-b4ef-985ef0794eef,1
36aad2cd-1962-4360-9eb3-e094acd321b6,1
36b0aac5-5c6a-4758-909d-b11e0728bd22,1
36b51521-c3ab-4059-8805-2f60a4c70f3c,1
36b90e24-e017-4bb6-b419-813529f0d837,1
36bcc12f-c801-4847-82ac-15232d41de7b,1
36c4b846-686c-475e-93df-989ebd4f371d,1
36cbb93c-c58e-45f8-bb7a-3655e57e0fb0,1
36d2d308-7d52-432d-a4ce-55e5152f6fd7,1
36d8c9aa-b56f-45d5-85f7-e9f904f6b198,1
36e18f4c-8a3e-46fa-b602-d6889d9d5569,1
36e8449b-43fc-4027-ad52-b32802f78f78,1
36f299a4-dd5c-4ecb-b7f2-cf5381dae3c5,1
36f9fd78-a75f-43f3-867e-06bda344eda2,1
3702c8fd-a358-4fe2-b257-a7cf8d3525ed,1
3709d114-b2a6-4d4b-85d5-c724a6d8049f,1
371261e0-8cdb-44da-8b8c-df7ba8850e8c,1
3718b0a6-774b-495c-907d-b04422634beb,1
37219dfd-c156-484e-bdda-c9b93fced341,1
372c6bb8-06a8-49de-8cb8-ee29dfaca8bb,1
373492b7-aaba-4af3-81b4-6111725cbec6,1
3741de8d-4bce-4fef-ba9a-2c06556d3964,1
3748f3e3-fc94-4ab8-b311-e2e72e0a0d55,1
37528c31-7b7b-49c9-a02d-1c31626e70c7,1
375a5b7f-8b92-4aae-a2c6-23620673180e,1
37612d6a-e4e2-4863-a1df-9a25f39af7fc,1
3766762a-dba0-4e1a-bf67-0002829553f8,1
376d0386-aae2-4719-ad8d-edeaa34598bf,1
3773d47f-5420-44ed-86e3-0f60af7c269c,1
377a873a-48f2-4114-bda5-6828849a593a,1
377d97ad-7806-4d3e-ad1b-e35dcb15acf3,1
3784a95f-d059-432f-82eb-2818bb5e31c2,1
378e275f-b6ba-4cac-bef0-eb9bce8a4d5b,1
37961bfd-407b-4523-a064-87f30e5ead7c,1
379e5a50-45f5-4a23-821e-8a9c480a99b7,1
37a49b92-fd31-4d1e-8745-267746851afa,1
37abab80-b465-4cb3-b943-1154cd41a026,1
37b38f36-6f44-4311-bd87-36fd917858d6,1
37bc5444-3048-4ed9-bb47-d16f68047fa2,1
37c3ba59-de8b-4f2c-917c-955aefe6ee3c,1
37cd1000-261d-4631-a267-a1d68a7afe59,1
37d733c8-f125-40bb-88af-fe1d6f96f20a,1
37e0680e-1aa3-4307-b037-083839ead3ee,1
37e8eda0-9c76-4d36-ac35-2ae0ee71a550,1
37eecd91-ba51-443c-9d57-1c751137ed4f,1
37f7b241-468e-47c1-ac6b-d0ba51c726bf,1
37ff71a1-e348-4d23-b4e0-e1a80eda5fd4,1
38064b16-66a0-44fe-ae2c-141e7cc4413d,1
380b4a26-44ae-48d6-960c-341d8a1ecca4,1
38138497-994d-43bf-a796-251a3abf9b2c,1
381b8c39-4170-4f04-85bf-b5edc7b56356,1
38201cdd-7321-4a8e-82da-dbbc4d131474,1
38282308-6657-4641-924c-d1b0c4e12dad,1
382f9014-eeaa-4ce8-89b4-4f98159fb7e1,1
383513c9-2939-4b93-8b8d-9045566e16c4,1
383bbfd8-7879-4f2d-8375-0f9aff35315b,1
3842a184-c104-472c-adc7-62d98cdd67ed,1
384799a4-fd49-4429-9a28-ecb05699e538,1
38525947-fcc2-4d4d-bbce-f5a6e2afa460,1
38587c13-2460-4c24-a3cd-5871b9ae0c5d,1
38612b41-8993-4a6c-aea2-5761eba4c482,1
3867233b-4a22-4a47-aa07-f329a9dac750,1
386f1879-3085-41c2-9399-9f85cc562f74,1
3872df02-755d-4004-a780-527fa40bf0bf,1
387e01c3-26a3-46db-9f2a-0354b377f293,1
3884076d-573c-4c54-95bd-8aabe65655de,1
3886cce9-369c-4733-80d5-56aee882277a,1
388c7590-bbf1-4ae7-9960-6f31d5078e66,1
388fd395-1c97-4397-8712-fdbbfe732b77,1
3896c0a3-5722-4cca-9294-b70ba8bf8f0e,1
389be1de-6e8b-4257-9f02-f9b9cce5034a,1
38a0e7fc-f17f-4c41-9900-97995e91618b,1
38a53dda-f482-4ae8-8f4c-60dd5dcaac3b,1
38aaaf62-9376-49c2-9e14-e2428cfeade1,1
38adbf09-e98c-4f5a-9034-80f5ea454d09,1
38b351d7-1ddf-4d2d-aadb-baa1b1aeb800,1
38bab84c-82fa-4c44-92d9-ac06d7b8e28a,1
38c6721f-9583-459e-bd7e-c75da06f108c,1
38cb4ea3-b7a0-40f4-8096-5e2c19264a81,1
38d2f589-7bbe-4d93-a610-02d82f0d9d5c,1
38dbe0ac-0409-4567-9130-d4ddf6f7a8d6,1
38e0ac63-98ff-45c5-87e4-86d02f10c42e,1
38e882d5-7161-40eb-b779-59c20b8e828a,1
38f1276b-56b9-4d9a-949c-34e5a15af4be,1
38f7e69c-595c-46f2-a15d-e272d2863da8,1
38fdc04f-a686-4a90-ae4a-d661b68c713d,1
39051eac-818c-413c-b430-aecc61510ba4,1
390ebb38-6859-4cea-b668-7a36e82a8301,1
3917c81a-4d75-490f-94c1-27c7ee025f14,1
392232ba-cfd0-45e4-8169-e8ce627db890,1
39289050-3a76-477e-8259-683d5a0d4da8,1
392fded1-d81e-4ea3-bf77-fc5b2f3f0c7b,1
39370a17-3192-4ec2-920b-bcd11a0b76ca,1
3941ca05-5d4d-4647-baee-8c971c1b5005,1
394a8e83-9036-4e62-836d-6ee64266d69d,1
3953c014-3867-43a8-a530-4edb92fc6a37,1
395bbfc3-2810-457c-9c7f-f532a95719ec,1
3961ebc5-b689-4f46-8792-86c7ff3962ff,1
396af2ad-c95e-4011-b64e-3cd5358b4f75,1
396e3d89-0c68-4b4b-bb3f-1b2bd3b8e0aa,1
39772903-2ae8-4632-b2dd-11ab131f71bf,1
397f390f-393e-4420-acf1-201d4852fc80,1
3983c7eb-8e03-446d-8546-bcf6e99ef0a0,1
398b5b11-5cdc-432d-bf99-ea9d1f5a7f92,1
3991289d-e683-4c1a-bfcd-374df0180fe2,1
399722fb-3a4e-4d80-b882-b9b080ff2d20,1
399e4367-026d-4d66-adb2-3a5b7ed8d847,1
39a41668-baac-4a2e-9bd0-98e6f9ccd541,1
39aa275c-759e-49e6-9e87-b0617556d62d,1
39ac1fb2-f7bd-4994-842a-96ca52303395,1
39b1ee26-187b-461e-9a4a-5527c7354d6b,1
39b6327d-702b-4665-b7c6-3edbc87bbc3a,1
39bda88e-a912-4b15-b30c-50090a9b0fe6,1
39c63fcf-50d0-4586-af9a-7e114014985e,1
39ce872a-4798-406c-9832-1dc24df65620,1
39d849b9-78f1-4cba-a4be-ab6790319cdd,1
39ddcc0c-c68f-4912-8fa6-5347cc588783,1
39e3f82e-7b41-45aa-b427-287a9b83d50d,1
39ea6cea-7dd0-42fe-99e4-8e6271ecc266,1
39f52279-ec0e-4186-81d4-b3595ae5b64c,1
39ff0e58-9033-4a8f-9e94-4b192185fad5,1
3a067769-9c8d-43a7-98e4-3c87a342389b,1
3a0b1db1-5c13-4729-aeaa-4f999d943c69,1
3a10fe90-2522-427a-8b32-826d3ff073ad,1
3a15a859-b58e-4ba4-aa8d-849560990dbf,1
3a237f46-5bf5-4d2d-bb5e-fd40c3402e4c,1
3a2aedea-a4bb-4160-96a4-e796cb9a5dc3,1
3a33a5ae-578f-42ad-b4bc-b6fba6abce5c,1
3a3ce8f6-fc3c-4779-a039-353e17f616d1,1
3a45d08b-ac67-4164-bc52-788258a0901e,1
3a53b36f-9062-4b80-baf1-44a02ad25d3c,1
3a5cf36b-ce98-41f7-9aca-4f4da21556c0,1
3a65f184-48ac-48ad-9295-4a5ec1dc256f,1
3a6d7eeb-952f-4930-b779-1625a80895c5,1
3a74e483-e9be-479c-8550-61b0b0772b2b,1
3a7a6310-3a2c-4182-b349-8a2adfc3549c,1
3a849f2a-3f83-4452-8fe2-a840b694cc4e,1
3a8aa96c-3aae-4de3-983a-b8236b5ea5cb,1
3a8fd46d-41f7-4518-9be2-bb81a136f461,1
3a981cad-3622-4704-9f5d-15b49a335c96,1
3a9d376f-ea80-41b5-b94d-d08a4ec2b5e5,1
3aa3e43a-998b-453a-a09f-ba91b2d01d5e,1
3aaae8d5-a87f-4b46-99ec-7388a26b72ed,1
3ab2b170-87ca-4e40-95b7-e57a25da7683,1
3abf0046-a016-407b-be1c-c82f71c59d51,1
3ac5f4b7-1736-42f0-928c-cb19620f9181,1
3acb6d16-be27-4f69-9108-10113980322d,1
3ad0430a-ecd6-42f0-a7d1-02ee453daf21,1
3ad6b6bc-8d8c-4ddf-86e5-def10d681968,1
3adcdbc9-584f-4c6f-8aee-16470a8497f8,1
3ae43a2d-3880-42fb-85cd-3a30d69214b9,1
3aeaab2b-dca6-40d4-bc4d-a7495001a5b3,1
3af59258-692b-4134-b897-325b0fd2ace4,1
3afe3cf2-831a-4a1b-8458-d28cc59f208b,1
3b05cd2b-6a32-46f9-8208-6ebcbfa64aa5,1
3b08fc60-e483-4bba-aec0-99a441eee6c8,1
3b10f903-1fe5-4149-9226-59770e5fbf9d,1
3b17fb70-cde5-4396-a9db-8c616ce82643,1
3b1ea124-d202-4756-aa0f-de5a635c56f8,1
3b24e803-59dd-4e9c-8d34-071d8edb217e,1
3b28c2a4-f2a8-4973-b5c6-1ea545928099,1
3b2f5060-ccd9-4d90-8424-36465f54385d,1
3b385118-e6db-478d-bd45-f8952b82f3aa,1
3b3ff9e3-686f-42ce-9432-2fd7f0fe46ad,1
3b46f336-63d9-42ac-b94e-42449aed9bae,1
3b539bc4-539b-4b47-9f95-049b038d740b,1
3b622fad-01c5-4a7a-a859-ca9988994de9,1
3b6ba1c1-1e7c-4e0e-8659-00e61e4d247e,1
3b7294fb-1d1c-43a9-a897-122d4fd6f7e3,1
3b797600-2584-4514-97f9-390588953fbb,1
3b827d6b-7f90-4875-b8f3-bc29ad215412,1
3b8d6a5e-dccf-46ec-be69-d6c708ebf84c,1
3b9279f2-d1ea-4a3c-bcc3-592fca2f5ce5,1
3b9ae229-6ee5-42cc-bc02-aff675fa3cf2,1
3ba1e77e-fcb1-4962-8388-5bfe2f554c7e,1
3ba98455-38d6-4001-82fe-495437583a57,1
3baf20bc-daa9-46dd-babe-7a2fa55df899,1
3bb5ad61-902f-4e7d-a269-d8a841be7062,1
3bbcdb0d-cb48-4fe6-b365-0dbfded3b651,1
3bc5a50d-fa43-4d6a-9b96-fed2b19915a5,1
3bcc17c8-e09e-4081-875b-67db1f88a42e,1
3bd00db6-8010-49ff-8373-4a9eb0695ab0,1
3bd4d743-c512-42d5-ab4c-1a1cf475ed48,1
3bdd8cad-081b-43a2-9738-bd57e58cfda7,1
3be485c8-cefd-4866-82df-17926f992da0,1
3bea1c0e-8bfc-445d-a064-7b32079bc280,1
3bf37f46-d806-4a7d-a07a-547caf8b6118,1
3bf98619-fbe7-4a02-822d-9431b7b52650,1
3c00e04d-a224-459f-a30d-1dcd6b1d2125,1
3c0b0f53-c4c2-4931-b853-f4d061974a40,1
3c124fca-9cab-40b1-a26d-98cdf3297085,1
3c1cee2c-cc78-4c9e-8ea1-d3481c60d875,1
3c27171c-0598-463d-8645-08570c0e3638,1
3c2d90bd-e1f1-4bfe-891e-37382e5b0122,1
3c35fc7b-a44a-4c9e-8c21-bc591f3fb7ad,1
3c3f7901-ab6e-492b-9e4b-fc620333a238,1
3c47dbbf-fa98-4848-8100-94896c2f9708,1
3c4e4d00-6d07-42ad-8505-5cbc6642a201,1
3c52d74f-0dcd-442d-a9ca-cb5493cac0de,1
3c56695e-671a-446f-8bc1-295312e32e87,1
3c606ede-2a4b-4fb5-a5e0-7485f4d9e6c6,1
3c68fc1e-7aa0-4d5d-b992-11080c2e29dd,1
3c76b2eb-538b-457f-b508-7e950bb496c5,1
3c7fd390-201a-4c1c-86df-16d01fdeba61,1
3c8982bb-ae45-4a1c-99d6-f8476b2d7a9c,1
3c911888-6e77-49d7-8556-0677d3e48363,1
3c973d37-7d12-4e85-ab76-3c162c65fb73,1
3c9f21a2-e4fd-4036-a5d1-62d35bf49f75,1
3ca46c29-41ff-42ca-8d3c-6bea7fb7e3e9,1
3cadc23b-4c83-44c4-83f6-8f5143ab5527,1
3cb594f4-d035-4d72-8e86-8d929b24b5f9,1
3cbda17b-bf9f-47a0-80e0-d3823977a692,1
3cc4c373-be8a-484c-9c11-eece74c06466,1
3ccbfc5f-ab65-4d3a-ad2e-301d88b705b1,1
3cd16aa9-0aaa-4e8d-a37d-dd8b033274de,1
3cd6635e-259f-4d93-8d19-43a2ebc9b6d3,1
3cda99c1-73dd-408a-9c4f-0e9abe8289ff,1
3ce3960b-d068-4d31-93c4-b799ad182838,1
3ceaeef4-f286-4393-9c82-fef66ac9d85f,1
3cf6cca9-7784-4015-b7c7-eaec10951747,1
3cfdb32c-154a-4c9e-88c3-70f835eca3cb,1
3d0317cd-15d3-457e-bd31-771a26b9f26f,1
3d0b6104-6b53-4901-8a1e-79daa6886085,1
3d112529-ad43-482d-b6ef-c7405b51ee16,1
3d17b708-ceba-4a39-9006-7b7cee796d77,1
3d218081-ea9e-4ecf-9ee5-d640c9635c0a,1
3d2d3ad1-0720-4f92-ac11-1bdb4ad8b580,1
3d337f0f-76d3-4b59-b6a1-7fb782eb5d84,1
3d3d93da-123b-4858-8d4e-2de908a122af,1
3d450d08-ab42-4b6c-a353-6ae24c1bb007,1
3d4ba932-1101-4f36-b2df-a3d5c3f7dd32,1
3d4ff0ef-f723-445a-9836-eff39cec2c24,1
3d5661bc-e11c-43f0-bda6-6b3fb0ce7089,1
3d5e9c63-26a0-47d2-8040-dd60eddd89fe,1
3d646802-452d-43c9-b7de-8e520b203e73,1
3d6a5293-3ce1-4eff-8ccc-1c1a5cc93563,1
3d734a1b-06fc-4baa-afc9-0eb1f32866ac,1
3d7c775f-19c5-4fe1-bf8b-bd2efd655399,1
3d844b94-637f-425c-8a7b-247abc2c9acc,1
3d8c840d-d8da-4f79-b458-a09adf1ee0af,1
3d94e1b8-1818-497a-bbfd-e0079b0684d3,1
3d9c918f-999f-4d79-a3dd-98eb12104bc0,1
3da47791-d348-4a42-8ab4-c14b65f01fe4,1
3da9c38e-5c01-47b4-b6b0-17f0e298289d,1
3db4a8c7-832c-4174-8622-0c76d8bb5dd4,1
3dba7b37-9e22-4052-8718-a089477ca2ff,1
3dc48467-7b1f-434c-a640-a418d02814f7,1
3dcaea69-e50c-4327-b5d2-638b88050e63,1
3dd2a53a-76da-405f-bfbf-548081088246,1
3dd83471-271d-4f2d-a2fb-ca00435fb5e5,1
3de0a419-fb91-4106-96ab-608720a096cf,1
3debde6e-88c8-4da0-92c7-8a3336782448,1
3df5b3d5-407f-46d0-8639-acec7a35f2a0,1
3dfd48a9-19a5-4f3f-84a2-cdfc3c92a430,1
3e03a154-b2d8-4a70-8ca4-a3db0b552612,1
3e07ef82-a06c-487a-8b3f-5822b20ede1f,1
3e11a639-3e2d-4dcb-8708-cb1fcabc9221,1
3e19db0c-8626-4fb5-9542-48c9b948cdc6,1
3e1e7b4f-3738-439a-ae52-aecf019921b5,1
3e2553ce-7d64-40a7-86ba-436cacb8d48b,1
3e2c979a-21c7-4405-8b9b-4cd5811d98fb,1
3e36f5cc-acac-4c51-ae8e-b810c4dcfc24,1
3e3fc27e-d0c1-41f1-b16a-d312f21f087b,1
3e4de386-73de-4ec6-a6dc-593cb3ac395a,1
3e52d168-3d08-405e-a84c-b2faf9954297,1
3e583625-b89d-41cf-9bdc-26d548814e6e,1
3e5f7eaa-5f3e-4890-8bee-c5f549d25a3c,1
3e663372-6b72-4bc9-b976-059e74e0d116,1
3e6ce01b-36ee-440c-99a0-6fe8218b801d,1
3e755d0e-a461-4043-8a07-2d405aee4b8e,1
3e822a45-c173-42bf-ad60-dd0ce0b265fb,1
3e8c9355-af94-4ad6-9a76-e81108ae6098,1
3e8f2a83-2193-406b-9e58-ba518b9fe3df,1
3e96369e-8308-45c2-a813-b61b52b6dda9,1
3e9ad471-6c2b-4a62-8932-136660714a4f,1
3ea15892-8067-42af-8754-f4d2dfb52f9b,1
3ea6ef26-2f1a-48d4-b325-85b463c00661,1
3eb5d31f-80b4-4055-b604-0a1bf62943e3,1
3ebb169b-5d24-4df1-a239-66b2d23ba004,1
3ec0fbb0-557c-4811-a80d-e04711def445,1
3ecce482-ea82-483a-a553-30b60fe2f25f,1
3ed1aa92-e3bd-4aed-8a10-c41e088b93bc,1
3ed67dcb-b018-461c-8ca6-f4bfc0f9d691,1
3edb2264-8952-4c8c-ae03-92e2836ac3f9,1
3ee2b919-40f8-4eb8-9045-9a29a40171d7,1
3ee8419c-94c6-400d-b5db-872ab5136feb,1
3eeffd36-d0a3-497f-85ef-f4d4adaf5000,1
3ef533b3-0ac0-46bb-a630-f708e81b9e41,1
3ef9ed9e-8fa9-4fab-bf46-3a86cc19e0b0,1
3effb0ef-f059-4c3c-8cfb-21dde45802ff,1
3f06060e-3132-4d9b-b028-dc59c51a9f87,1
3f0b8d97-8dc3-47fe-8762-91a127b6244e,1
3f11908b-9213-456c-89a6-840ae62b93e8,1
3f175a87-9c61-4648-94ab-0af90766b3c4,1
3f2115dd-918a-4659-8f48-06c3fc258417,1
3f27c9a3-695e-41a5-9390-68cb7929b2fb,1
3f2fa3de-9a7c-45e0-a2b7-bd5e3c29ab10,1
3f3c011c-0a63-4552-b14c-c64139653f5c,1
3f48f114-1c95-450d-91c6-d4cc6cfd2109,1
3f523ef5-955a-49db-962e-7d2c28372713,1
3f56ae91-4dd2-4aec-ba3e-4e2d63ae64f3,1
3f5e36ad-f35f-4b15-94e6-9643d1e55724,1
3f6836f8-2952-4b70-a3f7-cc875c4ec3eb,1
3f6d7cd0-ebbf-4135-a5c8-94424eab82ac,1
3f72fdbc-2442-4ca2-8b04-60dc60eae001,1
3f77bb6c-8a15-45ae-8d7e-94206ef9b4db,1
3f7e96a2-e6b8-448b-af18-545e59d8f228,1
3f85a2f1-a92b-4582-a187-99c565fc28f0,1
3f8acd76-249f-4d72-b473-40ec9dc88c5e,1
3f922874-205a-425c-b58e-41669050e0aa,1
3f973f05-930c-44c1-99e3-f8fe699c4d25,1
3fa51aff-80e2-4c13-8b4c-c58f48d8fdd9,1
3fa9e4fc-f454-42f1-9027-1b5a431b82da,1
3fb592f1-f22c-46cb-9c81-ae18e83e85f6,1
3fbb316b-066d-401a-97a1-dde50f5cdb1d,1
3fc54cd4-972d-4c15-9931-5796287445b1,1
3fcda8e5-428f-4e1b-a2e2-8abf2f632b24,1
3fd43e1f-8bdd-4fa7-adce-3b777d07dc30,1
3fdecd66-3bc0-4461-976e-0b7741c94c2a,1
3fe2a82b-3997-4c6f-9bda-6679db7eb2cf,1
3fe914a0-4ef4-49ad-823b-050fe46455e2,1
3ff0e38b-36ab-4036-9e54-2f59ec5039d4,1
3ff945b6-9af7-4acf-8315-54079f2d160c,1
3ffdb964-a515-4c29-b933-c39d3792e43c,1
40081f46-7f1b-4ca3-9a4a-8cfea0f47963,1
400eac7a-992e-4217-926f-c1d37881c5aa,1
40144d3c-f8da-4008-a450-68e9dae3aba6,1
401a4079-5bf3-4084-8230-73096051d5bd,1
401ee1ea-c5cb-4cb0-9a39-29049ca3c332,1
402520bd-be62-4c2c-a33b-5ffdc8caa955,1
402e8340-5189-45fe-9b74-fd1bd202a321,1
40391f0f-4a47-4777-8348-362f0662ec29,1
403d1d8c-c5fe-4f6b-9bcd-7640b5d8474e,1
40438d04-2f62-4698-b4eb-e020439c08ce,1
404eb2bd-ba64-4e68-a67f-a2fd6a74a941,1
4055f680-0454-4d66-b36a-e4bed763705f,1
405ac2eb-465f-4e93-9900-31fdb48145e1,1
405f2a56-b332-4cf9-976f-e2e040727a2e,1
406a53b4-972e-4b4d-8770-df9dc7e6b8ce,1
4074eead-8e3c-4ab3-a455-7d621c943db6,1
407b7d1e-ff9c-4819-acb1-bb4e0954142b,1
4083dad7-beb7-4282-8114-7345517e90e8,1
408b3614-86df-4010-8e5d-35cc8b888b51,1
4093879c-0ce0-43f3-b5c7-82c478982ff3,1
4098d7e3-423d-4855-96d2-54ed55a9f21e,1
409caecb-a2bf-47dc-90bb-727f6a5c7282,1
40a5c11e-6531-43f5-b253-94c44a5f92e7,1
40b0d0f8-3ceb-4124-9b6d-b8c3d555a6fe,1
40ba5fe6-a28f-4dfb-ad3e-90f8c11ff45a,1
40c5633b-c930-486b-93a4-f6354b0ceb5a,1
40ce4796-dac9-49e1-a1e2-dafe3a1b52da,1
40d6a1b0-ee2a-4576-8ea3-d3bf3e41562e,1
40de23ed-a8cc-4c5e-aef7-7d3b17fa36bd,1
40e52539-2b78-408d-82c0-408c5535906c,1
40eb6dcd-78d4-44ca-b103-490739163ca9,1
40f60302-7989-4bdb-ba3c-c1d65a2accbc,1
4100498b-8464-473c-82e3-273531fac47b,1
4109b867-1812-4e38-8957-14a439dccb29,1
41157827-908b-47d5-850f-9679297b2cc1,1
41203db4-714c-4b29-ae9e-173c3e695643,1
4129e751-e946-4e49-8298-94fc00bb0471,1
41330299-becf-4d54-a2e7-481b592dac75,1
413c0c3e-5e96-4312-ae8f-6819348c3ad8,1
413f1211-fb4e-4882-bf73-08925f5d00fc,1
41481920-c483-4dcf-b8d1-563d5419a4c5,1
414f0628-100c-4e41-adc0-ea0fc667352a,1
415724b9-5ec1-4992-8538-1afa4101609d,1
415a6306-00de-4ed9-87d5-ada94bda1819,1
4160795e-8545-462c-9231-e696863b36a8,1
416921d6-9550-460f-9588-d2f3cd364f31,1
416cd006-36aa-46a0-92d4-8c9836803d57,1
41743b03-d6d8-4561-910d-11637a23e150,1
4179f82e-93aa-4b33-a3da-f5879edc7780,1
41803a42-ac3b-4d78-9455-a61f520a7f51,1
418a8252-6a64-4871-bde5-3cf86c41a478,1
41906514-9bb9-4964-9cd1-993558093609,1
41985d90-25a6-4d42-8019-e8e9a70f1b06,1
41a20446-f796-427c-9f10-548fdb1de002,1
41a8250b-e495-4080-9e36-8a31017ea463,1
41b0c1e2-18c0-497d-9677-019825dc3e1d,1
41ba433a-55cc-4a82-a4f7-53a2323cc148,1
41c452be-09ab-4474-bb35-a6dc8d0f4b55,1
41ce8787-099f-47d3-8dac-fe8060446898,1
41d7d8a5-2067-4128-a77e-26ce0229062d,1
41de54dd-3e10-4a88-9f4d-1e401d39c706,1
41e53dd4-0ecb-447f-bf12-2dbee845ac62,1
41ebb329-c204-42e9-9802-86b2645e5d11,1
41f1cc5f-cbb0-4a3e-a997-70b793b5e67c,1
41fb38fd-21a2-408e-8a1a-e11228c58871,1
4207c3b9-fdfd-4f1e-80ed-6af36872a233,1
42136b36-5fd8-4192-9343-7fc6cbd8ea6b,1
4219bcb2-54ed-461d-9c5e-042e1c670b20,1
421fa3ba-1ca0-4077-962c-e7c37904ff35,1
4226f77d-e68b-4988-abb4-ed2e32112ce5,1
422b080a-5568-40c9-9d7d-97425cb0b02b,1
422fc493-da23-486a-a523-a48bb779f18e,1
42358fc3-8950-4bd9-b1dc-341ec897b78a,1
423c4ec1-6fea-48c5-9235-063f530b4fef,1
4240920f-5d8b-4da6-873d-9b7b5aef5673,1
42472416-61f8-4837-9fea-e47491ae4550,1
424f126e-c139-4ac6-ad36-93884266070a,1
4257712c-e529-4e9a-a511-3177769ca3fb,1
425e9560-c07c-4547-90e3-5132bc6b1352,1
42643815-0d94-4270-9b84-d87158fe8ffd,1
426b1347-99dd-466f-820b-82dacc9e82cf,1
4272e9b2-3a0c-4a6b-960c-d7be87c2c110,1
42798149-76bc-4da0-9356-9015b4bf5aa3,1
427d2ee5-4fc1-4e8c-8ea1-df1e2745b928,1
42840d42-964b-4d08-bf8a-78509b6eeb84,1
42887db3-4b17-4c4f-bffc-9f95676dde53,1
4290d486-7f3d-4b53-b451-b13178ecfb4b,1
4296819c-b40e-4516-9220-7ce975161a7f,1
429b56ad-117f-4440-8ba4-20854f291a7b,1
42a1b047-cf19-4ce3-94f4-33de1fcbb9b7,1
42ac1c6f-eabb-4931-92ec-dce3cd6d3ee1,1
42b2a079-5d26-44b1-9b31-2b5e6e88ec6f,1
42b8c59f-6015-4910-a845-498f2ccf2c26,1
42c29d0b-caa9-4f64-8404-54a53808a0a2,1
42c93621-b499-492f-bed9-a16035d2ec03,1
42d088d1-b69d-490c-afa7-65a9a126efc6,1
42d8aed6-ccf2-4f26-9e97-df251843dd65,1
42dc54b2-68c0-48ee-807b-4d5406a755a6,1
42e2a61c-23a6-4882-9427-6e71e843ea94,1
42e7d9c7-3fc5-47f0-a7f6-c2ddf8325110,1
42ef0873-41df-422a-bb72-669c27629daf,1
42f6abfe-785e-4c43-ba63-9cb7249d8ae6,1
4300ad81-e890-4ab3-8209-b390edaf8527,1
4308bca9-a37c-4861-9954-6f6eb4d9c504,1
43146740-6e49-45ba-ba42-04cc6d9281f9,1
431b1a7c-290e-4721-b9cf-3a58939745de,1
4324bf76-c28c-4153-8534-2ceee86ec588,1
432d1f0d-c25c-4502-a9e2-1942a1b6a1e8,1
43379156-de89-49c2-ad67-d2e051a81287,1
43459441-f8a8-4687-accf-0032db3a5eda,1
434ed1f6-b58a-47cb-8f89-17c3cda10e95,1
435848c1-d8cc-4ee1-b050-9c80fd16aca0,1
43601509-40cd-4db7-9798-8111e4dc7011,1
436663d2-6081-4936-b744-1c07b2c76979,1
436f08eb-1da5-4c61-9d06-13aa7eafa719,1
437469ac-ab19-4e16-9a1f-0eabd863556d,1
437aec98-6dfb-43fe-97f2-eafe67c1c641,1
4381e23b-66e8-43ca-aeb7-a8411cd7af9c,1
4387dfe9-8cc5-47ec-be23-4fafc3ad6364,1
438b3776-c817-4239-962e-cc6887ab2cfb,1
4391d7ee-10af-406c-a4d0-f9d83ccd7589,1
439a20c6-6747-413c-bac2-8e9be7313126,1
43a1ef7e-87ca-4c27-988b-37d9d5a98633,1
43a8eb33-dd6a-498f-b7d1-8e89f12996b9,1
43b2b81a-62c9-49fc-a2fc-1ff53bc84d8d,1
43bc5fc7-3f6e-4909-a9a4-c152c22b1580,1
43c667a9-6436-4088-ab4e-3d2f0903b4c8,1
43d13fab-599f-4833-ad04-8820e9eb9ed9,1
43daf84c-3954-465d-b293-73906d49aa68,1
43e05175-f180-49e2-84ba-1839690c59e0,1
43ec63e0-4d24-4983-b52a-19af38a46189,1
43f2211a-830c-4a28-a10a-a4c80c130bfc,1
43f5a2db-88f2-4877-bb1f-383fd02cb9f1,1
43fd5fbc-4213-4a84-a0eb-fa8f0ceb7852,1
44089591-c90b-4403-923c-43d783e23eba,1
440f5f6e-6b38-450f-85f0-418ddec17d36,1
4413d190-16eb-4981-9229-2949114de93a,1
441b1acf-6f27-4edf-bed5-e3caa8c46aae,1
4426c331-42fe-48b9-b2a6-847e394f984f,1
44310bd1-7616-4760-bd3c-2900d8de88b2,1
443a9753-4750-4580-9202-06f70082c484,1
444504bb-6bd9-4f0a-955f-aed1e86bab26,1
444ba847-d39b-4c68-a99d-38531c6cca3b,1
44523ec3-f16e-437e-ab53-7ea30f376757,1
44558e32-2d10-4a92-9de0-3a2dd7ea2734,1
445c706d-6cb0-48b6-bb3e-e76126c079fc,1
44621f57-c06b-432e-b9de-d2b53bb05506,1
44675dd4-d736-4f58-bbe1-3d25941e7bc8,1
446d3eca-d3a5-4bcc-b087-e53d27b6eaae,1
44777e58-2b51-4b85-9a66-a37bf222512f,1
447d2aac-1ea7-4a64-8dcc-b6058b0acc62,1
4486fcf2-f081-4f9d-a104-d7343fc8ae3d,1
4491587d-ec54-4947-9789-e73cdbc0d0bd,1
449b1646-0332-4857-ba5a-d35f266fcfd0,1
44a2bbfc-02e5-4c78-85b5-cfd37bca7974,1
44a9f0f4-99b1-4514-8d24-d96b53421c23,1
44b45dae-d82c-40d7-a877-2428fcfe8af1,1
44b909ff-64a5-4408-9d77-f3277162b091,1
44c4336d-845e-4fc0-a7ce-0b5933a3266c,1
44cac36a-4c23-4017-9aed-c391b21ff5a1,1
44d73f92-8933-42ef-99ef-2e0a1b2b70be,1
44dc0041-57a3-453e-8d9d-9c2e2dd1aa81,1
44e1e419-2bc6-4469-9504-222dc542e39d,1
44f06dff-04a8-4202-ba15-1a3f5862e2f1,1
44f717e7-8429-404a-bf7a-58333ad5c9e0,1
44feec92-1058-4984-90e0-81538b75e018,1
45043c6b-838b-4902-a99c-ceef0e7e1728,1
450b3e18-0c2a-4bbf-96b8-5ebca61069e7,1
45126db4-f645-456b-800a-7ca8ef9a3eaf,1
451d65a8-1f20-4ab7-a8a7-d0b8c5e0ded6,1
4525de93-1c24-401f-9fab-cad82dacd516,1
452dc711-a03f-45dc-a1ed-fed4edab9bb3,1
453554d3-6a9c-465e-9453-db38d8795d29,1
4539e770-60d6-41af-9b68-055d010a5045,1
4543c02b-6f47-4da1-a725-82ae29cda8c3,1
454a874a-b8ce-4eee-9d15-8e746452187c,1
45523be4-e4f3-4055-8fd5-023ce3d4ca5a,1
455b2a9e-65bf-4230-800b-319629a35198,1
4563ea56-9bd2-4b0b-9d8b-80154afc35c5,1
456858f5-19e1-4dad-bec7-b20d432a7020,1
457444ca-d262-434e-b210-3ba899240cb3,1
457a9cd0-e215-43a6-917c-f0fabd350a13,1
458230c5-b06a-4a85-ae9d-79fda87d8a1f,1
4587ed48-129f-400f-90e3-66b7f7c12cc3,1
4592f1ad-74ce-42df-a7f9-e1d58d689293,1
459971e6-02a3-4cf7-a3aa-6dd75f5067d0,1
459e0b55-6b80-45e2-be8a-3c003f22aa8a,1
45a8e337-5d1e-4659-929c-62bde69b1362,1
45aefd4c-f984-426f-9aa0-3013fdaefea6,1
45b63649-899c-4ce5-a29c-33e8ce176dcf,1
45bd601e-e042-466d-9e28-5f8a0c5e6c91,1
45c486f0-22c5-4f5c-93b2-5da65427baa5,1
45cb631f-ea17-4fe5-bdad-d9795328f509,1
45d56c2c-4b30-4981-b292-975b716813a9,1
45dd89f9-c51c-4e22-a92d-92f38464e178,1
45e47292-f73c-4461-b0f7-ee6deb51d497,1
45ebf7bb-0057-43ef-8c50-b42a0300af1f,1
45f74a06-4bfe-466f-9b4e-75b565cbc5b0,1
45ffa944-62db-4d11-8b7f-f979a566990e,1
4606c53d-f36d-44de-a108-af15d9223a3c,1
4615600b-45ee-4b10-b959-8d14518b7420,1
461cb0bb-7919-4b39-87d3-48c1988477ce,1
46252581-709a-458e-b5ac-c66af9efc7fa,1
462b15ea-1e76-4539-a74e-e5085fbacaed,1
46319d52-f2b9-47cb-b11f-e0c92e1620ec,1
46378aa4-7a91-443a-9089-4a014f429ac0,1
463e2e82-7786-4050-a28f-64833bb69fd5,1
46433d87-4a57-46a6-847d-67a74e22773e,1
464a3fc2-9849-47f7-a187-abbeaad42db3,1
464ee57b-6c78-45d2-a7b5-b24e671ce4d0,1
4656088e-f5d9-4cc2-9289-045e2ebb8086,1
465eb457-5932-4610-bc9d-88bfaff22546,1
466510ee-5448-402e-8af7-911c1d48ac67,1
46714679-3267-4bec-bff6-cdb1f308a02a,1
4678ff32-f1bd-44cf-b00b-ead6ab67334e,1
46843934-ee90-4a2e-8faa-9e7046a1b11a,1
468ef728-8bbc-4999-ad3c-877f9a35e2fe,1
4699af39-fda7-4a79-83e5-5430c42fc7e5,1
46a0b513-1289-424c-bacb-177b7e6d159e,1
46a64090-0ef9-4272-82d5-da47cefb08eb,1
46adf73e-a077-4c33-9bd7-ed6c2122db29,1
46b382be-431c-4a29-b1fe-9e7cda0161c6,1
46b91620-ab89-42ab-9345-9521066cc064,1
46c0c7cd-d4a7-432a-98a9-09735ef16381,1
46c980d7-7cc0-4e18-8cbf-1fe30b23e705,1
46d1a8bf-eb3f-441b-91f4-123ffe38ae56,1
46d8c48f-8b58-4fe0-9a63-a447b4aa7d24,1
46ded405-3a9b-44f6-bc92-0b42c2e4e301,1
46e9aa17-76e2-4f60-b23c-4f3289d3a436,1
46f10d16-2d6b-4f03-8988-22ee06f4d719,1
46f7812c-6c7c-4b9f-8851-b3962b606774,1
46fe630b-3581-482f-a1a7-c5a8801f8112,1
4703b38b-09cd-41e1-9976-63abf83cae89,1
47080e21-9248-456a-bf10-05b722f17844,1
4712091b-8d34-4d72-9a33-1760a93c70fa,1
471be6c4-2b89-44c5-9a38-ab0039ee4e44,1
472558a4-0ce2-452a-94af-b61ce0814183,1
472e1f17-488a-4cce-8ed9-dbf1e0f22466,1
47325e31-059a-4e03-9013-e96f7c15b4b4,1
47390ce1-7d0e-4be8-80e9-8a83ebd36425,1
47436ff6-c80f-40b2-abcf-3390f1b1b2d4,1
474ea7a6-f7a6-4a94-810b-2ae98efd4e22,1
475430c4-5b91-4c84-a6a1-f4f00148dec8,1
475bb152-a11a-493b-b4f9-a55ba5d99121,1
47629096-f478-402e-a097-9b95167ba531,1
47679268-73dd-413a-946f-d40d77d13f7d,1
476ba44a-8d23-49db-911f-32e76ea1ce23,1
47727b4e-4b98-4cdc-af62-9b7e8373c395,1
47793dd3-e9b6-45a8-9785-5807ec22c296,1
478203b5-0ced-421e-99df-6676ff229cc6,1
4786f73b-f410-4606-90b7-6b178454d74f,1
478c515e-28d1-41cb-b5f8-93ba34fcf435,1
4790864a-8d91-490c-aa95-5fe2d3d6cee6,1
479736bb-6d84-4106-a171-d81d038d8014,1
479cb5ad-3c9a-4dab-a174-0500de7c3385,1
47a739d3-4bec-4381-89c7-3bb313aa067c,1
47af7382-85b3-4f59-bf90-a7233e7807f3,1
47b617e6-fe13-40fe-b6ee-31e07d67b901,1
47baf285-0458-4536-8d60-28cc1b146c33,1
47c18807-9eef-44bf-8b9d-9f8eb4b29362,1
47c86950-561d-4f06-bfb1-3534119c4159,1
47d1883b-b94c-46cf-953c-538c4b0348a1,1
47dc9932-cf34-45b2-b58f-84933272c6e6,1
47e2929d-3267-41fa-ba27-07996430ebb5,1
47e6f056-6d40-4219-9eae-a35688b21540,1
47ec430a-113a-45fa-8a3b-9a3bf44c8673,1
47fae597-a332-43b3-85d2-29f60db5ee44,1
48011630-9591-47ef-9fe7-c06041ba7edd,1
4809ff00-054e-4e2a-b712-859a0eb9fc31,1
481c3ee6-ea49-4288-97e0-815ba0ceb39f,1
4822aee2-b47d-474d-8ff5-617fef17188a,1
48261d6c-5044-4abc-901f-71542d1628b2,1
482e418d-1ccb-4055-9eb7-0be5737f2967,1
48347440-6a3c-4d13-a226-40affaebabce,1
483bf82f-f74a-44df-8fe2-9f8dcb24d08f,1
4842b9b1-64a8-4fc3-b8c6-3c3cf08b5a11,1
4846330f-192b-4693-a468-db1de7ab02b4,1
484ebb5b-03e0-4a55-853f-e99359ca115e,1
4858e485-d7af-495d-9a26-8ee1a88942e5,1
485f8c8a-942a-4930-9f53-650abbfdba86,1
48684c7b-cc80-492d-8fc9-c43062c34861,1
486d766a-08bb-4182-a61d-c6004cfa3389,1
487780c9-3c1b-4b0a-af73-21b41fc15578,1
487eadac-3171-48d2-8ed4-e3c8d76d6576,1
488817e1-d018-40e8-96f6-0b41908186d3,1
4890a7eb-7381-432c-a29a-864ff8721d31,1
489e6bc7-decf-46c5-a44e-caa45cc55fb5,1
48a7eb10-ab00-4e3c-9425-fcf9ba88383b,1
48b0feeb-28f9-46d4-b2cf-7f26a4e9d655,1
48b9604d-4643-4b3e-a2f9-413af0e87f7e,1
48be0c16-aa93-41a7-8e97-43c98c464e41,1
48c67c4f-cfbc-4247-92e0-30334ae1abc3,1
48d193bd-5ced-4782-8aa9-ef14cfac22e8,1
48d66f2a-41c7-41b9-8ff0-9e7ba3fc3175,1
48e0faa1-1fec-4b82-99f2-80ba7acd70a5,1
48e91b0e-267a-4dfd-a582-5b574bb1d7b0,1
48f3f52a-d6ea-4967-97cc-278bb04e8c14,1
48fe27e5-eb68-4af8-bd21-e9dde46cd3c3,1
4900eefb-aabe-4874-994c-53acf77eccc8,1
490c8122-2f52-47d7-b3aa-ba174d35b825,1
49171d37-daf3-4476-98ca-b8116ae921f7,1
491ecca4-7a13-4c63-98c7-7e4318d867cb,1
4928dd6e-7321-4a4c-92d1-788640e58e61,1
493035c1-713d-4108-b251-6a0752f3d41f,1
493dd269-d522-4a10-a79b-b59e4f48a24c,1
494551ad-7eb6-4780-aebb-54a307fa4490,1
494dc728-fe6e-46be-a063-f031e2a22b73,1
4959c2c6-186c-41dc-8b17-68a5e7433292,1
49610975-59b1-4393-91e6-48a7e5160553,1
4969d44d-1ee3-419b-81c5-4cae4f8d4cd9,1
49721119-7ef7-4969-a8d7-1aec980e9dbf,1
49750aff-bf91-442e-960b-c37b450a001c,1
497bb920-1e41-4889-a842-76db4c550271,1
49800992-232b-4acc-b1c5-23dca81c20b2,1
4988eb18-41cf-4c6b-b2db-41c7ba1ee4a5,1
498fc6cc-7721-47bd-9f95-2386a8818e06,1
499727e6-4b43-4524-8462-d885290a3926,1
499ec6e4-d13e-46ed-9086-126211596e2f,1
49a2f438-ca9d-4be8-804a-024ace10c30f,1
49a89815-1314-47e1-94c7-fefefde7f0d4,1
49b12803-a53d-4052-b4b6-d0fab316ff4b,1
49bb48c6-1970-4397-a907-7965fba47c0a,1
49c1808a-c55a-4844-bd9f-32dbc3da2761,1
49cc834b-e0a6-49a7-a679-d769a0a82c35,1
49d9f1b6-cb49-483f-a3e4-72251be4bde6,1
49e1161b-d871-475a-949a-e9c1d581d433,1
49e6e622-265a-4a6e-b262-4c4d3f04f1de,1
49f37bf1-b61e-4467-8df7-f10bbea81df0,1
49fc23ca-c86a-49fc-8a76-e94a06380f1b,1
4a023b2b-6762-4ef9-99e5-6d9d368c1d70,1
4a0b6991-07fc-4361-b281-3e3d0b2baa49,1
4a12532e-4cfb-430b-8938-0e2412b3d7bb,1
4a162db3-a6d1-477e-b47c-daf7723c9af9,1
4a2365bf-8d3b-4d23-8a4c-9ba8627e2384,1
4a2ede59-5c6e-430d-9073-ad60ed1a96c9,1
4a351022-1efb-4563-aa8e-49069517dd8f,1
4a3ecc85-8e44-47a2-8985-9b5421bfbe98,1
4a452a54-9666-48f4-b78a-a5923c03158e,1
4a4b5d34-ac2e-4460-97cb-5016c4c774f5,1
4a51b76e-d69e-4500-a8d3-f369dba2afad,1
4a5d07f7-82cc-4445-935f-46d2f074b853,1
4a64c2df-ce78-4737-8710-adb81dfaa7e8,1
4a6af10a-9b8c-4b5a-a33e-d3966ec555ed,1
4a724b08-ce85-46bf-b476-c93606048092,1
4a775ad9-9baf-404b-80fd-11895454d371,1
4a83f6da-2e0d-4982-8287-6046730dd7a3,1
4a880f33-5f16-4bcd-a6a7-e982043c4955,1
4a8dd623-b875-4b28-b073-f652bb26b565,1
4a919102-a3e3-41a9-a185-ad3e25220a29,1
4a97019e-7aec-44f3-a3ec-37ab13190528,1
4a9c50b3-4b45-4759-bd79-2d50e675576c,1
4aa20fbc-86bf-42f4-b715-1f292e344e20,1
4aa703f3-d969-4b80-9efb-9c592a819bcf,1
4ab13601-9ddf-45fc-bd36-fc6a91d455f6,1
4ab48b6e-74ca-497d-85ba-ea2618aa79d0,1
4ab9eba9-c99a-49ee-80ee-9b87824c8ef6,1
4ac4b496-4aa9-479c-9bf3-3789f41ec3f9,1
4ac9d4f4-02bc-4a09-951b-054d5dd7d97f,1
4acfc6c8-24ed-4f4c-983d-553936c9fb2a,1
4ad8f676-fe4e-4923-8b8b-43c8ef18bab1,1
4ae27e73-9ae5-4f2a-ac18-09f6e63c7717,1
4aef9486-0a38-4090-bc03-d0e65fad79b3,1
4af3d2e7-255e-4ac1-a493-0eca09e67d29,1
4afb278b-4897-43c2-8822-af83341631fe,1
4b005186-82db-4dae-819c-fac31196b008,1
4b0577e5-db7a-4380-9f19-e622bc35de92,1
4b092f82-9ffd-4fb8-a6a5-a45c02ee8a90,1
4b12c15e-4483-48ad-b5aa-667fada8e08d,1
4b18aa27-b679-4fa2-859a-255dd31e2deb,1
4b1f5b7b-9fa1-4085-b334-3a1fbf35fcaa,1
4b2560ec-7451-4975-b71a-5f9c175ce418,1
4b292d74-de69-4760-9497-5f1b192728c7,1
4b325a4d-153a-4160-b761-0f0084b90699,1
4b3dcb40-d42d-4cdd-95cb-f84ac94d62f9,1
4b46b9bc-b070-44b7-8aae-7dd968f01526,1
4b4e842c-30f6-4358-bb28-0b6efa811e90,1
4b5577d7-a7fb-49da-b900-120bd870cd8e,1
4b604eef-680d-4e48-838c-bfe983a66f15,1
4b68b202-9779-4401-b2dc-5910a320050b,1
4b72268a-04e8-4599-9f33-ac3079c7307e,1
4b778d2f-73c1-420f-8803-93953ec39a2a,1
4b7da423-dd59-4d2e-972b-e5dafb0637f3,1
4b85db50-4126-4f92-afe1-3471a116889d,1
4b8e09f4-78dd-47ad-8c10-d5ce1545bbd5,1
4b97c3f9-97ce-4a6e-b207-50f5d99ae885,1
4ba0cbf9-432e-4772-b46e-da7286c4ec5f,1
4ba95338-82c0-483d-9c8c-6e0750c518c4,1
4bae282b-dbfa-403e-8f38-70244f1e3daf,1
4bb2ee01-c8ad-4743-ac87-3f909329dff9,1
4bbd0881-b0a1-4292-9d5d-554cf7a32a2a,1
4bc0d971-6a8c-4f4e-9e37-f1f7046959bb,1
4bc87f14-7802-4b46-bec2-e301e0561b84,1
4bcc2444-3c21-42b5-b6b6-c6d6d3cb7084,1
4bd03760-3355-4ee2-9b32-3fd2a9e62f70,1
4bd84939-b91f-4b53-9c2c-c3e5755efba1,1
4be1e501-9183-442c-98ce-f49f1f8335c3,1
4bec4fb4-2f9b-448a-915f-a1e85bcc67a0,1
4bfce342-8e8f-48c1-9246-f93862eacbd5,1
4c0831b6-e608-43d1-9204-8b72307761bc,1
4c1114bc-4978-4589-b0e2-05918a274d68,1
4c188b41-bcd9-4606-9540-363d1cc53754,1
4c214726-c6db-4eac-a6de-2fd363177379,1
4c2809be-60ec-41ae-88cf-3aefe7e11cda,1
4c326916-2108-48b9-8489-c4e2d74c85bb,1
4c3b9298-b9b4-4486-8da9-1fce83d0c3e7,1
4c436072-e81f-445a-a874-fe1075654d14,1
4c48d4fa-18ee-4e76-9260-c8b48a0acba8,1
4c51dfa3-94cf-476a-88f8-dba85af01635,1
4c576d5e-0c2e-4bac-8ee4-41f1c7788a46,1
4c5ed693-b8e1-4a85-b018-9a2786cfa1e3,1
4c650592-4d45-40a7-9ec8-c94c9ce34cb7,1
4c6ada4e-ffc6-4159-940e-7f4578186da3,1
4c74beb5-8574-43bd-b989-9ea8bf1977a3,1
4c7bfdab-afbc-47ca-aa09-6bf91408c5dc,1
4c83d782-9d43-4518-8b61-8743c9c2e9e7,1
4c8a6a08-ef45-4523-a4f5-9bcebab6da95,1
4c9575bb-80e4-4ce0-a916-a46bdcddf3d0,1
4c9cacba-f17e-43ad-89c7-4a3058ed512f,1
4ca46588-85b7-4fd6-aec9-b08058cb1b85,1
4cabeb19-403f-4cdd-a6f6-d133ba718826,1
4cb150da-8b0c-4edd-ab4b-261a9d9935e2,1
4cb7ce90-5c4a-464d-91a0-9180c8b8ef51,1
4cc04d1a-2493-4cd7-aee3-9c9ad7f17a54,1
4cc9110a-831c-446e-a604-163a06e76d7d,1
4cceeb39-2fd3-4f98-829d-3a70b41ae70c,1
4cd2c5e0-76c9-4d81-aa17-0cdad449c536,1
4cdbd575-e55b-4eff-8442-25b2a626655e,1
4ce36aa5-b922-4862-863e-57345919bf16,1
4ce96841-9acd-4889-bd74-58256989721d,1
4cf33b63-e97c-49c9-8c76-42b39c69119a,1
4cfa0ec6-9b61-4962-97fb-dc08c6b454a2,1
4d0196c4-6916-4c56-9573-ac7d826023c9,1
4d0c18a0-7b80-4f80-877b-6a4c6fd2418c,1
4d14de22-2b7b-4fa5-9e3d-f5997ec423db,1
4d19f733-d41e-49d6-9ead-a98ca141b851,1
4d21a77a-afe3-4aca-9e94-926fcb8c7960,1
4d2f355e-c5c5-4165-9a24-932d70ac647c,1
4d3222a1-98d9-4d73-92e9-e6c45e1e4936,1
4d40fb30-e9b8-44e2-aa96-187433fd92e5,1
4d50ffc9-987a-43df-8e58-32cc0405cb91,1
4d5868d3-6652-450d-a560-8e8d05eb871b,1
4d61208b-411d-4c66-a477-e71517828fa1,1
4d64892f-f88c-4481-85d2-b26cb3aa25ea,1
4d6e8a18-19c5-4dc3-8206-ed000e775458,1
4d76feeb-1ea3-4673-8e3d-88db32e374bc,1
4d7c7abf-412d-429d-b170-d7a0293ce41d,1
4d81da12-ff5d-4a9f-9531-332fd4ac8ccc,1
4d8825c7-56c9-437f-afe9-f54a4bc6076e,1
4d954829-bdec-4f2f-940a-5ceb1546560c,1
4d9ed35b-a65a-4492-a5f6-54f8d43c55a8,1
4dab311e-c6f6-490d-8434-bed9dbcbd719,1
4db0ed63-448e-4ee4-8f76-b01e00f15fa4,1
4dba4c21-7608-40e3-af2e-f43187e73f9b,1
4dc002a5-4adb-4395-a228-98135466a9b2,1
4dc93f5c-e936-4482-a94d-0cd90b1e8f7d,1
4dcb7753-75fb-48a6-8288-85b46ee720da,1
4dd1be65-3c6a-4322-b6d8-61cdb7a47781,1
4dd5b2fc-2a3f-43d5-9307-5c0fa5fb07e7,1
4ddfb76e-28f3-476f-8848-81c7467a2aef,1
4de61172-9c3a-4a2e-bb9e-ee0b2af2615a,1
4dec3b9a-1a4f-40c4-be52-9c3010fe5cba,1
4df12d20-51cb-425c-acb2-aa78c709374d,1
4df8a1eb-e942-4b23-9e13-716331ffe494,1
4e02b7f3-7241-435c-9b28-aee7b57ef185,1
4e0a4ccc-8b9a-4d81-b4ce-0d0b969ea6e4,1
4e120734-0f9e-492f-9462-0007a13cec61,1
4e1c22f3-05b5-44a5-806a-e8fb6fa1f9bd,1
4e27756a-cb48-4aec-9914-0ac031c078c1,1
4e2f0933-9c9b-4960-ab9d-79354275022a,1
4e3dd017-ec68-4e55-8b16-c26e3faaa799,1
4e440110-56f5-4c49-af81-c9f2ae07ec83,1
4e4eb0c3-da66-46d7-a704-093563a1722c,1
4e54114b-8546-4362-9eff-e5250b8f9bbe,1
4e5936bf-c822-4693-8a98-900ee4e51b59,1
4e5d4888-c2b2-4d00-9dda-acd310ed5995,1
4e657b0d-bb8c-47a4-9daa-3a646acb09a1,1
4e6d56c6-0205-4620-9cdc-092a4b87a308,1
4e73d1f2-4c6e-414b-97f0-5e43b583b59d,1
4e7c5f3f-0f8f-48d7-bc9f-cfbc20628dd6,1
4e80f911-976a-418c-8975-c852ac595b0b,1
4e85aef9-a1d3-4744-ae94-2b68f4c4df8f,1
4e8f0b1f-4c0a-4260-86a1-2a19d90532f4,1
4e9bbada-5944-4517-9da8-b367cdb8fdb8,1
4ea1ff9f-0159-425c-a865-94e80d863918,1
4eaaae3a-61b8-4305-8161-8856a5dbf94e,1
4eb218e0-069c-4c4b-a57c-92bf9d137e4b,1
4eb91727-faca-45d9-9662-4f300fed0327,1
4ec2baa1-5c51-44b3-b543-a9018de5a6fe,1
4ec922a9-01c2-47c6-8cda-5a732d0a1869,1
4ecfb68e-1ef4-4678-812f-9158ea28644c,1
4ed82d6b-83ab-45e0-abc8-d7dc70076f9d,1
4ede5a49-3fd6-4893-941f-47e515edc11b,1
4ee63bce-4de1-42e7-a7e6-722185e67aa4,1
4eedae10-e727-409b-a823-f04230723dd4,1
4ef45662-3e2e-431d-ba46-cc5d62e71c12,1
4efa19dd-52e1-4471-9b90-b47e94b466e5,1
4f02d4c4-cade-4ba3-86b9-ebd108080a27,1
4f091aeb-d2fc-46e5-b4fd-37ee7feccdef,1
4f111eb8-664b-4ec5-9421-24f426df0103,1
4f184b80-25f6-4cdf-a513-7318f7417819,1
4f2001a5-736f-449c-9888-ce54d2d7b46a,1
4f2c3ac9-2db1-4f15-9dad-e55f69bc6a6b,1
4f320c82-6f5b-4177-ab13-7632ff014029,1
4f3ae497-f91d-4375-955a-2dd249b68338,1
4f4130fb-3277-47a3-ba56-5f54e728876d,1
4f4a306e-6142-4930-82d1-a80bac4ea463,1
4f5000ee-0a6f-4260-bd2e-3e447034b4bb,1
4f53cee2-93c1-444e-8e96-d82c57a8fad7,1
4f593e05-e85b-4387-9042-62f540430fcb,1
4f5c1514-89a6-4bbb-94e3-4fe07575093f,1
4f65e6ea-1563-4b32-a318-d50e8a87bb3d,1
4f6b3bbe-84e7-49ba-96a0-afcb5c67d321,1
4f725d91-29b4-44b0-8b3e-a10bba1c5aa4,1
4f7ee943-1501-4f3a-a17f-d74d13cc7016,1
4f847e53-97f2-4976-8058-08fbb2c49be9,1
4f8aa0e0-5c9c-40af-ae9c-6e35b98f7dd8,1
4f92822b-4d80-410e-aafe-82bc6670ca6d,1
4f9c72e9-ce0d-40a5-92c1-084c618d66e9,1
4fa207cf-d962-47c2-93ee-816870a43fb4,1
4fa96364-86aa-4e8f-b45c-5fec87da7edb,1
4fb3c483-80e0-4f2e-a304-333205700d88,1
4fba2011-60eb-4fa8-a19b-04d0daf36c6c,1
4fc45b75-454a-48f7-9ab7-3b21e8fad103,1
4fcad0b6-c795-4af9-ac17-a07ed69e56ed,1
4fcfe70a-6966-48ba-a25d-d0385ae3fa9f,1
4fd77364-f6c6-4684-baaf-179079a3af6e,1
4fde693f-09e5-4885-9da5-297d51ac3be5,1
4fe3c081-6967-443f-93af-103c5cfe58a5,1
4fed3cfb-9493-495d-aa0c-5df2003d5451,1
4ff47ad5-47a5-420d-8cca-b1f28cb4e0a2,1
4ff962a3-b04e-40dd-aa93-1a4acf7c2073,1
4ffde9ce-e492-40b2-acee-150592ac3330,1
50016b8d-0ef6-4c00-9e1d-a681ebf8917d,1
500b38f3-1432-425d-bea0-ca448de5e800,1
501153ef-673f-4d12-beb2-18367027720f,1
50175314-5278-4355-bfac-d668e7e19b08,1
501dfae4-fa2f-4745-9fc3-9c84220fd652,1
50231b57-00fd-4c2b-bfb8-e7b26bc3be09,1
50292047-31db-43a9-b92e-5df7d9e75edc,1
50306ef5-1feb-42c5-a453-ee338f945f64,1
5036edef-0631-497e-93c6-ca3b25ad185b,1
503dbfc3-ddf0-42e2-a612-b49db63d5e6f,1
5044f22b-6b15-46f2-86ee-ab8e65e1c3b7,1
504c6417-f408-40b3-8213-398719771e29,1
50519722-9bf8-42bd-a6c7-ce881282d033,1
505684e7-22b2-4206-981a-e9f6ee037d98,1
506289a5-d8f2-40d6-8caa-c0d36bc307b1,1
50690304-ff48-4130-bfa7-25ec4c802977,1
506f9a53-0b16-4dfe-b3f5-232d8647a01c,1
5074dcc7-96d8-433b-98ca-cebc0553280b,1
507e9d6d-67b1-4b88-b9ee-a698e84c871b,1
50874bda-784b-4677-a8e4-1a8842fe19ee,1
508c12c4-332b-4c9b-97fb-e2d48695bce9,1
50941b77-23b3-4f4f-8937-e338657791aa,1
50992c46-d96c-4d9f-8b35-5cfdfe19f43e,1
50a08cf1-cc9c-4bbd-bb52-5f14f01f8060,1
50a2fe8b-68c4-4c4d-bcbc-a2d5132427b3,1
50aa68e3-2684-4245-bd2e-bc312b062ec4,1
50b31a15-c48f-4c25-b4cd-12440a0e50bc,1
50bebf9d-083e-455f-a4ec-8a822b307238,1
50c545c8-aa02-4097-a034-b4c02756da6b,1
50ccee0f-2117-4c37-b394-d123ec201a4f,1
50dc418c-8414-4c62-9dd2-d8f6362eae59,1
50e7d251-ddbb-4c10-b120-3fd45095d174,1
50ec8a84-9c19-49ae-bf1a-f40cb2d7ba86,1
50f7855e-302d-4b49-b5dd-8bd0694e5765,1
50ffe454-8f2f-4257-adac-d313e7dcbbc3,1
5104a336-3e3a-43cb-93dc-465ac2608ed2,1
510e4e85-fad8-46b4-a1e3-58b57fe4ed25,1
5118cb0e-6e50-4641-b724-8d52f4398557,1
511e7835-c0d3-4ad9-8b7d-338937f4faec,1
51270492-2939-4fb0-a4ba-d9e62ddae61f,1
512e6bc5-6e23-4f94-9a4c-4f406c871d6d,1
513b5531-b59a-4d53-8499-64177ed2dd1a,1
513f61c2-dace-49b8-a2ab-8de4850cb30d,1
51513d39-fea7-4875-91a5-f409de1508c0,1
5156c232-9a71-4d1e-b650-3acd432fcf84,1
51622ffb-3286-46cc-91a3-e2c83f75ce51,1
51674010-e954-4fa6-9fea-af143d477095,1
516e5db0-326c-46ef-88fb-5be4774ca111,1
5173e7b1-4a94-4e5e-bba3-a9ff1f735081,1
517cfbf3-ac3e-4f54-bfc0-2a07b1a5278d,1
517f6e4b-8a88-4fd1-964f-73e07d12576e,1
5187fb84-cc65-48eb-8370-0ad81ed24ba4,1
518cd6aa-f825-4233-8f95-ad73b4e50c3c,1
4fd514d5-dbd6-42da-8f21-afe3bdaada4a,0
058318fe-f3e7-4cc6-97a7-b0c0e9a2f864,0
0089feb5-fec5-4c4c-8a1b-8607fdbf598a,0
4976315f-d29c-44ff-8bf1-a00e16d39c06,0
4001ab9b-af01-4134-a935-a0cf4ad2c5ad,0
400235d8-bd75-4b6e-912f-8bb1ab8ee7ae,0
2c09ac59-f9a8-4203-a9b8-8d6bddf5174c,0
2c0ced15-6e85-42f1-9707-f18933e98df9,0
2c12115d-c650-4a88-b8cb-e7974863a224,0
2c1588e5-c6c4-4a72-8fb4-c2fb02a031fa,0
2c1a36e7-d746-4bb0-b53f-b80e369093f0,0
400d9438-cef6-4b55-959d-d65985ddf536,0
400e8a55-223d-4faf-b903-d318e4b58c21,0
2c270498-6fda-4cdb-a3cb-25bb90513758,0
400fecc2-804f-434d-aaa6-9b983fd55ce4,0
497c576b-d7ca-496d-b3c8-c9b27193ffd1,0
4012e621-7bd8-4585-85f0-ccc79d07d647,0
497ce05a-3eef-401a-92db-d7b54c0cff6e,0
01297f21-8a45-4c35-b44c-4c1e06d01996,0
2c3f7c54-0a52-45df-8aa4-e75f8d51b462,0
4017ff3a-6ff0-4dab-bc79-0fae5e729a73,0
057bdd1b-7298-4e75-ab20-d0755403d7ea,0
2c49fa51-a99c-4232-8ab2-6f9ef5f68f79,0
2c4c110a-f164-4789-a888-ed2084bd9e50,0
2c509831-98d9-466e-8070-f1d530c8f073,0
2c5426ba-a0fe-40cf-b91d-74302b69c51e,0
2c57aa2b-4a79-4a89-9173-b5e5bd4d3942,0
40207f6b-757f-431b-8f9a-027bf2ca5263,0
49836346-5418-4a8b-bebf-e744ac3a90ca,0
2c6337c5-0120-4568-9ce3-1788a0472a3c,0
4985711b-55ed-48cf-9077-384b681942af,0
40274b81-34cf-4ccc-a5c9-7f05280682bb,0
4988106f-48cf-45c7-a52e-dfff52c25860,0
01233d2e-95f5-4c74-bccf-fb4ca35a22d3,0
2c73c0b2-1f2a-4fe7-94da-48b20656c307,0
2c76c1ae-0417-45c3-b780-f2b5f7bff188,0
2c7a656f-3d23-4269-a7bf-050c911bb5fe,0
4de165c3-ed3d-47b6-8f8c-ffc1715528a0,0
403a1491-2a17-4daa-839a-f21788d014b2,0
4de1c4cf-e8da-4350-9a65-91714af14498,0
2c8cb51a-ef8f-4467-9d2f-37b57890520c,0
2c9006d1-79aa-4518-969d-d83ae44428d2,0
403e6f44-67f0-4efc-bfec-3fa831fa6b7c,0
02b0b304-fdfe-4b6e-94a6-fbee8dbf7634,0
02b003c3-92a8-4fae-9d24-b44f639619bf,0
2c9f44f0-b997-4140-b43f-78f7813ac9e6,0
2ca267d1-3919-46e9-86ae-35a2f79c56c3,0
2ca60e05-2e28-40da-9f88-edf0e6e187ca,0
404a1f72-19f1-45ca-b81a-0249439ad688,0
2cac63e8-6249-43e4-aceb-e88f223b1d2d,0
2cb198e4-a129-463a-8b89-63f13f9f7332,0
2cb59b3d-f202-458e-9988-cdb85c6c61f8,0
2cb9b579-ef25-48a3-90f7-46c34a7e10fd,0
2cbbb95f-ceea-417a-a3bd-4daab9e76e34,0
2cbe3d7d-a4d7-4515-85ee-161c51c9d8b7,0
2cc1b90f-3dbf-4a3d-84e9-f4095f313326,0
2cc45480-3fd5-4a5a-a50d-e1b285250bea,0
01217c4c-7f72-4667-a04f-94bcf9e7fc6d,0
4de565ef-261d-4a02-8b71-692380807df7,0
40595292-3f53-4f89-8866-b111641152ff,0
499df63d-8eb0-44ed-aece-c071c3b36802,0
2cd26d9e-0cd6-4a52-946e-125577f75747,0
2cd7476a-2c8b-4ccc-8fdc-2a46fd28c5f9,0
406062a3-22f5-4305-a897-e958fbd47888,0
02aae0f1-caef-42f8-a692-04c248423585,0
40651849-11d6-4a4f-bf44-5809f582bf62,0
2ce4c448-fd0c-434c-a44f-40a334e9d0af,0
2ce8d6ec-0d12-41aa-84bb-0f6fb60d9223,0
4fdf8f38-ac18-4119-8b7b-15e66e3cb721,0
406eb32b-e0cc-4890-a10b-cf349423feed,0
2cf49b61-3820-4b7b-982a-43c840c2b751,0
40706991-dc77-4fcd-86fa-7a02a896bbfd,0
2cfb2d9b-f881-4b62-8a8d-b7b253bf2a81,0
02a4a4be-4576-4d0e-91d6-6a68ccbe4ab5,0
4074ab45-8c25-4eea-bb8a-5dff7951bd25,0
2d046992-3492-442e-9ef3-1120217ad67b,0
056451f5-412b-44d4-bc4c-01c4114714c1,0
49a68967-63d5-460f-94f2-bbbfe9bb6039,0
407ac777-227d-4634-90ad-d3141d37a4cc,0
407b9713-914f-4ed9-8c38-fec3899f3e5c,0
4fe2fe8b-06de-49cb-9f52-b219ca96f7ce,0
4080b074-697e-40c4-8458-6e0c5fae6619,0
4082444f-8d7d-45d0-84e5-a3ddc3f3554f,0
2d1c3897-2447-4669-b1d4-f16204d9a6e7,0
2d1f66ec-ed71-44b9-a2ed-a15a6140f3f0,0
4df03958-7b43-4679-959e-e3d9c7bfffca,0
49af9b51-3370-478c-be42-fff24679159e,0
49b086f9-91df-454b-b17a-8762b01e497f,0
408cc576-578f-4934-8938-fd7103b7182c,0
408ebc61-c6a3-4874-84be-1dd42facb4c9,0
408fcdd2-5f96-4696-8041-7da1d6fbb614,0
02a2273c-3758-4e07-8d8f-c6d944cca35c,0
055fd380-dee0-45bc-8d60-77badf1b7735,0
4096a551-b089-4e7b-ae15-88fec008d6c5,0
4df3d0a7-01bd-4789-894b-68dd83c9331d,0
409b04e6-c949-4b65-827a-6e7dd5a366f7,0
2d4a6377-6e68-4c09-81a1-1ad929ee30ec,0
2d4d5426-3378-47fd-89d7-011f79b34bae,0
2d50d659-47ec-4c00-8b1d-a9dcc3ed26d8,0
2d54ac3f-a522-4869-902c-e74df080cc5c,0
2d566e8d-3cad-4511-b659-8ad41383cb78,0
2d5b0cca-64a7-462e-8dd9-d84d18fa04a6,0
055d48ae-cb41-4a79-9753-de55678f5db2,0
4df80f78-718e-4096-84fb-eaa670dacca5,0
2d6600e7-96be-47ae-b320-d65f84e7e8cd,0
2d69d10b-f270-4b19-90c9-df6e621341a3,0
40ad41f2-fafe-4c2c-a579-977dc82baa2d,0
4df8c226-75ca-4a3e-b3f8-d201a5f42598,0
2d750bd0-f168-47c6-b275-daeda946ec28,0
029d96bc-8587-4812-b267-5eda3b473f92,0
2d7e1bce-896c-4a3d-8f4e-eebb8f4b4f85,0
40b3c7a4-e2b5-44ca-9fae-0e0a8c8f9d0d,0
2d852153-7752-41fa-acb4-51d474609381,0
2d881bb0-b5d0-419c-9bda-eb2e56e9ab0a,0
40b7374a-0a2a-4ead-925d-bc7b28a5d8e3,0
4df9ca07-d220-439b-a21d-816e7f280405,0
2d8fcd13-fb68-4956-a0e9-2ce2a46121f4,0
40bba413-2fed-407c-9ccf-0d21e0a9a834,0
4dfa8a12-459f-4fff-8911-89fd83a77cd6,0
40c18be9-632b-439a-bcdd-2e95e7843fba,0
40c31b30-c3da-4553-b1d4-8eb0a724a73f,0
2da36f1f-a5fc-4b48-bfae-82e69283914f,0
2da6592d-754c-452c-8c41-6e1c5926d9f2,0
2daa03e3-adef-4b2f-87d2-b2f36f5618c9,0
40c80b02-b4d7-45a3-9057-e94426a1d7c8,0
40c9344b-bdf1-4a9c-a63c-761134b83b01,0
2db22151-ee69-4b6d-b6a4-9d8c643010dd,0
40cafdb9-990e-476b-a6e2-b35655d42fe1,0
40cd864c-31fd-4f3e-95ff-27a2aa53d0ab,0
49cd7bc3-c110-43d6-bd4d-0cf6d0b5409a,0
40d24e70-adc1-4fb3-a6c8-598e95b79bbe,0
2dc58a34-0de9-4ec3-9d57-40335a3350a0,0
2dc8d285-5251-4d87-a5ec-8145a0e499fb,0
2dcc4b1a-c460-44c6-882a-3bc9b2659328,0
49d36774-1dec-477c-baa3-0449ce862a51,0
2dd16ead-09ed-490e-8f06-689740bffd4f,0
2dd53dfa-ae08-4778-bac7-cbd64e543c92,0
2dd879d1-6376-428c-bfbe-4283d6e4e76b,0
2ddca90a-b740-4c48-83d0-0a72a27d980e,0
2de168e4-8281-407b-a69c-8e41808c6bb4,0
2de3f062-e796-4f8d-93f8-dff3ffef5ab0,0
4e03b00c-2354-4326-983a-06e2a7c60e3b,0
2dec3e5c-0aa9-4398-afd9-5cf7e547687e,0
2deee4fa-101a-477b-89f8-e54ab6ef404e,0
40eb218c-d5eb-4740-a6f4-f39a372d3fd3,0
49e07426-bef8-4d7b-b188-bf1f135df852,0
2dfd8779-6609-497c-becb-a7123aae6449,0
2e021940-5865-4fec-93e1-cc73613f68e5,0
2e066147-2be2-4d06-a1cc-48279a9ac8f5,0
40f52243-3399-4384-874f-d7582b55ab60,0
2e0a323f-df53-4c25-95b2-34a11dc77813,0
2e0c24b7-bac0-4fb0-85ff-79631c5fb0fc,0
2e110070-ae1a-41e9-a6f4-b7e933eded80,0
40fe5c29-0c3e-48a4-b85e-a4bbcc2ee87f,0
02885058-417d-4032-8b1f-765b720fd6b6,0
2e1eb0e6-2f30-4ee7-89fa-211ba7ebbf5f,0
4103c83d-84c3-4264-a3dd-341679171f45,0
2e286a07-e529-4bd6-9b64-75f93c5d5650,0
2e2b50a5-c4b4-4f90-9997-4b8cee2f0d3e,0
49e83643-8fc1-4efb-95c1-8a7ac4eca848,0
0286a3a6-9b59-44fb-920f-0ee471137143,0
2e358038-29fb-4431-b6cf-52ed47b11550,0
410f1ad7-21b1-48f4-a9ff-c02bd1989a54,0
2e3d08eb-ea10-4e48-ad97-dd2ef408c855,0
2e3f8f74-d76e-460f-96eb-0183694a21e4,0
49eb93d9-1b27-45c1-abff-2657b9fd4b46,0
2e47e4c8-d235-4ff2-9fc6-2e082c3828eb,0
0540486b-15e1-4964-9889-03c8eed095c5,0
2e4e2571-6d63-40ac-ba6b-e8125d171329,0
2e507e37-2a48-4b87-98f2-bd18258cf403,0
2e565517-2ce3-4283-9114-a5dea5992a95,0
411fa925-644b-4ab3-90c7-60d89404aa01,0
412097ad-4487-40de-90dc-7fc11238ffed,0
2e61fdba-8127-49d7-9f9c-baec2f4ae2b4,0
2e66630b-b385-43e1-9dea-ec6745ada9de,0
4126f886-3d13-4d25-bf3f-74453b937cbd,0
4e0a7b3a-5693-44cc-9e86-12908a2359a5,0
412d7a0e-f86e-41ca-bd6d-25e129d38a3a,0
2e7519c4-09ed-4ccb-bbc6-00855e8166f0,0
4ff18630-12fd-46cf-a45f-c45289f60088,0
50c92649-a835-4287-823e-0d3231591160,0
2e7d59eb-c422-4dd0-8179-17a9a52f85bc,0
2e8151cc-346c-4acd-9797-c6238ec9e7f1,0
00802945-1899-4e88-a9a5-51bcff03e55c,0
2e8729c7-6972-4dee-ae87-5bfba472882e,0
4ff357f4-b24b-48a0-8fd3-7e04ec30af6e,0
05392538-fade-4844-9e5e-7c830eaf6a07,0
2e901856-847d-46a6-9a2a-456b28b5ee54,0
2e93ef7e-354c-4cc2-acd1-ceb72b52dcd3,0
2e97c8b1-7d7a-4e3f-86cb-8ab7229732b3,0
2e9bdd81-d0e0-4529-b970-27e10c093235,0
2e9e0766-dbc5-4305-afed-89c9c4287a51,0
2ea4416f-e961-4045-ab1e-1df39a632363,0
414755b1-dc3a-411f-acf5-8b0a73d13b07,0
2eaafef9-6dc0-4cb2-86e7-b87c44f93d04,0
0535b65f-bccd-4acf-8292-d700722a1bb0,0
2eb2f543-7048-41d7-89d7-519eb52c540f,0
2eb64d0b-7a55-45e9-a256-6ceb27844f80,0
2eba7b47-b733-4162-bc84-8bb705a79678,0
2ebebde9-6d47-4ab8-9835-2d5178a787ad,0
2ec1f51d-92e8-4abf-bf84-ed3b1a8dee5b,0
027bf947-fa7d-41bd-93ef-7ddee18851a6,0
4a07d3f5-0616-4e3a-a34c-e594ba9b3917,0
2ece9afd-dfb3-4f89-8c64-9f3c383a9c23,0
2ed12b29-7d96-4521-a422-f1da16033191,0
2ed4f08d-b293-4f89-99d0-f8560b658104,0
2ed76c89-c8fa-4922-b896-7907ab81032a,0
4e16a853-5336-4c0c-8215-c79ccc8ae1e4,0
2edf1ee0-38ff-4e98-926d-2df82712b675,0
2ee340e2-b7b4-4e2a-9407-8da0b2e24d43,0
4a0d6131-0d1a-4ccf-a68e-7cc641ba8799,0
4e1798d9-2ad1-472d-95f2-d60e1d10bdb8,0
2eeef8f4-d14f-4f20-b770-ed2bc1ad9bbf,0
4a0eb4d8-cd40-4987-8d21-9186a19fa493,0
052c50b5-bad7-4eca-a3cd-59a7097f41f9,0
41657387-1aa2-4585-916f-7f38dfa058c2,0
2efaaa1d-2101-47cc-80ff-44ffb671f727,0
2efeccf0-4467-4ca9-b042-68b02ce8db51,0
2f01c5e6-4673-4675-8ba3-58cf8f1306b1,0
2f066d5a-35fc-48b5-a506-1850b7590f09,0
4a14511e-bb97-42ca-afd4-c5bd8f1c0dd2,0
2f0ed199-ab7a-4e5a-b142-7b418f1cd92d,0
2f1127cb-7ffb-4840-b387-feafa55e1bf7,0
2f13335b-2e16-4185-bf7e-7961f997759f,0
2f16fa4b-4d58-4a1b-94e1-bb60433fe778,0
4171a8a3-2ef5-4259-9993-859f780a8546,0
41751f1d-4d39-42c4-b88f-305f5640ad32,0
2f235e42-e66f-4dfc-8d32-86e09b8cacbc,0
4e1e9465-4255-44e4-8637-5d9a7b298ae8,0
2f29c49f-f414-4594-a47a-8293f19ca86f,0
4a1ebf92-550d-44ef-a74b-b1cdd9d0c6e1,0
2f3285eb-50dc-4f9f-8850-53952c85f6d2,0
2f351084-f7f0-47ce-8389-796fca211702,0
417ed51e-cbf5-4802-89e0-563bd33bb5f5,0
4a240ec8-8cd9-4818-8b8b-7f8517e10698,0
2f3d93e4-5f4d-4917-8108-e5408e1944b2,0
2f4092e8-4d15-4f3e-b3e8-7b47d8c9b885,0
2f425ffd-99f8-4f3b-bfab-d444e6476132,0
2f44c954-4069-4311-b843-aabadba297fe,0
4189e6b9-669d-4a9d-8c7d-b8a6ddb89968,0
2f4aff55-abbf-45ff-b3e6-2d317a6167d2,0
4a29d506-5f97-4d6a-9dbf-d8eef7bb61ca,0
2f54ce84-5c55-43bb-9a47-082469d16563,0
007b15e1-13db-444d-8abc-8ebde75855c2,0
2f599aff-2076-4eb2-a3f2-94abfd7c4c6c,0
2f5c06f6-1b96-455b-9e48-96ea3c9f1224,0
4196d4eb-3f6b-4fda-91e8-5473d23a593f,0
2f62bd59-32e0-47ae-884c-5650f72a87a9,0
2f665019-f403-4a2c-a31f-9f807b688e32,0
0117e68f-c891-44e7-a5cb-844c6344f9ec,0
4e24229e-8695-4589-992f-74e59b78eb60,0
2f721592-5cf4-484d-8081-e0537e8c0f30,0
2f757d21-37b2-4ef8-98e5-08381745d7ae,0
41a26b11-d6d3-41ca-adc5-755def165c35,0
41a55434-2992-4eb2-83ca-1fa883d600c3,0
2f7e20cb-4720-482f-802f-88347f932f77,0
2f81e6c8-d65d-469e-8122-ede2f108d5e4,0
41a8b21e-b790-4654-b82c-71a53c1875d1,0
4a3507b1-960f-4206-a532-ad56ea3a95a3,0
41ab33a9-239f-45a1-aa71-1ba91356b26f,0
2f90a91a-a4ac-497e-bd04-f6938953a372,0
2f937c6a-d723-48b2-9618-2910d0b490fa,0
41b219a2-80da-47ab-8d9f-fc1516ea872d,0
41b37b8c-86b1-47ab-b14c-66727ef05837,0
41b3c947-a226-4679-9470-ed212ed4804f,0
41b4fb99-4b18-42a5-b020-1ae6e364fa5b,0
41b613ce-84bb-4fe8-84b4-1cc9f2349b35,0
0511c217-a1b8-46a3-b525-97525fcb5d72,0
05109310-a5ac-41f2-a594-e78dea8d2994,0
4a3c6014-f3be-4cda-91cc-dee1b598e3d5,0
2faf8a36-3632-406f-a49a-a3caa51401cb,0
2fb43947-1ae0-44d1-9ee4-95489fa8ba8e,0
2fb7782c-dd99-4e22-a740-a743f6df7847,0
2fbb1033-0db6-4abc-b145-a373cfdf9c15,0
41c47eea-c5bc-4ac9-a2e1-25df380f423e,0
41c78251-e38b-4e59-aafe-4f587daf6935,0
41c90940-0878-4f6b-b949-2456a281091b,0
2fca2693-b42b-4195-b742-271345909e89,0
2fd0e48d-fa22-46d3-9785-84ab53ac94a0,0
41cfb67b-2620-43f3-b957-1c5dd5f84e6c,0
4e2f17c8-dcb9-471f-bd25-c4dbdb481888,0
4e3001d8-8119-4a27-8b45-86c10f68f49f,0
41d316a3-dceb-4615-bb76-5876b4f4002f,0
2fe11fc0-9fb1-4275-9c13-2d72f82abbb0,0
2fe40556-067f-4e0b-8fee-fb4b4bc65235,0
41d88acd-0d08-4d78-9340-ca9caf54e132,0
2fe89418-fcf7-4b7c-9661-ee8628ef2e45,0
2feae1a1-b6d5-42c2-83bc-2cf4d2ea2404,0
2fed8971-55fb-4e95-b70f-76a3968e5cb5,0
2ff08bf2-cd48-4173-a2e6-1e22e7a8f7d0,0
2ff5af11-2435-4ab0-9ad2-ca54717841b9,0
4e35023b-872b-4f22-9af2-ff64afec5e4f,0
2ffb87ea-d140-4fc6-b7a3-65650ca03cf1,0
41e2b152-d7d0-48a7-a0b2-79f071302ad8,0
30041333-b675-47ba-be0e-5ef5bc3b041d,0
41e58b12-f2b9-43b8-8a51-0a76f53ec5d9,0
41e66659-615a-4788-a9bd-9fbd68d3067b,0
41e7ecea-fad1-4e2c-a634-50775c044b0c,0
4e39c4b1-b88a-4429-9a07-1e247c81ef56,0
3013b898-ec68-420d-abd6-2c930b553e66,0
30175ad0-db3b-4b9f-a764-4d773aceefeb,0
301978c9-01a3-489a-bd99-c335be2a8f3e,0
301e330a-de3a-4dc0-bd0d-ab2f8da79ccc,0
41efcb71-23af-448a-86fc-86f6663ff86b,0
05021985-36df-41c4-bbad-76bad4c0e80c,0
3027bad4-bfd2-4b7f-a7f6-d5bdb4ce4f4f,0
302aebf9-2c4e-43dd-a267-6b704a3cf07c,0
4a53eaaf-a19a-435b-b49d-29aca165c622,0
41f57c9c-b4d8-488c-94aa-b2bfe12612d1,0
3036fa65-2a20-45ab-9672-4d860a669cf6,0
3039dc38-e44c-40fd-9962-5d0c3c118a2f,0
4e4006ef-1afc-4596-a7e1-e09fe3fc4f11,0
4a5cc66d-ba02-4add-a4fd-53540e29d604,0
4e403582-beb4-4fd2-be5d-4b3e7f1a11b2,0
4e404918-e65f-4624-bf14-753adf180dd7,0
304c3853-d393-41db-930d-a94d147d452e,0
0a793032-440e-497f-a076-8478700615d8,0
0a825325-a36f-4e36-a676-efa19ad9bcc4,0
30508958-0446-4793-b2c2-ea10e8adbaf6,0
42099a32-e010-47b1-b182-b01fd6a9c4a6,0
3053dc6c-3cd9-4664-b8f3-39e19ba6a661,0
0a93652b-b0db-49d7-9e80-97311f55b9f1,0
0a9903f3-d78a-43aa-9075-5d5099dc1cc3,0
0a9be869-a155-4f72-97d3-a39f39253c39,0
4a616220-2f21-47b0-8ffb-f592c93978cd,0
305a21de-1d85-4113-b116-86f5837f27b9,0
0aa6efce-7a01-4d1b-b16e-98c424b6b567,0
0aa98a62-3743-4b24-b060-620a53768cb5,0
4a61fe5b-fd05-4b69-b1ea-1718fcbf948f,0
010b80c9-7574-4300-8e94-2af4079e404b,0
3067e7dc-6bcb-46e4-a634-6b325fc2c4b4,0
04f66742-f001-4b09-91ec-c78703132255,0
306cfd52-d40d-49e0-b215-41dc8dd05aad,0
0021b51c-de9f-4e7a-bd86-7d8235c455de,0
3072b6f1-5ffa-44de-b999-7efe566d1686,0
0ac8d6ad-8116-4669-b626-9b9f56a8c528,0
30767c5f-6028-4932-b366-aed7945cef87,0
421a5e18-9a1c-413e-ba1e-9c95120275fd,0
0ad55a84-7ad9-496b-bf91-f732ef864582,0
0ad9fe80-a435-4094-a891-aebc700fbc74,0
307ca983-b5f2-4d7b-afbf-8b55265df628,0
0ae3070f-740b-4232-b718-0625bc83ac52,0
307ea84e-ce73-48b9-a7d0-e4ffa888ca2b,0
5007fa4e-9eda-490b-9eca-70a8157c6207,0
3081af65-27a9-4d26-b7df-f5ee17b4c84e,0
421c402b-237d-4a99-9ed2-718458140917,0
0af3ff23-c719-47dd-9e12-3735c5788239,0
3084e47f-42c4-44e5-a641-e4938fdbba13,0
0afd8d3f-d838-4199-8d15-5be05665806c,0
308b12a7-2061-4cba-9b66-b16f79103d78,0
0a6fc7f6-5e27-4369-8615-f761bd2d472b,0
308e1380-ee2c-4c5d-b081-d06ef3b416ce,0
308e8217-f136-41f2-9d16-146bc6a024a1,0
308f456f-dcdc-4c34-b613-8533b0ef68a6,0
4a6a8708-0193-44d5-8301-8093422a95c1,0
30945a0f-4009-4a6c-8313-0b8602bc354f,0
0b1e86fd-389b-4cc4-8ca9-0d5960a50b33,0
4e4638e5-39d2-4c16-90b8-3724ce4dbb19,0
04f30f6d-f26a-406b-b0bd-11393ba19ebf,0
0b27623f-342c-493a-a097-04090b7e9782,0
0b2b54e4-0441-45df-94db-c3aefd60c06e,0
309dbc9d-84a3-4d3f-8c1b-69b63fc06340,0
0b34ddb7-bb8d-4087-bad1-77a3f619fad2,0
4a6b4474-be33-479a-89b2-f897f0095ef5,0
04f1c255-a538-40a7-8366-a58cc06ddf07,0
0b42dc88-5bee-435c-96c1-9cd66b3386e0,0
30a35033-f056-47e5-b2d7-c97ed119ffd1,0
0b4f0a8a-e8be-40fd-9e0a-5cf1fe04469e,0
4a6c6146-2a7c-412c-84ba-bde63c752e76,0
0b58b524-1c5f-4948-a359-58d2ab74d3b9,0
30aa7fda-fe09-4a78-9c7a-b8224914c490,0
30aeea6d-bb58-43b3-bad7-13390aa0fb83,0
50097b4b-d9fb-4f0d-8139-c0e4608a7273,0
30b126dd-8b01-463e-8388-c6e144847ff5,0
422ab00f-e3a1-4fd3-9dad-3de9d9ef753f,0
0b6d02e7-23d5-4146-822d-462baa14775a,0
0b6f3a89-d098-488f-8a30-27c9bc7a980b,0
0b7419a2-0327-43d6-a435-aa1c7acf5485,0
0b7583c5-568a-4fec-95b5-d939d7ecbab6,0
30ba488b-89e4-4d71-b876-62d96bec8320,0
30bb4931-d72e-4e8d-bf5e-9ca04bc145e8,0
4e49b6da-a412-4257-9105-e0fb664dd681,0
4e49fba4-cc20-4568-8336-b53e28f5434e,0
0b93f4ea-f0fc-48eb-beef-8dca500e5524,0
30c2d2d1-548e-450f-bc8c-f77fa095a0b0,0
0b9a3d61-f18b-4abe-94bf-b1dfe6fdba8e,0
423006e0-e35f-403d-ad5b-12a08b872570,0
4a733f04-0f12-4857-ab70-0225c0d1befe,0
30cbd81c-9869-49da-b5c8-50953d4efc91,0
4231c355-2ab2-4a72-a108-5152217dcaab,0
0ba8f4c4-fca4-4035-a10d-a246025ff312,0
0bad5eaa-a897-4804-8efa-dbc64cba207f,0
30d045e9-b2bc-4ada-ad0d-1dd59c437e52,0
0a5d706c-20dd-4c2c-8309-2af2537116f0,0
0a5d525e-7029-45a7-aea9-8bdb499c7dd7,0
0a5c2067-5126-43c7-b7a6-2439c69b5e4e,0
42358c2b-03b9-405e-9697-8a3479e62f3c,0
4236d760-f002-4412-89b1-5a705af1dfd2,0
4a75a257-aaf2-4ff1-8f45-c02260efc5a9,0
30dde7ec-e08e-4adb-8bf1-97af1979bb88,0
04e66697-c66d-4121-93f9-6f1e3c41fe7a,0
0bd14b57-4f04-4a38-9915-e63364d5c457,0
4a77574b-415f-4a6c-ba25-a9ba62868744,0
0bd6fc27-2b09-44d4-acba-753563621739,0
0bd9bf91-4f1b-44ee-b78a-51309d6c83e6,0
30e5646d-78a1-4422-b2e6-b2771843c543,0
30e6a1b4-5546-420e-b70c-2313adc3b4fd,0
0be48555-e3ae-485e-8085-4bd56bdfe10c,0
0be67ba2-32d8-42e7-aa27-3b2f8e3c44cf,0
0bea0ebe-acb7-4d12-8a23-b8ed4a79b195,0
0bf00680-fe45-4f3d-8b9e-4849fc64fbf2,0
0bf2ef7d-71a0-470a-a291-62cd97d7ec4a,0
0bf5c39f-6c81-4835-9234-92df015e5586,0
42445e64-888e-40e1-a964-f10de50e3d66,0
0bfcee67-9327-4c2f-b1d1-c1f6866c575e,0
0bffca09-38bc-4456-8e2f-16ef85706b68,0
0c038ab8-9569-4947-bb48-a4d40e8d0063,0
30f563c4-e3da-4820-b601-c593ad96022b,0
04e2cef8-4d0f-4143-b730-c8c86ee425cf,0
4a7ee5c4-8f7a-4811-b64a-863462a2964b,0
0c145003-e5bd-42a5-90d0-9e9fa2fbcce9,0
30fffccb-4c31-4fd5-a384-d5e4351fa217,0
0c1bf768-8a62-4e2d-bfa8-84de5d4ebddd,0
0c2155f9-6cc7-49d0-a926-1dc16c64d3f0,0
31050891-bdd7-4c64-8b36-8985fdd4ebf7,0
04e0973c-f18c-4185-b149-32231dc63fc2,0
31099930-8632-4135-a75a-7495df6c77e5,0
424b4886-bcdd-4287-96d8-3950cf8529de,0
0c3310bf-a0fc-4b06-bd02-ce5f2837b8db,0
0c384197-062a-43ff-8275-d1ffdc64b4ce,0
500cacdf-f837-4f55-b4f0-244cccd005d9,0
31109f7e-94df-4d72-ae1e-fdb578c36da4,0
0c409a26-ec66-4f07-a04c-c86753521ab8,0
3113728c-68ff-4d04-8a93-618c254a4433,0
0c46df2f-e745-4e27-af14-d84f86d27436,0
0c4a3800-5433-42c8-8601-013b903886b6,0
0c4d356d-d164-4dad-ac8e-4515b0aae257,0
0c503734-b10c-471e-97b8-68562551bd77,0
0c546fb0-02a4-48fb-b5ec-712edf91d982,0
311e0fb2-6021-4d78-8519-0a0e4c668d1d,0
0a38449d-66c2-4df2-8936-54481803030e,0
02502546-36e9-4e68-9cb5-34b72bd8b1b8,0
0c65baa6-e822-45dd-b8c5-8b151d80167f,0
0c67ef97-65d9-4cb7-98c7-3b4e4137b07b,0
0c6dbd16-3f30-451d-8443-69d9e60fc4ec,0
312b3659-e0a6-4c61-a239-fb470b0740dd,0
425d921e-732d-4e96-920c-2320df76a587,0
0c78f797-09b4-4fcf-b8ef-2ffaa7249f33,0
0c7b31a2-2f46-426e-a6a8-b7db197badbb,0
3133f37f-0051-4b60-a4f9-d5502a8332e0,0
024bbb8c-fbf6-4997-95a6-8fce1db567cf,0
0c84d98d-8027-43a3-97ad-3040df236fdb,0
0c8a12e3-e436-41e3-8211-ce7a179f22af,0
0c902e90-222b-479a-80cd-7bcbc384a1c9,0
0c9323ab-edb3-4796-9c04-12caab4520d8,0
0c96ceee-a3d2-4032-8ca4-794df6474a82,0
0c99a8f8-62dd-4d31-8942-b8646ff16e2c,0
31422790-ba2d-480a-a3a6-0dc98fcce964,0
0c9f7f82-223d-4eaf-a2b7-1b39fba7f8b5,0
314492d7-c362-4471-9b4e-3e3b62554b6d,0
0ca5d5de-71a4-4893-863a-1a6125d95fab,0
0a27f80c-3dd6-4ed3-9988-f3077647ac76,0
0cacddca-0541-49eb-a72e-c73b1c5a40a3,0
0cb2357c-f215-4949-ba73-5eb6ed4f9c9d,0
0cb4c69e-a223-468d-9eae-5625e2708f7d,0
0cb86ce9-bcbe-4901-9ff7-9a647977724a,0
314d35f4-4923-4ef9-ac9e-b17d3b2f20af,0
0cbfda9f-fb25-473e-a631-a4afde7708ed,0
42699340-8d5c-4048-aae7-c50462adfcc9,0
31545640-127c-4bb9-927c-cebaa8d1fdc4,0
0ccd2b1c-6e84-438d-af05-269ec596ac10,0
4e5c314c-f728-4fc8-93ce-6112652e5169,0
315c2886-66ee-474f-a919-9d5bbcb0a4b2,0
426cdd28-c6e9-40d4-82a7-8500e429c4a2,0
02496acb-0069-4e52-8e01-f044ba2f5776,0
0cdfb187-6968-4503-a24a-a23624d06dd8,0
0ce28d10-8d3b-485f-84fc-a8352f1b5783,0
0ce6aaba-d3f0-4230-a2cd-f46b6a6a48c8,0
4a9287c9-360e-4f14-8559-23f35c11ded9,0
3165e859-3344-4e90-b738-a040ecf51f79,0
0cf1e18d-2a2a-484e-b763-3474cb658686,0
31692733-fc96-40ca-b21d-f5a58099297b,0
316a6917-2769-4856-a7ab-644c546bf5a6,0
0cfc216d-5279-412c-b9c8-c84d7db155bc,0
316cbcee-5e72-47c1-b55f-e7752ead6636,0
0d031981-12b1-4f4f-b15b-c58d094e7527,0
4a97112e-6172-4018-b698-0f745ba5953c,0
0a1974ba-5855-4283-9ab8-17257219c3ed,0
31746cb2-17d6-404f-933f-c93e1d5e42ac,0
0d1631ff-14a9-4c5a-baea-08036743af25,0
4a97f972-c5b8-4fc1-bbf3-533d30ea94b3,0
514d9197-ccf0-4427-8264-2ce789126b51,0
0d2016c8-f014-46ff-8e4e-6d7a8cdc5a7d,0
318286af-bacb-4d4c-ac49-f26c081a1edc,0
3184ac30-4672-455d-84f6-1b39a18609a8,0
0d2a5e23-2413-4001-9c94-0b4815c9c7f1,0
0248be9b-f500-46bf-a1fd-7ed2ddef79f3,0
4e6225ba-555f-4c06-a33c-c023282be0a1,0
0d35ae45-f662-40fa-901a-bd6721ce2a64,0
318dcafe-8509-47a5-8497-00eda02b83f2,0
04cfd4bc-601a-4828-9266-d04b24e431af,0
42803b32-2eba-4993-8944-1fde58d4b4b7,0
31924bfb-33f1-47cd-b512-779ea7cc1485,0
0a132178-152a-4e13-9508-6bcadd202211,0
0d475a0d-1200-4cb5-8d24-3135699770a9,0
4282e8fb-eaeb-424b-a654-049c519c6315,0
0d4dd6cf-85c4-4401-8924-7796776a25f3,0
0d52c0cf-8039-4995-969f-f7e59e728674,0
0d5558a4-7596-45fd-abcd-d832f0d303ba,0
0d58de21-6fa9-4e05-b07a-76ce5866fbf4,0
0d5cc865-367e-4318-be50-a8dd7bc5b854,0
4e64ef33-0785-490d-8f4b-6f32b61e8a16,0
0a105b52-193e-46bd-83fc-666705ade3d8,0
0d66d14d-0eac-433c-bd50-a27d1c95d910,0
4a9fd2ee-ac4f-429a-a877-108e0d85b135,0
31a7a3a4-81b3-4603-9b34-c365cd6f90de,0
0d6e8543-a624-4e61-a31a-4c9f3e3a11cb,0
31ac43bf-1fd9-44c5-9980-400456137449,0
4aa21fba-b77f-4bdc-b418-5f303eeddb33,0
0d76edc6-b7f1-4907-afb5-40b4f221ba7e,0
007448e0-0bc4-4e41-9f25-02a76ea2b38c,0
0a0dfe72-fd9b-4a84-a41d-3388180a3a86,0
50e7e8db-5caa-46aa-ba92-a5891c6c8813,0
0d83342a-b379-45df-8801-1e9dd2709c45,0
0d8568a9-8044-491d-92b3-e321d1788054,0
0a06a3de-9119-4e97-b793-0991dc67697f,0
31bbc0c1-a092-40a7-bf37-6bc922bb3046,0
0d926da6-9824-4f51-84da-bb75ac95f589,0
0d935dbf-980f-424b-aa69-a4f09b2b0591,0
0a04362a-ab34-47d4-93bf-0e61f58f3da0,0
0d992148-6292-48e9-a99b-3c753392ccf7,0
0d9c504d-d1ed-4fdf-8832-9ad87706e60e,0
31c5d901-acee-4247-b2af-097158c9698e,0
0da2b5da-ba0f-4e4b-9b79-7625d6b99b71,0
0da5b0df-dcf5-4f43-836c-a3ad7fde8f22,0
429ac2d0-6a06-415b-8adc-d886b280eacf,0
0dab3281-b4c5-4e78-841c-89f99e59dc56,0
4aa89428-cdad-497d-8d92-4bb88526d805,0
31d0f0ac-ac83-40ea-b0a4-fd8021b66db8,0
0db61ae6-ed9a-4deb-a10a-8d007e594d20,0
31d23d42-77aa-486a-8859-6e430c090234,0
0dbc6612-833d-4457-bd08-8859bd23624d,0
09f956bb-ac98-48c1-96ea-752bc07a6120,0
429e8e50-88d5-45f9-888a-ff76714023dc,0
0dcab8f1-2356-4575-95ec-27ff1b677e72,0
31ddc777-f7ab-4579-9427-83aefa290c43,0
31df0dfc-0c63-4650-bb97-f895de768ec2,0
0dd9c8d6-803f-457c-804d-2a3a9c3038dc,0
0ddd1579-66bd-4d1c-95de-89877d047add,0
31e30b02-2392-4f0a-bd94-fb39c1ed7fa2,0
0de7b190-5239-4557-abbb-43efdd0be5c9,0
0debcd5b-24a4-43c1-99ca-b5fd0c239454,0
0dedca3d-4ac8-4dbf-b464-8511d06cf8bd,0
0df1d3fa-8c02-44a6-924d-a177c3714afd,0
0df5af28-4748-4e93-aeb4-ead6bb128007,0
09f51b73-a8c6-488a-b23b-abe9ff48ad02,0
31eba3ad-6f33-4200-8506-188bf18c6625,0
04c2bcc8-8be4-4fdd-a250-f16ad1a7be81,0
4aaeb539-bca4-4704-845e-909f335cbd37,0
0e09eefd-e3a9-4d92-ae40-c3024d75038e,0
0e0f4993-0bfc-4c75-890e-c8cd1ea63c4e,0
42ae8bc7-9cf6-4f31-ad71-0761d208766c,0
31f3e401-39d8-4f90-9ccb-689cfb0e3443,0
04c229e7-c5d0-45ab-b2f6-97b9688bbdda,0
0e1feb50-abd7-4f96-987c-6519efecf8bf,0
514e8a96-c5b8-4e78-a823-e63fa2eafa75,0
0e288ae5-e3c1-4a42-b515-3d163f18fb54,0
0e2df7d7-6d44-4e4b-a39b-1c2101a35014,0
42b3d170-2ee8-48b2-83f5-8ce7dae9bbdd,0
09ef95b5-224d-41f7-a8a5-a44f38fe1ab9,0
0e3adead-78ef-44ca-877e-a462262399b6,0
0e3ef8ba-c85b-49ae-bac6-bd9269b108e0,0
0e41b037-0a4d-4f63-a2ed-5e1b383e29d4,0
501bd074-63c1-463b-a3ab-b4ef06cddf6b,0
0e4707f1-0e4e-4d9c-8fc2-c8c5988f940c,0
0e49898b-6ddf-42c7-989a-90a39164f672,0
42bc0cf4-ed10-44c6-ad0e-e30d2bf6fe3a,0
0e511a8e-dacd-45d3-9e89-1f15e6833d98,0
3211a86f-f52f-49b6-9bdf-8a8a2304bbf4,0
515079c9-ade8-4d21-91a0-d81e442da8cd,0
0e5d0cd2-2730-47a7-96bf-7aae1af56c7b,0
0e603114-f7b1-49c2-9ef3-d3c56d36b731,0
32199501-811d-4e00-998c-fb575b0bf573,0
0e69644d-bd39-4472-8ba0-c76205c05c80,0
321addbe-0970-4bd4-b874-28067f5f580f,0
321ce12f-334c-4278-abd8-e868dfd14ded,0
0e73ee7c-dcbf-48fe-a0d8-81feb9cf69e6,0
42c41185-1aec-4780-b1f6-ad5689bd5e6a,0
0e7abb63-55a9-453f-9196-534336693f5b,0
023c6971-7693-46de-b622-c9977eaec0a4,0
0e8445d9-65a7-4351-9eb1-d315bb05abbb,0
32247ff4-99e2-40c6-99f8-9099e6b36876,0
0e8ac78d-f434-4e60-acc0-210a2443bdc9,0
3229b03c-09b4-4ab3-9f87-a2a100d4617d,0
006ebfdd-110e-49b6-82be-4e5191400984,0
42c81960-ef1a-4521-9803-7a7c6449fee7,0
0e98c013-8eac-4904-afac-9e4be548116c,0
4e755f55-6faf-4e10-a9c9-fb442669062d,0
42cb8604-3a6e-4ee9-a57e-a6258839ff93,0
0ea397cf-b9b8-4e5d-b2e7-a5d8a768683a,0
3238d49a-8e8a-400b-bda7-365e5c3ea2c6,0
0eabe8c0-19a1-423c-bf0d-9eca858a49c6,0
09d86614-edb0-4309-bbb1-3cbc63f7cd2f,0
0eb2371e-26f0-4d41-a0ee-c127fe97cebb,0
323f4369-b1a0-4af3-9589-c7c8341836ad,0
0ebdea78-5629-4178-b0f5-85c17af11d70,0
09d59534-d272-4f54-8d69-f8288e8132a8,0
42d24a1b-a5ed-484f-9fb4-321ab3de7fb7,0
0ec8f946-1f9a-4a58-9d97-b0f2576602cc,0
4abc556c-ebca-426f-b8fc-f36be1945681,0
42d41492-39fe-40a1-8b06-626a80c79574,0
0239dd6d-3f6e-45c1-b5de-f018e702560b,0
325066ce-76be-4edd-917d-c363c78de929,0
325284f3-e168-43f0-a86f-2773c111fd53,0
0ede2bc1-a102-4f70-9828-54c7e463472d,0
4abee20b-6f8c-492f-ae0b-d0ac0d3a988d,0
42d904ec-fb84-4535-9d3f-31206f812fc3,0
325d3723-8717-49f5-a642-b7130b6e9312,0
0eed27e0-5cad-4579-b4ad-5efab037985b,0
4ac02213-d978-4b29-b205-20e2ea19dab6,0
0ef49711-89d1-4d31-8fb3-13dc5e581d74,0
0ef7b762-10d8-4958-adcd-1e3b9823ec31,0
0efc7677-5f28-4de0-9c99-5f28ddb8e9be,0
32668fde-b93f-4179-ad95-f4ac95fb6bbc,0
0f025b20-7837-4441-9822-fb435d6d10d0,0
0f05f8b7-93ec-4826-bb5d-4970ce75378f,0
00fe9d0f-7722-419c-a7a6-9c6460973180,0
0f0d0177-2025-4e11-a309-13b661a46599,0
42dfdb62-0dae-430e-bbf3-2fe42c940c1e,0
0f12f7ef-c8e7-46cd-9fb0-f40bd62b8476,0
0f15ec05-fb49-41ae-afc0-f483ea3f3d43,0
0f1820e4-41d0-4041-9246-3219e4a8a3f7,0
4ac64312-8501-49bc-b72a-a885acf3abcf,0
4ac6dc2a-0b8a-4d4f-8482-b0a8bf45188f,0
006dec63-cb4b-49b1-8fc9-bdddf663e3e6,0
327acfab-66bc-4aff-8d8d-8f7463c63f52,0
42e7f7ad-adfa-46ab-8d88-7ab7d58da02d,0
327c1760-1ed2-4089-b03b-61f24f98ae52,0
327d4d12-afbc-4407-8815-e2ea49fa756d,0
327ef763-a8e9-414e-8cdf-e8970a1ed992,0
3281c8a2-f11d-421f-abda-aee846e08b9b,0
328394b6-ce56-41b7-a37e-4f7b1a8a64e0,0
0f3cbfce-13fd-4cca-8211-7e868df4fe6a,0
0f41f919-7a9f-4c64-aa52-a1c499061cfa,0
04b575a6-fad1-4159-b09d-cd29f1fabc18,0
0f48ae88-f99a-4e8c-8d5b-f2e398fab4bc,0
0f4d5445-52d7-4dac-8236-92c1ec96a454,0
3290e5e2-476c-4ef1-907c-8f0363f6d143,0
0f53a694-28aa-46a5-87af-bacc93e54834,0
0f56d4a8-7f57-4a8f-8502-8b704af255d8,0
0f59f21c-bffc-4603-a582-9944f0805939,0
0f5df7bd-d74f-4173-ba02-03174af81bcf,0
42f2ed25-0b98-4234-a171-e4a6c3348f9e,0
329d3b2b-d72c-48c7-bf15-5f2a422ac2ba,0
329ecb3d-e2ea-4e84-85bc-9eb097290fba,0
0f6ab47d-c45a-4cc1-9235-73cf6efab5d3,0
0f6df46b-6a5d-45a0-9f24-346cc5f794de,0
0f7154a3-d043-4c9d-be22-aae234b85052,0
022e1dc9-5047-41e1-bd68-ca189abf9efa,0
000a4588-aa0e-4d3f-a3b9-baabf9c7602b,0
0f7adf25-9c30-4d2c-881b-384b9ecbf460,0
0f7d18f0-3746-4454-b53f-5800d031ab3f,0
32aa1cea-e233-436e-84af-ecccafceafdf,0
32abfba8-417b-4b03-aef3-9297c67062a0,0
32af479b-f77c-4da8-8092-cb99249e6057,0
32b296a6-4735-4046-b9ad-5dd51ad343ce,0
32b37d5e-265c-46c2-8bfd-1343c3e802f9,0
0f8fc753-15bc-4eaa-af37-aa50e0e709c0,0
32b4f9dd-66f3-48d7-aafb-f1cbb2788e3c,0
32b60250-48f1-4ee6-a935-5cd7a3acb43c,0
0f9b7ae9-1974-45e8-814a-1fc7d4cf8b19,0
0fa1e864-2929-44da-89e0-54a6f5d0c79e,0
4ad27063-2e9f-4daf-a24a-8b9f32d15f43,0
32b857a2-8d02-4fb2-99ee-3603ea76c9a5,0
4302baff-0507-434f-aad2-782d2d8e3403,0
0faf24d1-ccf5-43a6-81ba-485cf72d0a23,0
32bc9db9-59a0-444a-bf76-eb0a9b0c672a,0
32bcc4ee-48cb-4989-b5bd-fc2b68f285a3,0
43052ecb-fed3-4cc5-a1f7-1ed61ffabc5f,0
4ad3d8ba-b64c-4f21-be9b-c6634ccc1567,0
32c3b670-a967-4abb-a793-6c97c0f07e88,0
32c47631-a4cc-4434-bb70-bf92f7551fbe,0
4e82a519-7093-47b0-b7fa-82f959a64dee,0
0fc7924a-408d-4872-b132-3524796f1aaa,0
0fc96ef4-532d-44df-915d-a5e43d0344b7,0
430cca2a-dea2-4fea-a34d-fa91a55e2fb1,0
0009af82-17d1-468f-95f6-0d765156bbc1,0
0fd2bbfe-98c8-43bd-a441-2477293403cc,0
0fd66661-cd13-44df-9469-7c4465f763d0,0
51517f5b-f0f6-4fb2-95eb-744ea7851107,0
4adbcd2f-61c8-4811-8b4b-38b7f1ea98be,0
04ac3271-2340-448a-b64a-6dc25a9d549c,0
4316bd83-7d0a-45bd-a2b7-9a124be92d90,0
43181560-203f-475f-97aa-e9f48b4bc105,0
0fea6c7b-5113-4d3a-9073-e674100564ab,0
32de229f-95a5-4dcb-8acc-fb728830a57a,0
32e1d690-6c61-4725-815e-7a303ea5cc2c,0
0ff31723-bc0e-4db1-9698-6fd73dc5bb02,0
32e628d4-113b-441b-9ad3-ee0fe1423b3d,0
5023d43e-99e5-495b-add4-5d2c161705eb,0
04a6f4da-57ce-4854-960d-7eef7bb0a6a3,0
4e862c40-236d-4ca6-ac08-7e4c608980db,0
4323c387-e67f-45a9-8841-ef6624b3c34e,0
32f38793-bd43-4288-9e32-643b33b17dad,0
4ae34309-e8ee-49ee-a8d2-a28d2f90863c,0
09a7cb94-5504-4f0f-84d7-4d5585e8880e,0
101152ad-02c4-4183-a874-2f8e6091c731,0
4ae371f8-175e-4f3e-b395-a0505e24242d,0
1017a6a3-8736-42b6-bdae-09456e15f9cf,0
101a5793-1033-4e7c-aa23-2a072c6bd6c0,0
09a2a162-5702-4b90-a2c8-20b783cab0de,0
102033bd-2a61-4740-8c59-628179e0ab5e,0
502503d0-ce85-44b6-860f-eccc63adbd19,0
102800aa-31f0-456e-82e9-b5ceddcf87a6,0
432d0bc0-0374-430d-bc31-928fafb83dcd,0
102ca204-1f41-4f0d-9a64-e3bb1a2ebfb5,0
43302183-96d1-431c-bdb6-91e48b3874ae,0
330db336-17c5-40d5-9f26-5a2fc728d6ce,0
09a029ed-a3a5-495c-b74d-a6354faff15d,0
103adffb-ac5d-4918-b4b4-ce6e01bc12b7,0
103e97d4-4506-4223-8118-5c0bcf3b7a0b,0
1042395f-9c26-4c3a-92bb-d5b3f6910bf7,0
1046ae70-fb22-4a17-b1b1-cea426bc5403,0
331494a9-1be8-445c-a116-a37faa6266f4,0
104e9132-ce74-439f-b3ad-f82de27615af,0
1053334d-3046-4d40-a76d-090f977452d9,0
04a51acd-92fb-42b8-8a78-6087aba5ec09,0
105d5e23-b4f6-4e6d-89a5-ad1b19618341,0
433a9df4-56ee-4a07-ab6c-cd9d0f101640,0
1063d379-a60f-49f3-ac54-f385c9bacdea,0
33225cf2-2cf6-4b04-9204-4e9bd13f5e14,0
106a630f-aaee-4f8d-9f61-71e86ae8eb49,0
106d9c7b-5c65-4118-8471-ca6f4f815c4a,0
43413ef8-27b7-431e-a5ba-75038a7680bd,0
3327eaad-5d06-4489-ac2e-dd75e4e23729,0
1077904c-2bb6-4d98-b67d-34a60a9c8531,0
107b0ab9-f368-4fa7-9cb7-d052b08dbf95,0
4aed8a7d-ebce-4e44-a876-272da6053e78,0
4346d43f-675b-4b72-91ef-11bf4f4cb6f6,0
10881a49-9ae8-4217-8eea-44169e3d5a0d,0
4aef5af9-0b1a-4f3f-b53a-2e31a40bb233,0
108e2233-2b61-4fc2-b9dc-62419fd5ae0c,0
3336ba5a-6b9b-4e2d-979d-0ecae1111f8a,0
098c32ca-e937-4b5f-89ec-680350a86463,0
098baab5-1306-4e43-8da8-7065e3e3b1f2,0
333a0756-30ff-4c1b-b317-7632fbfc9023,0
10a51ab4-58cf-4bf3-a72e-43331190edca,0
434e9995-25f0-40f8-b57e-1678ee3f43f7,0
10aa9623-6f91-4f0b-bac9-9b8f0d26dcb2,0
098a2978-fe3a-4268-a1c3-0d5596d4091d,0
10b042f5-88ec-4b3d-837a-05541fe8d4df,0
10b47f1e-f99b-4c0a-8643-161e572f9bd2,0
04a005bb-f7bb-4238-b5ef-6e7e83f5d5eb,0
3344fd97-d26c-422b-ae8d-fe854be096f7,0
43504a07-13f3-4b32-9e66-6021e10b0995,0
3347ce54-220f-4f7b-9c6a-a6d92e4d2a53,0
10c5dd2b-80f3-4ee2-b24e-8fb5aa70d46e,0
334ad368-4ece-41f7-b553-7c462103a0ae,0
4e8a4688-4d2e-494b-a461-6573b15da504,0
10cdc14f-01ab-4fc5-bda9-93bbc96349ea,0
10d0eb50-c6c6-4a9b-9f11-64e42ebe0b9a,0
10d50d4a-a88e-4d72-999d-4ebc47840e08,0
3350770b-09f8-4ffc-aada-09471a222295,0
33528744-5e05-4fa0-af51-955fe3962c33,0
049ecdb5-b38d-4219-8cbc-9e25fe88f6bb,0
00fb58f2-0813-4616-8d8e-2cf808187a32,0
10e34834-e010-4b53-a349-bbacacf729ad,0
10e6e60a-27bc-4239-9796-ecba5c21925f,0
10ea3ca4-15e0-456b-8bae-a03541cdee9c,0
50257da0-1414-443b-a329-f690a36c0f46,0
10f0e242-46ef-49e3-b7a6-eadf1ba9236d,0
10f5a941-1679-47ba-98f8-7e4fd2211107,0
10fbef09-10e4-4858-bc05-6faeac4627e2,0
049905ad-f3bd-4117-ad47-0d9aaeb02fe0,0
435fe904-c688-49b4-b994-f3d611e55b5b,0
4e8d6b3a-a54f-44a4-8f7f-2d4bc090d591,0
336c6288-bb9f-4ac5-aee3-332cd42825e7,0
110d2939-d227-4555-88cd-24e4d2b99669,0
336e9609-fd0f-488d-b8cc-65313a014a39,0
11159613-b55a-4f46-bd65-93f5ef24e4de,0
4e8ec5dd-628c-4ba4-a9e0-6245205c3fe2,0
1119f233-904d-4532-9cca-169900db6667,0
111e5566-76c1-4836-a205-7f3aad20c5a9,0
33764687-2c9f-43d0-852c-28fb61fba137,0
3377b338-45e8-4656-9a4e-40613cfa7070,0
4369d7e6-ce13-4862-b39d-bd070a51d006,0
436aee2c-825e-40d1-8c22-2f964b98d404,0
337d2f67-e9ba-4a28-9545-deacf7973f3c,0
112fd8b5-ae69-4792-9bb4-f42b2a510c97,0
0977b259-8237-4c58-b8f8-f63ed6d704a4,0
3383a335-fbed-4561-a4ec-f5a9da0a5210,0
113eab75-f4b5-4da4-9715-f93b58ee4454,0
1142a8d4-1d6a-4f6e-acad-a3bf6a0a496e,0
33872906-c93d-4358-a6da-93aff12223b4,0
43701179-8690-4f8b-9bf5-13ebf2ed41ec,0
437062a8-c030-4623-8668-c5a669894e20,0
114f2d62-9185-4b19-ac87-4f833a6d614b,0
3390ad97-87ea-47ae-869f-2d3b5dd5efdd,0
11560f3a-a433-4876-ab3f-797c551cf133,0
437348c3-72e4-4963-b94b-af0955f2349c,0
4afeccef-8f77-41d6-a8bc-e8ce0e631a72,0
1160d4ae-94aa-4102-8d74-ced5621149c4,0
33994768-9586-4ee1-9437-fc8df785b364,0
11679c00-3c06-4590-8a83-b7f558dbc644,0
4e93346b-fbd1-414a-aedb-10f26c4c7e62,0
09704571-3ea3-43a3-81c5-102649c5b8c5,0
11713f3e-fd64-43ab-80b9-e225c9e96292,0
33a4476e-2e32-410b-a1c2-db0a991d5f8f,0
4e9436dd-c628-4424-b24c-e1e908b79745,0
117d0e6b-db2b-43af-8e4f-d1e49c58cd53,0
33a9c64a-361f-413a-a7be-255241c0005c,0
118276d0-0f9c-46b0-ba3d-ab923348b5fd,0
33afee31-5024-4572-b231-66076056882e,0
1187a4fb-954a-4a6d-affb-f2209aeb41f1,0
1189a468-e213-4ffc-86e1-55fb77668f25,0
118df6db-d6f7-4131-85e2-3a602735410b,0
119105f1-2ea2-48ad-bba0-dd13bd19f26c,0
1195c2a5-25c7-4615-bd5e-fc35ecc227a7,0
43821ae0-60b9-4c7e-b9c5-0aa4d81279c8,0
33bed950-699f-4bcd-bbf2-c9443ea57903,0
021b2571-c215-4399-abd7-b1315241a329,0
11a2d7b3-fbe2-4953-b857-1de17761440e,0
33c41a41-0f1f-4781-8fc8-12ec7f22140c,0
006bf09c-7f64-4dcb-b13d-5f7ef8236b6c,0
0968ae23-f75e-477a-b65c-3af72dd5b6b2,0
021a486f-1137-49ae-a440-2545c4dd9a52,0
11b40bbb-9341-4f02-8c53-20b989cf0c70,0
4b0b6d8a-d8fe-4ca9-85a2-77c37605a538,0
11bc15d0-4e3d-40fc-beda-f2254b3b5bc6,0
4e9d3707-72fd-4e4a-ab0c-77cf8aedff07,0
438bc922-edac-4d18-b083-dcab2ac75812,0
11c48489-0ae0-4dfb-ac8a-8e29b74e0ad4,0
11c7b883-c51d-42d6-b790-681b402a0bf0,0
11cbf630-fbaf-4834-a9cb-43250122ae13,0
51528aa3-64ac-425b-9841-f2fe71ae12f4,0
33dafff0-0a47-4a36-90ef-5fcd244b39e4,0
00f8d556-7bd5-4765-9be0-bcac0b348a41,0
0961e1e4-ad90-409e-acc5-00d21de8da1c,0
11e421cb-7da4-4f74-9215-95cdd122060d,0
0488559f-6317-4574-8b7d-1cd53d38fc86,0
11edac37-a101-4ad5-a1ba-22d522174b6c,0
11f03908-f5ca-487b-a49c-ec2f6560ea99,0
11f641d6-e5bb-449f-85d1-2b32eaacc4d6,0
43937c09-83ee-4f8e-85b5-4c5bea5bb969,0
11fe456c-c3e6-47a2-a529-73abe6103576,0
1200e9a7-5120-4375-adc7-80d91f3ac552,0
33ec7708-0892-411b-9484-daa36e530ae5,0
04862bee-e6e5-4cfe-a2ca-5427450d297d,0
33f206c4-e900-4e43-9cc1-6760fdda2e86,0
33f418e2-2b2a-4955-b62a-80ecaace1736,0
33f57077-7d18-44cf-a47b-5d09aba8e780,0
33f5edad-f74f-4884-b85a-664539efac61,0
4396f8e8-78f0-4b19-8765-bd3e128eb517,0
12232b14-26c3-49ef-93f0-1fc2782a8cef,0
122700e3-cbef-48a8-a7d2-8642b743ddb9,0
4b10d674-e0c3-4292-b956-080fcd1050c4,0
502e962a-ef39-4982-9d96-8233fbe7fdec,0
33feebc0-f397-4dce-81aa-f9f3e2789e08,0
1231d0dd-923f-42ac-b757-77394a5f9e09,0
1236dd0d-6bcb-4f97-89ab-2c325e79b1bb,0
1238f1be-50bd-4920-9cc3-cd5972828013,0
4e9f10ce-f0ec-4759-969f-c1572a58b68d,0
3406c5af-4e21-4dc1-9bd5-bc20ab81c6c8,0
12440270-8cf5-4cfd-80ad-52b00423d1ba,0
4ea04810-7701-439f-b570-253ceba5049f,0
124a1557-f4f7-4db4-8b6b-a5e08b08ac89,0
124c00cf-e7eb-42c0-a6a8-0bfb536f3021,0
09553350-0b5d-488b-9642-3087beae7f25,0
1251ce0c-5b7f-4ba4-b2e8-8ccb27fc1fa1,0
0216ca26-ce2f-4c7b-855c-7c65d8778772,0
3413ce5f-4b0f-416a-bbc1-494e08aca59f,0
125d5a23-4a96-496b-b65c-7cf2b10b6cee,0
0954bd0a-cd5c-4eaf-b056-6a571c3f8fd9,0
12645d3e-188c-4207-b96f-83d0bae04e80,0
04807384-bbec-4a5e-ae90-01ffc66f694a,0
34211776-8dbd-4563-91e3-db1c41fd1b4e,0
126c408c-081c-4a7e-8c77-11c34a60d292,0
09525f81-386b-4ff0-9cb6-ae1ffac9dedf,0
34259681-0c6b-4500-baa2-a3b8da301c4c,0
047ddc8f-35ce-462a-b1ef-721d0a7f0aa0,0
43af7662-afcf-498d-b2d8-752d4ad1a158,0
127add97-e9c1-42de-99b0-34090d336182,0
127ee053-c070-4550-8b91-94c8b9dfb128,0
0215417c-d2ca-44df-bef6-34c4a8de3959,0
43b47e93-9a5b-4adb-864d-efbff6c9cd66,0
128a0359-c5a0-41a6-bd0c-37002637fa58,0
128fc235-a1d0-4bbe-93d1-51c349c225c8,0
43b5b110-bf79-4e7a-a2a7-210afc1b269f,0
34337aaf-846c-470f-b3b1-fcc311df1de1,0
43b6ef6c-d0e3-4c78-9720-ba9d485d86a3,0
34372bd5-d666-4f21-97d6-d6deceafadd3,0
43b7f099-5dce-4c52-a373-54ec12169817,0
12a9daa6-48b1-4739-a53a-963f6edbdb47,0
12adbf12-864e-42c3-9add-f2339e545585,0
12b0e346-0cac-4c40-9df4-4f5968c95120,0
12b3c454-8b4d-49c3-aef1-1c0cd7fa4f57,0
12b73d23-a486-420a-81f3-d1e8bbde84fb,0
12bbab7f-9ebe-48c5-a995-ea2068bbb814,0
344059ec-99c3-4a8e-9e6a-52c39dd44ae5,0
12c1e5c4-86a0-4228-a474-761f2d3206a3,0
34434469-a03a-4962-97ef-3a57c1046ffa,0
344621b2-d10d-496c-af93-d9a3ef89b298,0
344791a2-ed4c-4200-84d7-3f4a226533ee,0
4ea5a693-3ee5-41f4-8b19-011a57875e9b,0
12d4f0ec-3833-4db0-b229-17632ce83710,0
02125da5-ad22-4fcc-9646-56f7bc60eb55,0
12dbb822-c92e-4f14-a629-20acb46bd1a8,0
344ff324-e916-4130-b92b-6a84cdfa7d9f,0
12e172ee-c86b-4f9c-a705-382eca0d4db1,0
4b255727-5c7c-4fe2-9e13-35d820814cba,0
345559ce-e55d-4c91-9c43-146f8d646084,0
093c5ded-0472-4994-a20c-f40a2f1f1334,0
093b8e07-ae9f-4aa2-9900-e8ce2fd84e41,0
020fe3bf-96a4-4882-92bb-4a5c15aa799e,0
12f4fc98-4548-4a8a-9a00-906f821e4dd6,0
12f92466-8284-4845-9cad-4c69463492b7,0
12fc7d52-82e6-49a6-9c46-fc1f21b24981,0
1300915f-e8c3-4c20-8061-d908cfb06b27,0
43d735df-3687-43ef-b757-64c82efe49d6,0
1308f75d-1cf8-4f1e-95f9-2ab71cfae23f,0
3466aaf5-7bfd-4a8c-a767-4952d680b8f0,0
43d9efa2-a771-456f-beb1-e69689e84a10,0
0472a34f-9fba-49a2-8883-d63b28caa950,0
093605c4-0de6-4cc4-a303-a40203fef0b9,0
346ca881-611f-4c6f-9e39-0b95413ce965,0
346e8046-83d4-473b-9287-dcf36379a0dd,0
346f0efa-0e5c-4a9e-923e-9a11c5c6ff04,0
1323ea55-6621-4184-b5b3-88e9ab42a838,0
1328126f-04cf-4473-91f8-3c1e4f93a675,0
132d3b6b-abfe-4321-8a94-75cadcd13b54,0
4eac5e5e-eb42-40e1-932a-6108e0f38fc9,0
0930920e-551a-44d5-b800-06cf0ce3e58d,0
133400fa-6602-4f11-bad7-84c29400a30d,0
1336f4c2-1e5d-4bb4-9bc8-200b2df8f6a5,0
133a8aa1-daa4-428a-987b-c4ad2065886e,0
50354898-3165-46a2-ad91-2a7fd9af471a,0
133f80a2-1bd4-42ac-b314-e179bd7cd948,0
1342107c-c4e6-4ae3-a6f9-25c766bde836,0
43e92413-a14e-4812-9f96-4ae68709be10,0
1348acc4-e46e-4c82-918f-22f44d2cd8a0,0
134ed399-fefd-46bc-8dcb-36df42ba0912,0
13523bb3-72fb-4638-965a-7b595662f9d4,0
1355682a-188c-4618-812e-ef99fb0bafee,0
135904e2-df04-43d4-9353-70967819e787,0
135b7b83-ba5d-4be4-a799-f6334b4b1121,0
1361e9f8-13b8-4c4a-84c6-06dbe2f7d85a,0
13643af9-f18b-4983-95bb-a18dc77b0da1,0
43f0d284-9b39-48a3-8de4-57b16d8b4fb4,0
43f19864-be34-44ea-8480-0620e418ab8b,0
136d1084-c217-4e3f-ab90-6650729be3aa,0
43f32750-e533-4d39-a753-a0229ac19fee,0
13743e44-38b2-4324-8471-469286b7c270,0
046d0e78-2d2f-4abc-a831-b4a87364041b,0
349b1ba1-364b-473d-9276-e493229ff23a,0
137fab97-45b6-4eaf-ae5c-c2da8979aab3,0
13838aaf-30e4-4bf7-b970-848e8eaed51d,0
4b364fef-4542-4a0c-b31d-d5e3afd80eee,0
138d240b-dfdd-4c6d-9bad-1ef5dca69d5a,0
4eb1df37-2b3e-4d8a-84dd-c1a941aa61db,0
091f2335-2c0b-4e8c-91c5-73733cf873c7,0
13968805-3dd9-4991-8cf7-7c81ba25a75f,0
43fc628c-56fe-457a-945b-30478141aa0f,0
34a7f05f-964c-4a4f-be14-07b7c56dd357,0
34a9ea4d-a637-4dec-a381-cca4bdb8e2cd,0
43fee650-58aa-4fd3-b703-9fc800af629f,0
4b3ad352-4c06-4fb2-8efc-f5aaad89ab11,0
046aaf64-a5e5-438c-8fec-87d21475d41b,0
4403ea18-75f9-4fbd-a4d8-2f13789c8679,0
13b22ea1-ce5f-45d6-b80c-52b5466af1d3,0
4b3d3eb4-303d-462e-862b-71e3af215a15,0
13b92a05-a3fe-4708-b232-2cf6b99d8bac,0
4408bb66-6e45-4d36-8a9a-905501ad2483,0
34b70ddc-62ac-4b3c-8a32-e1433b4b2b99,0
44090ea2-5288-48d4-b541-1abf08a8281b,0
4eb64297-3dc0-4a08-8a67-46f5158c9180,0
440d9748-e688-4678-b029-c7b1edf2b3d9,0
13d06f7c-f670-439f-87ba-76de39e173d6,0
00eccbd4-eeca-446d-9bc5-9b6944ce8080,0
13d700dc-9587-424e-8fb8-4322d0b97355,0
34c5c5e8-e7c8-48b9-81bb-75bcb065e6c8,0
13de79c8-23f8-4c0c-b24b-1aaf212bd19e,0
4eb643f9-1a39-4618-b188-862e45ae82bf,0
13e4b301-8965-4e51-a720-3e35714f1f24,0
34cab636-ff38-4bd4-8814-f4ace407e510,0
34cb3d86-bb5c-474e-9847-7f1916df8354,0
13f04a6c-eaef-400b-a65a-a0213126feb2,0
13f32a35-cfd4-4f1e-902f-9090a7042ad2,0
0467c3e5-e2dd-493b-8c96-f2ff4a15c180,0
13f8e722-8452-4efc-8dc9-0479d1b0c13e,0
13fbcf8e-bc3d-46d0-914f-1ec1a9fd75fe,0
09115a41-b2b4-45d6-bf1a-340db1194ed2,0
4b47e0d2-a0e1-459c-8044-bb7fb758f460,0
1407273b-a72b-477d-9c1a-34605b1ebdd8,0
020671fb-d438-460b-81b9-900a65e7651b,0
140d6e10-0293-4021-825c-034417b39a32,0
4415e878-0fc5-4abf-ac4b-de81378b7a53,0
00e8c77b-cd2d-4b20-a957-808c80d03dcd,0
141ae738-d516-4e49-bbfe-a19e55aad0df,0
1420cce9-494c-4d70-ae90-ad88068e5139,0
1423f00e-e739-4a4c-800c-07ba9fdd57df,0
1427225b-2e97-4493-aba5-8e1b3e70a624,0
142c6ec1-c343-472c-8165-2317cbfa6829,0
143093b1-8bfe-444d-b160-37a61f7adc1b,0
0030ea39-1ab2-46fe-9247-4bac4a7d8123,0
1436dd9e-0525-4321-9670-62e42b97dfa7,0
143a9cf8-0578-4a56-8ac3-5d350e1d6497,0
143c2c53-b9ce-428a-8c84-d6879f5383d2,0
441bfea6-bccd-4c4e-b148-cd091315163c,0
14431c49-843e-4828-bc52-2bf9cc91cf1a,0
34f5e437-b5bd-43d5-9cce-2e99d0967ba2,0
34f6771b-8925-4c78-a610-a52d734a0907,0
144d8548-1f38-4fab-9c47-d761464312e7,0
34fa7b31-22e0-411e-8c38-08f29842a7f1,0
14554f84-306e-4b4e-982c-c9d69766f866,0
09061a39-2355-492f-94cd-90cd36103999,0
145d50b8-941d-41d7-a1f7-7bfcfa7002c1,0
14608d97-a3dd-4aca-821c-b8d41bd62f6b,0
3505eaa5-d325-4a7b-9778-26419fb518a7,0
14665975-a1d7-4062-b5de-7d829f523002,0
4427ab22-6513-43fe-9452-1c4678a481c5,0
4429436f-8af3-4a8c-af13-1c0f00870ec8,0
00e54912-dc86-4328-9143-362418f253c4,0
1476a431-8ae7-43d6-b60d-3af147f40d1d,0
08fcc645-2df7-4054-b12a-71a54e77bed8,0
350fef46-f5b1-45d8-9247-f1dabe1fbac7,0
0203d803-9014-499a-8914-460ecda002a4,0
3515952f-cc24-4ca6-abdc-869092ab043c,0
148976d4-c412-4d55-a6e1-d4b5c5348d9f,0
442f33aa-a823-4235-9de7-b61ab1489a0a,0
4b4fb447-b404-4858-bb8d-1079f560d445,0
351c4bef-a2a5-4fec-9cdc-66f5522814cd,0
1499f4de-00b0-4ce2-a033-0ffad563fa99,0
351f5f2e-9f21-4c28-a235-0cf052a63710,0
351ff56a-a0af-420b-aa5f-db2437e5ebcc,0
14a21469-dc6d-44f7-9ee4-6d473f7cfb74,0
14a4ab7f-5bc0-41f8-8058-01ff3ecdf806,0
08f48f54-16ff-4c59-93bd-8b10092d39cd,0
14ab331a-b65a-4887-a122-d667fee80fae,0
14ae1399-ed56-43a6-b074-e2c95519bf70,0
352e1abd-b28e-440d-9492-fcecf6813423,0
352f95ef-2431-4b47-b2b5-1faa7bbc956f,0
443c7aeb-a69f-4803-bcbe-25437e64d793,0
14bcd3e5-67c7-44f4-9e01-538428731e63,0
14c24f1e-6b35-41eb-a1bc-b55b0838455d,0
14c5429c-1f7c-4faa-9c2e-c3c71dbe2b35,0
443ed329-2f2b-4a30-96cd-f55f7e659531,0
443fd0fc-b760-4a33-ab45-f30995731e98,0
08f1b525-9b41-4bc1-9e51-e1197b2af562,0
0202e1e0-d16d-4923-b508-5923f04ba30c,0
02028b2d-d8a6-4660-a317-3094ef137ac2,0
14de3f85-b4b6-415d-94b8-9a5a90db41b3,0
354006ca-abb7-4ab5-91e7-7a31e86c7c6c,0
444543bc-c6b2-4de3-80e4-6588aea543b2,0
4b5a3d65-a14c-4f28-8583-2b965a23313f,0
14ef6ed3-756d-4033-8f42-3005ca379857,0
354768f9-04c5-4d5a-bcd2-761b854d213f,0
4b5aae72-cd6f-4a12-a99a-f573b5e9797d,0
354bec9d-f928-42d5-bee1-0ffe6b265a4b,0
14faa365-acab-40c3-a845-11b9e8c078f1,0
354ef1d9-f0e0-4ace-b09e-bae0285d032f,0
1502e479-0f3f-48ed-84c6-e5bc071dcbdf,0
1505f70f-0f65-485e-81f3-303f09fe23b5,0
08e98c54-68eb-4e52-9229-9c877adfbba4,0
50fc3104-60e1-4157-89aa-b9e53cd651bc,0
150f97d7-3d5a-4a6e-ac77-8de523b549cd,0
1513a91e-b0ab-44ef-9ae9-9b2cb068211a,0
3557efdf-3bb2-4a33-ae6f-025823daedb4,0
151922fe-52a2-408c-8331-64bf69b59e13,0
151b863a-bc79-494c-9033-193f751f77bc,0
355be159-f2d3-4d35-ab50-751e7bc6760c,0
1521e368-1a3f-45dd-a77c-42640827f2b1,0
1525196b-2757-498b-8f1a-5fbd50c873b5,0
152b0391-01f2-4b77-b8a6-d449c53f1a39,0
152f7192-2bb0-480c-99ab-cb8c6b5f3e2b,0
1532ec0b-6481-437a-a659-6ddd569f8ec4,0
4453fc8b-401b-4843-92bb-cff4560c89a2,0
153a3689-5394-4cce-89ce-2ab64e6e0749,0
153d75d6-9c19-4b6a-a11f-7c7bdef4cc2a,0
3565b642-3e95-4090-95b8-02a2a726a432,0
154445c0-2202-41a6-91e3-26b6603427ab,0
154715e4-849e-488c-87ec-fc8ce832a744,0
154980f3-0ec6-42e3-8bde-80e41eff97bb,0
356b6c4b-9124-4cab-a31d-7b2185759d0b,0
154e29aa-a245-4fb0-b867-1a7b3b27953a,0
1550ca7e-3a2a-4581-a6bc-91388451e2f3,0
15537467-52a4-4721-99e6-e0bee115ba84,0
15581078-e06f-422f-badf-3588a3341c4f,0
155a0d5e-a023-4293-82e7-a2d3452ecf23,0
445973fa-8070-46b3-ac29-015338252b72,0
155fc2ca-e6e1-4989-a294-8a2f5e63e4be,0
35742f46-e612-48d0-8651-4f5dd70cd58f,0
08d80b2c-a483-4f54-a2a9-168dc23420e0,0
08d7f29f-201e-4d5c-bb12-ea826cdcf884,0
044f3e93-005e-46bc-93a8-e9ef6d1b8789,0
503cc66b-1f00-4f93-a697-32751af581ae,0
15771c5a-ab66-4d2b-a558-5822b9cf93ca,0
08d6bdb5-f145-40c0-9b65-254a2f3ac56b,0
00dfc84c-6b07-467f-8a63-729c2e463a13,0
1585ca6e-6d79-4eb0-94c6-4c1430812497,0
445edb31-ecf3-4aaa-9113-5333178f7495,0
50fdce08-4baf-40b0-bf08-89deeb3404d1,0
35839670-9dee-4c97-9733-06580fcf33a6,0
4b677cd6-0d8d-4b81-bb97-e453bf47ae35,0
159950e1-0848-4051-a6f7-7591db0e0634,0
4b67fed3-0700-4574-88dd-5d7070c5ae60,0
358c8c37-9a1c-4de3-99fd-4c2e3f4c4b13,0
15a4349b-3661-4bd0-87eb-407e2db1380a,0
08ce586e-6cba-40a1-9ab5-03a64f836349,0
00de433e-9775-45ea-a84d-4cbd8c6bc8ec,0
4ec4f767-734c-41ac-88a8-81e159e6c2cd,0
15b17171-c824-4aba-a01d-baa4ed9a7281,0
4b6b9a50-1607-426a-b570-4b87cfb13155,0
15b78511-a036-4386-b855-970dae1abc8e,0
15ba12d3-83dc-4b21-948a-5a1c9365712f,0
15c0534f-a792-4feb-a0e5-ab8bb1154492,0
359bc9b7-3a99-4016-acde-3880c0a86484,0
08c97af0-361e-416e-999c-50096b83e5f9,0
15c86ab9-d825-4a01-96a7-dedd2714964f,0
15cab096-c2ce-4e60-91c0-f8ce046e5924,0
0446568c-32a2-4743-ab6d-d2436f5c4809,0
15d2d187-06e7-4e23-89a7-7e9cd36d311e,0
4b72082d-a66a-47ab-ad04-3d1c54faaa99,0
35a9c121-d391-4929-aa70-32bb1351071d,0
04445632-bd45-4341-a536-f6fe02d27e52,0
35ad0d38-5822-4c11-b93e-0af1b6b67ab5,0
447422fd-b3ba-4a95-a847-f0978deecf66,0
15e88803-7724-4a45-aefb-03ac93497f93,0
35b3fa66-777b-4031-a262-5c770a98f482,0
15ee98f0-0e1a-44e0-bb99-9fd18638442e,0
15f39cb1-408f-4633-8639-0203fedcc3b4,0
15f78e60-a20a-4320-b2c9-9daa24e5bc0e,0
4b7477e8-0ace-4f95-b0ed-13cb647a2162,0
15ff27ce-d5aa-4c06-beb0-8975988ef89d,0
447b2ce5-d2b9-4c48-b3dc-2ee15a3baa9d,0
35c221f2-66bb-409d-9346-6d097e18ebdd,0
447c91ce-b986-4ba8-ac41-28d3a887099e,0
08bb769e-a95c-4944-b557-bcbc88fc909f,0
160bd2fc-406e-48d6-8b9e-34e0b05079d3,0
160e54f6-8ecc-464a-8e6d-3829de0c715b,0
08b9fef0-7a44-4999-a8cd-c361576ddaf6,0
35c9d0af-0b35-4cbe-8fda-baadfb898680,0
16190e5c-4089-4891-926b-a90927143964,0
08b7fb43-1a05-44a0-9708-018877bf5718,0
161e17c6-bc8f-4cb1-8592-6df6c7ad7d91,0
005fa62c-5428-4aca-9905-954a6cf95ef9,0
1624d4b1-7905-4893-898a-312cdea33f5b,0
162830a0-7ad9-4134-92ea-942e2aef55e4,0
4483c18e-abcb-49ff-87b9-9391f42854f8,0
08b3dfbb-ba3a-40a7-912a-1417916de245,0
16376214-121d-4c03-b5a7-5bbe104de897,0
44869bbf-163f-4295-9d37-38cd75f38ff3,0
163cb008-75bb-40c8-a651-a8f7eca14d4b,0
163f4bca-7093-42b9-a3ba-622a140886af,0
043b0acd-0264-47dc-be52-37f626c9f008,0
16463c40-5801-4015-aa58-f0a59edc48e7,0
164a8766-10f2-4b3b-a2ec-befe9d30b740,0
164cc0b5-083f-4c79-a321-e72996d6f1a0,0
16502294-ebfb-4580-8c0e-d3d3741877dd,0
16537418-0f7f-4f61-bda4-1b91110fd2a7,0
35e51953-33d4-404f-bedb-162e9cde5387,0
4ecdd69c-e875-4520-8331-06a1c95e1852,0
35ea0ac8-7bbb-45ca-bc5f-c8cc1aaaf004,0
449218a0-0b82-4ac4-98fe-0f2a8f0f7dd4,0
35eeb912-8662-4187-b3b9-f6f0a96a5151,0
35f07ff0-f410-4cf4-829e-57f63833e5b5,0
35f1310d-60ba-45aa-8ddb-9b55a3ff8429,0
50449444-deaa-40bf-bb38-429664273be5,0
167210ec-3f35-4c15-a7bc-5c7b84327d80,0
0434419e-c939-4ba6-bdc9-42625d476798,0
35f71596-5e44-46d9-8ee4-c95a6f96076d,0
167b6abe-dbfa-4999-a6b8-f7f41f7a1ede,0
167fc33e-38b3-4f6b-ba53-0a058860fb6c,0
1684c6f6-43b7-4bb0-bbf8-398ae67885bd,0
04339ce3-93fc-4c50-bd19-a18fb06587db,0
35fdb163-a405-4b2c-b100-f3a6e47df21a,0
168f1f8b-7fcf-4fb2-b79d-0c6db6eea8c2,0
169179bf-61d5-4fc4-85ec-feab6a837338,0
1695530e-8f0f-4b6f-9ece-96a825d3a77f,0
3604866d-0bda-4d0b-93d9-226b943ff057,0
169bbec6-ccbc-46cf-bd06-058ba691e038,0
169f9e22-5325-4ff1-aecf-395f75f40d16,0
3608ad5c-e541-47f6-bc17-be36d4c49371,0
16a4725a-b547-49b1-84d9-2c9035688c61,0
16a63f7e-8ad4-4253-a9c7-f7ef81778faa,0
4b83e2c6-c64f-429a-a65d-eb9024cecf9d,0
16aebd80-1ee2-4b1a-a610-d0555eef2ead,0
44a1e822-99bb-44b1-b9aa-9b02929f2dcd,0
16b5c441-502c-427b-9af5-f13239943790,0
16ba2d14-3a9f-4320-bf9c-fd56e9985d3c,0
01fa96e1-44a0-449e-8ab4-b7c47c0e2b41,0
16c0900e-1153-4f19-87ae-76429f84e08a,0
16c56544-e8c1-4e10-821a-e0154e0a0d38,0
16c84370-3fe9-4f88-828f-c95dedce7879,0
16cb6150-55d6-4333-8ab5-29d85ad92605,0
361aa036-e771-4476-aadb-f94ffcac4cff,0
361b7419-96f6-4b32-9406-422a06ed2d86,0
042fedcc-ede3-40c1-a708-81011198ab45,0
01fa5f29-6a45-46f4-a27b-0753e5a87cdd,0
16e1ca8c-a2ca-439a-a62e-728b47d9f6bb,0
042e6f19-91d5-496c-bb8a-fddd7feeea7e,0
16eb757f-6a99-4193-ab0f-c9f50787b5f7,0
3624eb97-1666-4a6a-b15f-533a81aed514,0
44afc3e0-7114-4a58-ba1a-e4a3eae772f5,0
16f399f7-b2b5-4a3d-b58c-cc9340497334,0
3628b655-d2c6-45d1-959f-38efe7c758e6,0
16fb2b29-737f-4071-bc60-e73f84fd81bf,0
362c8f0b-09ce-4ec6-b0aa-00607c23c928,0
1703c11e-dac5-43da-af88-90689a328608,0
17074e64-3176-46a5-8077-3ddde08db1dc,0
1709a725-e34e-4f4b-8252-84ca42136ec0,0
3634e9dd-1bf5-4778-8f8e-06d7cbebf943,0
4b90fd23-4e29-4f07-8b6c-bf71ed1d48cf,0
1710a0e3-7c4b-4302-9f61-6f86522f244c,0
0899e720-d6c2-4d35-af37-5ecda4c62e09,0
171a79e3-66d8-43e5-903b-612cedf157c0,0
171f3063-3beb-4661-937e-d0cd68518ee9,0
1722b3d7-9686-4dfa-bd6b-aaf2e7fb360c,0
1726c293-5a8b-47e2-a4d0-3c7ad3874e33,0
363f9f90-15f7-4f02-aec5-2ab546c0c97d,0
36420b1c-fa10-4ffe-9ed5-0abbc888d761,0
0427aced-7720-40b7-b49b-0ea7db931006,0
36448e3f-f23b-4de9-8a93-4024965401a8,0
3645c3d4-7b40-4b86-ab2f-e834e8b51887,0
04265e39-8b78-412f-ba92-ef735262912c,0
173ee227-5d0a-46a9-b56a-01023b4dcfdc,0
44c04264-11bd-45ea-a8e7-f0279a3f537b,0
44c06846-2a6b-4852-9932-fa3996c974ee,0
174cbc98-9253-41c7-b894-d59c362a39ce,0
44c1819e-c7dc-4914-ba53-956739af7f99,0
44c3a4d6-8093-47a7-bdaf-3073af2348ad,0
17573302-a4ca-4b36-9291-71b2378d9b75,0
1759bee2-97ac-4851-aea2-2067c5a779dc,0
3656a1da-3855-4cce-9602-a1837d4c5f8c,0
17606edc-6eda-40e5-b805-43d49b54d7ff,0
17633ec2-2c24-41b4-aebe-6fd715a2cb27,0
4b9cf236-616c-40c0-8380-b2331400ca12,0
176a6f78-e3ec-4871-a32b-39fb274b8cb4,0
176d7ebb-7f09-4bf2-b7c5-0f5b866491ea,0
00115d6b-04c1-4b99-8431-64490ae79eec,0
1773b086-2e96-4f07-925c-f26183f956a7,0
041f62ad-8051-4d33-9afc-091a82cd6082,0
177bde89-5203-4114-aa25-0f05b09383ce,0
366802a8-c897-4362-b2b4-a938bfb07cb9,0
005d9495-bc34-4c13-89d3-4be7d7a9865a,0
178afb24-280c-4f85-a30c-5a28bb187423,0
366fab3d-5bd0-4ed4-9185-6827d39fe055,0
08841404-5345-45f1-b436-512b79275b38,0
3671f44c-cc00-472c-868e-b81eae999fa0,0
3672641c-ea42-465e-8015-d09f0aae124e,0
179974e1-49a9-41a5-b682-7200dcda719f,0
36783eab-5f2c-49d2-8db7-a14d76cddd19,0
367bbef5-869f-46e6-b08d-5a70fcfa56ff,0
367c58b1-7ffb-4727-ae5b-a545ec783503,0
4ba19aed-9a85-42ef-a7d5-58c2b141fc08,0
367ebe5a-e64c-4b55-8e02-3917c5f7eea6,0
17b1d789-69f0-4800-a7f4-b338aebd31e1,0
44da020c-46ac-4da9-afaf-176ccf6d4e8d,0
17b55e82-152d-471b-80b0-c5db3415be75,0
17b9dfc7-7c63-4109-b1ad-93bcefd1cafa,0
01efe2a5-995f-4fe7-bf17-cf1caa3bf0b7,0
3686ce6c-e144-43e8-b789-122bd1dcc109,0
4eded3f0-60f9-43dc-8470-3f4a0acd0c96,0
17c6d4a4-5385-41cd-a66e-ea48730daea7,0
368c874d-0a4e-4095-8b33-c6f8304cce48,0
17ce3ca0-28de-4760-be08-4b5d721cd19e,0
44e13465-d34e-4e20-8a44-c26c076e9cb3,0
17d4198c-6ef2-4af0-a3ff-38b9a21de074,0
01ef4c42-edcf-4762-b9aa-079749b6dfd3,0
17dc65aa-d231-4cf3-8659-3a8f8e1ff9a9,0
17dfddde-cea8-424b-9032-308e01675cae,0
44e61c8f-a80d-46c3-9118-d47e841b5a47,0
17e5ed51-d157-49da-b1c9-55c4b7c8e8a5,0
44e7178c-aa1a-45f8-a8bb-d3584c27bfe2,0
44e77b32-874e-4657-9be9-cb062f81020d,0
369d2bf7-ee26-4049-8b4f-37d5dd423ae3,0
17f2c8d3-0f03-4d98-8221-1ebfc079bd32,0
36a23f5b-cb0b-4185-8ad4-81c43e0999cb,0
44ec674a-6184-4895-8175-cc1168717c24,0
17fcc72b-b6dc-4406-9ecd-2dc4ab2c3fdd,0
36a79827-7836-4ba5-856b-bfcb95f7b308,0
180104dc-b1f4-4269-8e1e-0cabe1a95a59,0
4ee0dd56-70d9-4403-91cb-b421fe7d905a,0
1808ceab-7794-4b82-ae33-15eba337ccff,0
180c5c36-7061-4e16-bcfc-a2b12d1fd378,0
1811800d-b68c-4c59-a135-8d3afc4d0af5,0
1815560b-6ec7-4d86-a4df-07428593bd12,0
4baecb2d-b826-44e5-a224-86adf56c665b,0
181a830f-1a72-4f8d-b027-416fcae2e588,0
44fa9ffa-10f4-4473-9704-957f2829b7f3,0
44fad0f7-b1fa-4152-8e3c-7085771afc93,0
36b9c3ca-1f03-46c5-8ef9-6914cb18da29,0
002df415-63d9-431a-8f61-42b53269f47e,0
44fcc885-63c6-4c0f-ac25-c9783cd92f1a,0
01ec2aca-504d-41d9-8287-236724c33445,0
183411e9-7673-4d6d-a2d9-25f8937faa05,0
4501731b-41b9-4e75-a50c-da9230e7ea53,0
183b852a-8476-4530-b4c1-f8845223c87e,0
4bb2ea28-ccab-418c-8827-5efac86a774e,0
18459fd9-d2c1-4fec-8b07-6d99a925524c,0
36cb9b6b-9636-491d-9b4f-f8b4e9226f31,0
08710cfa-6ded-463c-9b58-8968895e49b5,0
4bb59297-4b23-4c9a-ad6b-d59cfbaaaf74,0
185647dd-d7cc-4781-8352-1dddf04f84ea,0
36cf86a3-5388-4e18-83d2-886b78cc326b,0
087037e4-4b97-4cdc-adcc-7a655ceaabdc,0
36d31ef1-43f4-485f-a143-3b8261176703,0
086cdcb7-0a2e-4979-b825-95d6b72bd14a,0
086cd7f2-304b-48b0-b237-86b537bee590,0
186a21d3-288d-4ea5-bab2-6e125ac41644,0
36d87285-3c39-4817-a965-325829d92a42,0
36d8e07b-415d-475a-8d02-a38a8b355e95,0
08691f5d-26d3-46ac-9793-0d3e038cb137,0
4bb98e95-7273-43c2-84b3-cac5fd8b1dd1,0
04060f5c-be19-422d-a555-851a7c277d3d,0
01e96c2d-99eb-42b6-b1b0-b664123f8080,0
450e71be-5c47-4605-9764-ca157ee0416a,0
01e898ca-ee4f-4d71-b3f9-f8bb7b951ae9,0
188a1a10-9264-46b9-8b9d-51ca656f70ab,0
188e79c2-13cc-4e06-bffd-e70428af2e9b,0
36ea784d-5de9-4cae-aad4-4480868282a9,0
1897a912-dd8e-4de6-9bc7-ba1df0598fef,0
189b9f89-df14-444b-ae40-33a81a11f1c9,0
189ddebd-b90b-4465-8129-1cf5608b481e,0
4515a7b2-4b79-4b3c-96a8-f7dac6e052dc,0
36f3794c-363c-40c6-b1cb-dce014495551,0
04029403-25f5-4018-9bec-e0214f5bec25,0
18ae99b1-4863-4381-9ab1-e5450d7e3b80,0
18b00d83-a705-4ae1-9cf6-57f56a7b9013,0
18b3df7f-bd63-4b99-b4df-4bcd3fe5fbc8,0
451c1a22-c099-446e-9b92-6e5523c2a574,0
36fd3fdb-2898-4dc2-910c-e04774cc541e,0
0862fbdd-8475-4941-b87e-d625b1b480e2,0
086019a0-a12a-48a0-96ac-e0a6453677f8,0
51052f41-0cff-46da-9370-c6823659468a,0
18c98860-864f-4d3d-9d29-2a4b4af3bfd1,0
18ccd87e-f59d-4930-ab73-7f82c5bdfbb7,0
18cfc2f7-2a5f-4054-8b65-19a78d18dbec,0
18d2aa5d-ad4b-4ff7-9caf-dce5194809db,0
18d5c9e8-db33-4cb7-b176-596a728343cf,0
085ad9ce-ed48-4a30-8555-38800f9f9277,0
370f4dfe-ff43-4445-8579-43d9b2c4d851,0
18df5a8c-7ea6-4fe9-9bb9-f00ea3126f31,0
085924ff-2bd6-45de-918d-256f02542a1f,0
18e80873-53ff-4420-9997-a3f78ff616c1,0
18eb080f-65cf-4ec8-af48-494c96fc025d,0
18ee1d88-29bc-4c9a-acbc-91b71a283074,0
18f2196a-7a53-4197-9249-2dab9f594074,0
08561676-405d-4988-8a0f-add002138221,0
18f8e2b2-8cc4-47dc-babb-0e418785c91f,0
18fbd63e-9f01-4641-9c7c-770a2fe81ce6,0
452d249d-c86a-4a84-b48f-0915c38223a3,0
1903fff1-29c3-4dfd-8d2f-add9b5d4d28c,0
08559d91-c540-455b-a1c9-6984a50d8519,0
0854fc84-185e-4149-9186-6290df04a430,0
03f90039-d59c-4c49-a6e1-3d721883d556,0
3727e6d1-24a1-4fc1-9485-de3c8c4ab4c7,0
37297f2e-0fd5-4ae7-af17-1b5a2c4512c1,0
372d7d5c-cafc-441d-8690-9915aea039be,0
4bc79d93-82cc-40ba-b9bb-b7fb96d089f9,0
37306db5-c4ea-4300-9003-d26db0f99b0f,0
192969de-cc60-4b3e-ba06-55be300aac03,0
192bfc63-3cfb-4666-8b0b-0b1becc8b4fb,0
19304125-dd50-4671-b0ae-a194f2b4d8a8,0
37366e52-aeca-4b14-863f-62ef31ccd4bf,0
1935cd7d-f7a1-4d57-b0ec-9b07cb8ae2af,0
3739b3c3-567e-412b-93f0-b73d23fda2a7,0
4536d604-4d18-44ef-a616-b67e53ed822a,0
373feb8f-697d-4067-8aaa-47f134805da2,0
19433d2e-c05d-4a7a-a64b-576806c6991e,0
37447cc1-9b31-44f9-8374-6926df75d446,0
194974c8-c50e-4f54-82a9-01d26369bdc5,0
194db420-bc09-4fd8-be9c-b0361149ad51,0
194fdd4e-9478-4b08-ab1b-827bf0b07737,0
084dbab0-ca63-42fe-99a2-f4b2ab5556f0,0
374bcd53-dca2-4f44-980c-d546a957eb5c,0
1959f5af-244e-4de5-9cd5-28652704eb2b,0
084cb5aa-0cd8-47c2-8391-b0a5e5a8c19f,0
453d79a3-1881-47ba-bf95-32a04bfdca40,0
3752d7a3-a102-46ca-9867-5375340593b9,0
3754b259-0d17-4b5f-96db-12b9429a0b47,0
4bcc8f89-b1a6-4fa6-9a75-d4ab4821d51c,0
196dddb4-a516-4c75-bc9d-8b3b3fcaf76c,0
375acf16-dbc9-417a-8b8f-16a710e2e8f2,0
19727207-3627-49c7-86bd-5506276145e9,0
5106ddb6-c598-401f-a8cf-97c38060a379,0
45454d24-a99a-4c59-8466-2183427ef3ad,0
1979e2e4-7060-4cca-bcf1-2ee6a6a19d41,0
510718e3-440b-4868-a34d-2ebc732238a4,0
1981c159-1de3-48fd-b539-57021c6593c1,0
1984cef0-57de-4a70-8490-05c18d2c9d8a,0
19870139-51c1-4165-bc35-15c979d3b5fb,0
376bd8b8-b4bb-4536-b69b-83c4ac0f61ae,0
4bcff2fc-7dc6-4224-b35a-7c50ad390fd4,0
376fb6b8-35d7-4af8-8dbd-781c97d6240d,0
1997237c-0891-4c8d-8be8-d9f5c687590c,0
199a636c-c5f2-4cc5-b54b-c8f0a2e35293,0
4ef52e3c-2399-4c9a-8b1b-e2f3257d2494,0
37741438-792a-42da-ad59-4cd6a117bea8,0
19a36ddf-14b4-407c-9cf5-0f87a6c01aa0,0
19a68d30-27f7-447b-8d95-487052560052,0
19a9af81-dac7-449c-ae16-0e739bf7f02f,0
19ade78e-6de5-420b-a35d-88068e89a332,0
37793cb1-4786-4320-9fe9-dc17bc56dfee,0
19b506d7-15a2-4b20-be68-4a24af9933ed,0
19b8c954-c6cf-4cb9-9e0b-33d0e42d09f5,0
19be8053-6769-44e4-81f2-9f5d3b36fa21,0
19c0c3c1-7c62-418f-9a70-df5a349936a0,0
4557bb7e-17fd-495f-9f15-a8ae2311f619,0
4559b366-8617-42c7-ae1e-903c21496bc6,0
19cbc373-4d34-4f1a-9159-84a34705c86f,0
19cf51e2-d154-4faa-87d0-a75c244c1e7d,0
37836db2-73d6-4c3e-be1e-1e99632bd219,0
455bfe7c-7fb0-4629-9334-ecdc8830ec53,0
3787100c-ea85-44ce-aa53-ff7a827b5872,0
4bd9898b-de08-4441-846e-b18dcebebbe6,0
378d4e45-6b47-4804-8a21-f43654673dd3,0
19e180e4-e684-41b2-a686-dbb1b76b85f0,0
19e5f864-03a2-4cdf-ad32-e2de956485ad,0
3791a4aa-5dda-4332-81bb-cddd407a5593,0
19eeacc4-a884-4770-9760-4c13568f87a0,0
45633519-9c93-437a-9b87-db8240a3ac8c,0
082f4247-fac3-4819-8c2e-209f69b16b86,0
19fcb42d-f661-4cc1-ba53-feaf3533926e,0
3799724a-b53a-46bf-a45c-6b3a6d3a54bb,0
082de25d-82c1-4c4c-9882-091d804fe421,0
379bda31-0adf-458f-8c1c-768f0f7ce69b,0
4ef79379-899f-43ac-8a0e-92fe78765a07,0
01de8f9d-2832-48ff-afbd-362ca3b69524,0
4bde303f-f7a3-42cf-9d78-3f643c62af7d,0
03e81b8e-20db-4852-b837-4e52faaa8c82,0
4567b176-09dc-4448-a10d-9dfdf3189a45,0
1a18bb46-2210-4a3e-975f-ba6e97b231b1,0
37a428b6-95e9-48d1-b365-569de1fc3a26,0
1a1ce334-a178-4240-a698-b92c9eca3b7c,0
37a6c9dd-dd40-4224-811c-c2b889e81717,0
08293b5e-fd62-4ae3-8d3a-1dbb56d47d81,0
0828ad18-530d-4fe3-a936-4efa52660cfd,0
456c02d8-b8ab-4cc6-b970-ccd9c4bcb076,0
1a2ec19d-7e90-4f58-9ce7-e53cbcfbb813,0
1a32bc8c-a48c-407c-bde0-797036c49a02,0
37af3d45-0c49-46d8-96b1-d53ebf8ca6da,0
1a38a6ec-ebd5-4800-9abd-fab94b3fd136,0
1a3cb8c8-4351-473f-b287-8eaf06672840,0
37b54e30-3c83-49a8-a388-81431742f74e,0
03e1c728-e547-4612-82c5-f642580a936f,0
4571aaa0-95c5-4950-ad46-4cb86922d43c,0
1a501007-ef12-4d4a-bb5f-0a2f9d2710d4,0
01dd5315-7975-4217-9db9-8c5c1a83674a,0
1a566e72-5570-4b27-9292-eb0b1eba8171,0
1a5ca358-a5e1-42c8-bd47-b8785b185e29,0
01daa3af-d856-431f-8da3-02a285d90fe6,0
37c52fa6-177c-43a7-a03a-c008e195a41f,0
1a66a342-be10-4215-97ef-78247e270517,0
1a6b98eb-bf51-4471-9ed7-d472e87e7eca,0
08201364-24f4-4838-b0ed-fad2b5a1b1ec,0
45797aab-bcd2-4272-9882-6e62227cf3b3,0
37ce535a-17ce-4154-8d0f-1f051859e13f,0
1a772121-1b25-412d-9bb8-989aaf85b5fe,0
37d36e02-03fe-4c69-95ed-0c655904cdee,0
4be7eb88-c005-4cfd-bbfe-bf6bb336dd0f,0
37d6a681-0b6f-430e-93f6-24521dcef6eb,0
37d8022e-302e-4b64-ad30-85815fe6fbd9,0
1a8bb8e1-ab2b-4769-8bba-70c02d7781e8,0
37dbb6b7-22ab-4d3d-a6ab-975bde70615a,0
081cd604-5103-49eb-9584-c18c439cce4d,0
1a960dfc-a60f-4bd2-acbc-870e28ffc3e3,0
03dd96d8-5165-4a1a-916b-9a531b85e13d,0
1a9da887-ce89-441f-a8e0-6c92d42373d2,0
37e5a561-67fb-4785-89f5-0e8cf0799e72,0
1aa2f9fb-c083-4b75-94fb-8c8dafe90a0e,0
458439f0-95b5-46f5-8499-8f5c151636f5,0
45848381-9b17-464e-8e8f-6d468a516ab9,0
37ed9c5a-1130-460a-be18-cb6add28cf41,0
1ab2a8ec-b389-4a80-890c-035a853907fc,0
01d41a70-4da0-48d1-925d-f09a59d38647,0
37f6510f-b6aa-40dd-aeff-fba9188e9d99,0
458a6b25-8086-4d29-b4c7-856897458906,0
37f917db-f79a-49c5-8c8b-262cd69f1b9b,0
37fcac1a-8018-480f-b3b7-4d1a72fc9826,0
37ff737f-abcb-426e-82a3-88cf9cb2bff9,0
01d292ae-f59e-499d-9ef1-029335ca7b41,0
38032d7e-91fa-4809-9f2d-fcaf821c1f2b,0
4efe476c-d1ca-4661-9756-d74e10574abc,0
1ad924dd-e00d-4dd6-88f4-053e159049fc,0
38058c36-9c42-4f4d-88da-d35f75a9c6d2,0
4efe5f54-b1ab-4942-b4ae-e7ae6f464a35,0
380906c6-397e-403d-b356-2b88004736c1,0
1aeb6ab0-9a93-4d15-93e5-7c07468fb81c,0
1aefdcd3-1e7e-4a17-9530-0285dd50b074,0
380dddcc-c306-4f40-b3c9-2f1b8fb116b1,0
08118c03-edb9-436f-beea-48094d1cfc82,0
1af65729-0b8b-4d42-beaa-01c4685820dc,0
1afa94f5-fe1e-4d33-8b2e-e2dd21ea26bf,0
080e19d7-99d5-4015-ac8a-8b2c28b3ae1f,0
1b0252e6-24e9-41c8-a32b-26d4a1525c03,0
01d134cd-c949-4dc4-b700-4120fb83577a,0
381b6aee-43fc-4cfc-95be-ea1514617aa3,0
080bdf80-a8de-408f-b9d1-54b60b9c560c,0
1b0ff465-f9c4-4800-8a5d-161d9f06f9b3,0
4c011f83-3f8a-4824-a31a-03c4a959f0f4,0
1b14d544-2b9d-4c73-96e8-c35cd08c5b12,0
1b18bfad-63f4-4f7c-9580-7966cf84e105,0
1b1deeba-7f45-46e9-8bb2-8dc41e968583,0
1b21bdaa-8bbd-483c-a024-75bffb233747,0
3825f8af-1980-454b-a3a7-f2ca00cdd89c,0
382759b8-1f6b-42a3-bec5-c15e8c271f4e,0
1b29e4ab-6fa0-49f6-a956-f55ce2c9b021,0
505bcc95-d8b3-42e2-b10e-65a53402e51a,0
45a1bd08-3b77-43ec-a3d3-6e0425bdb4ed,0
4c03ccba-d70d-4973-aef4-326b3978764a,0
382ed3d3-89fc-4d3d-9469-97614e305517,0
45a7e98c-a4d8-4806-8e98-266a8f1312bb,0
3833c1dd-91b4-4399-abf4-ffd41aad8c46,0
1b448050-5b37-427a-b85d-19bb516ba7bc,0
3835bd45-abea-42cd-becd-520ecb361f34,0
1b4be7a0-c0d9-4400-8e51-d06193246fa3,0
4c078596-9a20-419a-ac7c-694d22d1e9dd,0
4c081899-0bc9-4872-aae0-0b6745cb1387,0
3839d53c-d667-4920-bbcc-ae758449a0db,0
1b56a5c5-6870-486c-b39c-b10098049786,0
45ac845e-7bf5-4365-a3b9-a9f724a4c3de,0
1b5c558e-6ee6-40a7-91bd-638fcba16d2e,0
1b5e4c20-556b-47af-95d5-4ec4cf677a9a,0
1b61ea2f-a7d2-4490-a8d9-f173b63bf873,0
07fa2f23-d419-4584-9d93-688f9f2d828c,0
1b6a88f6-7fe1-48af-bf92-c40e1cf72e60,0
384591d4-9782-4253-ad29-8f618a332bdd,0
1b706f5f-d5bd-4abc-8453-f7ceb88a7e2c,0
1b73e120-92f7-49b3-bfb5-64d09f4fb31d,0
1b771525-7769-418c-859a-b119a01482ba,0
45b3c716-ebb2-4956-9a24-951e5e5e2b06,0
384a6c33-182b-446f-bb55-077e759f815b,0
384c3fac-6c65-4f83-afb4-e95e4958e38c,0
1b839e82-3416-4b97-a757-79dfded94749,0
1b88564e-5d48-45c1-8605-37eed10980ad,0
4f06e619-639f-438d-81f8-5adbfc9d1045,0
1b92716c-99b1-4815-a7e1-9e33591dcee9,0
1b962fef-95a7-459f-b840-805e3ab7215b,0
1b99de23-f9e2-4d65-bca8-097242b3329a,0
4c0f5b58-0bd8-4f52-b9fc-5d1a685661df,0
1ba04a2b-8800-427e-8f2f-8962ccdd34f7,0
45b9ff3c-e7eb-49d0-8b02-46d2e385389d,0
505f4f6e-8db5-4892-b488-13e9b81fb42f,0
07f27452-e587-4529-aee3-d7d9a0c7a7f1,0
45bd07fc-7655-4040-9768-c42055906783,0
4c11ffc9-f408-4d27-a6c8-4e7a9ebff69b,0
3863f3f6-3164-4eda-b1d2-5c5d2d042d49,0
1bb86670-05c2-423c-abe6-710db60b3e04,0
1bbb7273-cb26-4716-9770-3c2b361dc0ee,0
1bbfa896-5ab1-427d-881d-49b6790c4e41,0
1bc54037-34c1-4cd3-b3bf-2a4ccf792557,0
45c2d69a-a3c9-4b6e-a9c1-f4e87acd6c9e,0
1bcda4c5-0c98-4bdf-8c03-1cf76730f6d7,0
1bcf2ac0-3453-446d-9125-c568f08b3482,0
1bd37643-bbfd-48b5-b252-85c8166973a7,0
1bd6a6a9-4d40-4389-a626-a2c994dd4d4e,0
07e90d35-6fd5-497b-a1d2-c207d4ca494d,0
1bddf937-5c4a-4b5c-98c0-0a9cfb914f24,0
1be11d6f-3922-4d13-9fac-d6e37b3de683,0
1be62ad5-b6de-4c66-8dc4-6c545b9da076,0
1be8baf0-adcd-4c26-b28f-5b4d55c15409,0
387a3cc2-826a-4778-bbdf-0562722415a1,0
07e77dee-86ea-40ea-b06c-aefd80e7cdc3,0
1bf2e774-3fbe-4c55-a94b-48bfd99c0ab3,0
45ca26aa-43d8-49f5-bd7a-2dd849b0c906,0
387fb1c2-c6f4-434d-beac-e880c94af677,0
45ca60bc-cf99-4927-b399-e625eb59a398,0
1c06102b-72c9-4d1b-97d8-9a2d04033f0d,0
45cae4c5-1d2d-4576-9bc1-3d830ca64e09,0
1c0bed88-7e9e-4fa7-92cf-8c9c77013fb7,0
3885b646-e7d0-4046-8d80-1e82926e638f,0
3887d364-e8cd-4fd2-9501-3dd25e6c9a9d,0
388b64a6-d534-4473-88d5-9cffc480bac9,0
388dc215-0a73-4852-af7d-f49160ed4767,0
1c1f2da0-cea8-4b28-8593-5cda4d3201d9,0
07e0e00c-3d15-4062-87e8-0000fdf65885,0
07dd77ce-9c73-4d0d-b238-046fe272538d,0
1c2b82db-1161-4334-bafa-155b6d6ab327,0
1c2efe12-a9eb-4ee6-9e47-066bfb6702dd,0
45dcdf0e-895e-4646-a62e-4fdce8b7fcc5,0
1c33dfc2-dcaa-4594-9772-884711edfd9c,0
3899b2aa-61e2-4bb3-9e6e-bd1dfcff6e7c,0
03c1b4b1-e40d-4985-8acd-633e6b4abc97,0
1c3ff134-9fc4-48ee-a25a-948636245b5a,0
1c431de5-68ae-45bf-a305-dc28576c7501,0
07d8882c-ac47-4899-8a43-098d9d685ff1,0
45e2d87e-13e1-47f9-bd24-ed1e7c4d0bc4,0
510dff08-aeca-4fc5-a9a0-f06835b6abbb,0
0053d773-6014-415a-9c7f-ed6289cc6caf,0
1c53c2d4-5408-442f-bf01-780aeb59cf5a,0
07d68e61-26e1-48eb-a806-37317f7d62fa,0
50647f98-9928-436a-a6b0-dedd6c8aae6e,0
38a8cd28-c9af-48a3-9164-f0bd324a9900,0
01c7eb90-8c72-4713-99f7-53a85ac0fda0,0
38ab5259-2ef2-4505-b462-677b5cc892a6,0
1c6b9e91-a00d-4bd7-83dd-e2b1d7dedbfc,0
1c6dcecc-6047-40d0-98b3-984cd2e700d2,0
1c732d0d-6dcd-49e4-95cd-43b452718066,0
07d0e1c7-7829-4d2e-86d2-8fb1ab35b22d,0
4c2b150e-26c2-4ccf-907f-1890e7c5bf21,0
38b250e0-7f18-4755-9be5-91a75b429184,0
1c82ccdb-6bd0-4c41-b3b2-5b6fdbc491da,0
1c851286-8224-44f9-aea2-1a192c8655c1,0
1c88d0b0-bed2-452a-8832-cc0680130def,0
1c8c3485-90b9-4acd-a642-edd4f29dc9fd,0
03c0067a-e0a0-4773-81ec-afaa152817b9,0
1c95b444-4d00-45a4-ae1b-3edcf3176ecd,0
07c6a8a4-2ddd-49d9-b6c2-2b5a14714054,0
38c5c835-ae32-4707-9627-6c3ffe20f4d0,0
07c45549-e08c-4e6c-aa0c-8b95417a1f37,0
1ca4692b-e8c7-4d5b-851b-22323215343e,0
03bc8c31-f8ad-4e7f-9dd3-52007f1093e0,0
1caa6eac-c208-4039-9372-e34649bc5155,0
1cafe6cf-e4a3-442a-b3c2-54972bbd7d01,0
1cb3c3c9-b30f-4959-82eb-f65b32e9f8b5,0
1cb59410-f35b-406a-afac-50e397b64219,0
45ffd576-c52d-4c0d-adb4-b6ab076a967c,0
38d0b335-0326-4f03-8252-ca09ea7c494c,0
38d2684b-d3a4-41d3-8add-9948ed7b9a39,0
07c143eb-8356-45a8-a981-e6bd33c5d2e3,0
1cc4d932-7121-44f9-a823-3f8e42a7f3c1,0
38d6df22-86ad-472f-83af-61194540d420,0
03b7defd-e517-412d-82f4-6483cbcc478b,0
07bed538-5969-4587-a051-7aa06f3f3044,0
07bdc1db-1538-488d-9288-0224dd6f0ebc,0
1cd622d4-ca50-49a7-b1d0-875aee925398,0
1cd9a476-a58b-49e0-9f88-1a081b7aefd6,0
4604a3a5-9c69-401e-9175-68bf366827cb,0
510eb34b-fea9-4803-a2fa-50b45ad17546,0
03b540b2-582d-4d9f-bbc7-7291010690f0,0
4607a5b0-45d7-4c89-85c4-68f1a5c69966,0
1ce7c5e5-e871-425f-8667-30ac2ac3279f,0
38e39773-b63b-47d2-acbc-00eacdc72728,0
1cf0fb02-f0e5-46f0-91f3-f1a26e84fa6a,0
4f1ad723-b1c2-46f4-a8eb-c834f134043b,0
1cf7eff8-5021-4d34-8744-f7f74a3767b6,0
1cfcd439-c86e-44f4-8d4c-f5ab57b0b280,0
38ed5a61-a3ec-4b0d-8310-1b35a48cfb2c,0
1d06bbd6-6f42-40b0-acf8-80ede3a4e144,0
1d0bd4b0-dfda-4abb-b54d-66e0611ca93e,0
461310c4-474a-4a45-9edd-66190560946a,0
1d13280a-ce4e-4fe9-bcd9-e515b698a758,0
38f635f4-35d2-45b1-840e-0f625b68a8df,0
4617d784-065b-40a5-8cfd-47d7d654489e,0
1d1d10cd-a916-4894-8ef3-d057cb41ac28,0
07b798d1-f2a5-4dec-876f-923ac6c134ab,0
1d23dccd-91b0-45de-87de-6248d03097d3,0
1d273b9e-213d-4065-96f5-55e3dcfab479,0
1d2c9246-625f-4ecb-91f5-7d8c3baffa06,0
1d30051a-bb62-4f28-9877-58b74bb05ffb,0
3902ebb5-24ad-45db-a127-0fd1344cce19,0
07b5ef12-752d-4323-97e6-2e918a8712f5,0
4c3c6039-87a5-46bb-8282-d18ad445b90a,0
1d420552-bbf5-4064-98ef-43309fa3c71d,0
461d7ae3-7ad8-4575-bef8-140172027f31,0
390ca969-b5fe-41ea-bdd1-e19b7573593d,0
1d4c0ddf-7308-47b1-842d-24aa4c0df71a,0
390f6199-a6ba-473b-9f12-5185a9690b31,0
002ade33-5202-4f42-b46e-c5e43842a677,0
46211d33-5aa7-4d52-b23e-47dd0a5f605c,0
1d5df87e-45f8-4a69-97ca-7314de7e6cca,0
39133133-4c3e-4b0f-9d88-f69352b18ee2,0
4623bdd5-2114-4236-872e-8f30cce89437,0
4623e456-d240-4155-8f44-5026ea1b441f,0
39185417-b892-4cd4-874c-d8572d3acf28,0
1d6e5c5f-c81b-4895-bae8-2e7617c908f3,0
07ae4e29-b007-4e77-b968-a55325d62174,0
391e2f8b-04c7-4a53-ad14-7e5a18aa5966,0
1d77b703-b402-4949-8883-66e52406bdf6,0
46282146-42c9-4468-95fe-f4210d76dc3e,0
39251971-d7c2-4462-94a6-1604530d5622,0
1d830bfb-b473-450b-b8af-76d3a349d4d0,0
1d87b6aa-c9ae-44af-a09d-a1483c44903c,0
4f1e62d8-5956-412f-99e3-db2512b2008e,0
3928ccd5-48e6-44d2-9635-f8e79262a38a,0
3929b395-4dc0-4102-b79e-6b8ea1ee3e44,0
1d96c904-f14d-4411-b2e7-e8ddf962264b,0
4c457589-6010-438e-b28e-97ca84975241,0
1d9fdc14-f0fb-4756-a491-c25a1bae1519,0
1da5df34-48eb-499b-bc1f-877a5a8e6785,0
39310661-6ae0-47c3-a042-10870327b97c,0
39342f44-8eb7-4a5b-96bb-f25a99c87073,0
1db36d6b-4420-43c3-8e41-3892a5eb9077,0
1db54dde-aa22-4889-a9ca-28e2bf453fa1,0
1db841aa-0f11-482d-a198-e88eb394bfd8,0
1dbb3ff8-0fc0-41ef-8395-dc40bb2c90f6,0
4f21dfc3-73f4-4aaf-bca4-afa9a0a8cad3,0
1dc01bdb-7065-4d60-a574-45ca750a6e63,0
3940ea18-29da-4c6e-a6e6-1a00b04e4f92,0
39436358-8870-4bcc-8038-e854db2fbaea,0
1dc8722f-ebd7-4200-bf4a-79e69736b094,0
1dcbd66d-6204-4b3d-8508-cd14e2070ec9,0
001ce1f3-2466-4f77-b9a8-a8d092a19cc5,0
1dd46657-25ad-46e3-8981-37c80754506d,0
463833e8-d583-4a7e-90e8-e78177552811,0
394dd6ac-fe3b-4112-953c-62f1f056575d,0
463b0679-8951-47e8-8e43-6c93a14ad985,0
01b0926b-a29d-4407-9f49-89267c3e8b47,0
1de5c4e5-2feb-4393-a5c5-69927c7b5b33,0
1de95c07-0e47-45d5-b898-e28ad2669862,0
1dee8bc9-ec38-43d4-a4ea-8d58c47ad1f4,0
1df0df5e-5aa6-4329-8b04-09645feab346,0
395c89c9-ad24-489c-bbd1-4c39a7233e81,0
1df74925-7eb4-470d-9471-d7481e3285da,0
3960101a-9dbb-4642-85f2-545d36668214,0
079b11f4-2eb1-4615-8a07-e95b43cc0d74,0
4c4faca2-f766-467e-af16-75533187ff01,0
079ade40-a6ef-4481-b390-1d5d8736ad72,0
1e0569c2-e0eb-47bc-91a8-ccd1f097bd36,0
1e085953-89f9-478d-9e49-3e9b151c9fb9,0
1e0bfd4f-b0e7-46f9-96b0-8ee76b144625,0
1e0f5bdf-ea08-4d85-84ca-26a96e24c4fb,0
01af40fb-3318-4cf6-858f-5be55f4b02d6,0
1e186e17-ff77-4dc2-8e65-de2bb4b829b8,0
39733082-4f53-4e61-ad04-991245173b8d,0
1e2668e8-5d0a-473d-bc38-b7d916010b3d,0
1e2aa9be-a3c1-4c8e-a1ab-2e8a64a9febb,0
1e2d84f6-39ea-4542-9e09-0c1e42347d37,0
39780b04-9a44-4efa-ae4c-2176c53d8ffd,0
464c21df-af32-4c0c-a57d-7f3cb0dcd9cc,0
1e374b96-bc77-4376-ae4f-d66cde266fa6,0
397ea448-fd80-4d25-bc4b-9eec9768d3a1,0
1e428633-8e65-44cf-9994-6627e7ab7dc2,0
4c5ad5ee-a2fc-4149-bbba-2913799ca2a0,0
3981cd1c-78d7-4e6f-8efe-f9bd744fbcc3,0
078bf557-ca9d-4136-b004-5c3e70b4a572,0
1e59f47e-24bc-402e-aa0a-87e99b13a7f6,0
46531e8e-c17a-46dd-ab7e-b7c116cffc37,0
1e628810-4c0e-46fd-8868-8162ada9661c,0
4653cef4-f49c-4048-92ae-8d3e60777879,0
1e6b4e0a-78f4-4499-9c75-1cbabed2368d,0
1e6f0914-923e-4fce-a1a9-23cec485dfe5,0
1e726570-b359-43bf-a086-443c5effd2ba,0
1e74d8fa-a59f-4538-8456-f7358d3023fc,0
4659539c-22b1-40c2-93a9-daa174e37345,0
1e7cae81-b7bd-410a-a016-79960a91171f,0
03a2c6d3-a67d-4c5b-ab66-d739c677f590,0
1e825600-21ab-4994-b7df-d6950eb004bc,0
0029cb14-583e-4013-8aff-95db3704ffdd,0
1e898463-e7a5-490a-88ab-0474eba46fd6,0
399ca003-503c-4cd6-b78b-6cd4e1632f42,0
466014de-5a71-44e2-97a7-a199b63c2772,0
1e95752c-c768-433c-85ac-bb5a7fa63360,0
1e9a179c-2152-40d7-a9e5-94f906d9fa31,0
39a35371-5709-4035-ba3f-9fd34b18987d,0
00af7a95-46ab-40a8-b621-19890184c8ee,0
4c64a817-42aa-43b7-883d-f97b061f6594,0
1ea5e00d-7575-4d38-a5da-4ac58f13f97b,0
078423ab-dfe8-48d2-83fd-d9cbcc95e1a5,0
4c652dc4-ae9b-4443-a3a5-107d7b6afab4,0
1eb2e30b-4717-4408-ab80-983038219b27,0
03a0352a-83c2-43ba-ae36-c125f95d9002,0
39ad90b2-356d-4667-b4f0-86ad5ab67220,0
39b06ed2-3d03-4d26-81ac-75c1fa08d2d0,0
1ec31264-c93e-4198-8823-ea7a3ae1de69,0
1ec73359-a078-4ff9-b67c-69cfc53c67b0,0
39b39b64-5145-49d8-a78a-d9abc3663d3e,0
46731108-0dcb-4d6a-b763-b6dbdfece913,0
039e41d2-3222-4ac1-a70d-4ecb19119921,0
1ed838d0-223c-4994-ab04-13fda70d5014,0
46765664-6745-4d76-85b7-61a70b1fd0f3,0
1edeebbc-8d36-463d-99bc-f0af873c0c9f,0
4677717e-a91c-43f7-b285-24e2e7a19482,0
1ee7fcdc-baa6-4726-b092-4b5f8eb9aff0,0
46793832-0482-4a39-b119-247a41c3e583,0
1ef262b7-c709-4504-9875-03aa91d10c4b,0
07815bd8-536c-4f42-ae3e-02fcbeb26e1c,0
39c5c6a8-3477-4803-9054-51654428b66c,0
1efc2149-77b9-4fe8-8e08-3f304733a25d,0
467bbe6d-491b-4a73-98af-9e92f84dd584,0
077c0eb2-370c-4be2-8959-055321c7835d,0
1f04dc93-3123-4aa1-88f4-885b4825b0d9,0
1f08f007-59ff-4f06-85b0-4aaf696e1d5d,0
1f0c2dbf-f83d-4ac0-9aae-896909bfd6e1,0
4f36910e-daaa-429a-9045-35a4b0574c85,0
1f141737-d19a-4fd6-91dc-a7648f48300f,0
1f18d613-e301-4c23-803f-35d80df4e1bd,0
1f1c9595-b2e7-4f91-953e-7bcf4428845f,0
39d530a1-20cc-4a59-93d8-eb02cd0c205e,0
1f222b81-c0e0-4e7d-9d22-1372bd1b5a07,0
1f257bdb-b6de-4b1d-be2d-5990a41d691e,0
39d9d5ca-8185-4dbc-9949-b025782e5121,0
39dad37f-2c90-41b2-8a35-2655eb99ecfd,0
1f2f5ead-9578-4718-a7c8-ea7f3871367b,0
039811f4-b9d8-4d46-b68b-112aa430e6da,0
1f3731d3-19c4-42d6-a9ea-75869583cfee,0
01a89c0b-b6d8-46c4-bcac-d98c347e373f,0
4688c869-3015-412a-9dde-d89961185ea8,0
1f3f97b1-585c-40d2-951b-aa9a76c49f15,0
1f420872-edb4-4714-8901-f50e0e4638b2,0
39e95498-0b35-4e72-8e9c-309c7316aa45,0
39ecedd1-d024-43d7-97eb-a107f26a3c41,0
4f37a408-40ac-42df-9f4a-d569b5f6071e,0
1f51e856-8cba-4038-aa74-793946c9ec0b,0
39f2aa68-da36-49e0-83d8-6e8af9c9f15c,0
39f55bf7-f002-4b53-95a2-fcd22ef0173e,0
1f5c3147-544d-4342-a60a-b1580f5d039e,0
39f9761f-6972-41e7-8f3e-4f896040aa72,0
46929888-8499-461f-aec8-6d971898daf8,0
01a2dadd-c938-4bf4-90ea-b733461cb498,0
1f69e098-9d5c-4ffd-9a19-3beed0feca2c,0
1f6beea8-db20-40f3-b80b-cf68298b31ea,0
3a01e591-1d00-4523-9200-1b658927c8f3,0
1f709aac-638a-4833-baca-01c648ed42ba,0
039693ae-5fb6-49e0-b75d-22cdf9865aae,0
469961ca-b7c1-42f8-808e-292cd48bcbdc,0
4c768d66-09b0-4f34-9a03-b62caf7dae2e,0
3a08a9f4-b181-4eae-88a9-77b9528ff612,0
3a0a33c2-7f95-4a26-9c21-42147ef2a6fb,0
1f883c4f-3f3b-4afb-8036-1677822aa2ee,0
1f8b8c90-f284-4238-a588-6ec5c6bf4739,0
4c77ab3f-3fe4-4c2a-8bbf-fcd709fdd670,0
1f96be3c-1481-4047-a610-b8649ae4ee9d,0
3a109856-72ba-4e81-a005-8e145d4cf729,0
1f9cf936-9aa8-4a36-b9c3-f7d792ec7f29,0
1fa0af8c-df01-45a5-ba09-cc5aedb56493,0
1fa3a0aa-039c-4698-9c9d-28c01df6c302,0
4c7aca0a-8068-4fa2-a6fc-0782fbf704dc,0
1fab69de-da5e-415e-81ce-d913fa88b70c,0
3a176477-0d21-4ba9-9f31-50840e6d6385,0
1fb0bb5a-9d63-4a93-88f4-20c0f95a44ac,0
1fb3b560-bdee-4765-9b99-371cf98b7ee3,0
1fb62cb7-8d97-49b1-8123-be957d33808b,0
3a1e5718-f374-458b-82d7-be9307b6070c,0
1fc2737c-8454-4bcb-865b-0a57625d181d,0
1fc77695-0b3e-4e2a-9909-23251f9601f3,0
3a26378a-3a44-47c3-ae83-ceda7b56f1ae,0
1fcd0fe3-703d-4aba-9c92-915fe8d98604,0
46a8874c-333f-4920-9638-29965a4468fd,0
1fd389ad-1d1d-4cb7-90fa-9690f5852866,0
1fd71eca-94de-481d-8a9a-2e71146ff509,0
004ca78d-eaa7-4cce-ab9f-0fe5043ee788,0
1fdcf1eb-48e3-468d-8be0-126a57f721a9,0
3a344320-14aa-4de1-aa43-5eaaa80babc7,0
1fe4e074-1916-4e2d-8efa-b82708356685,0
1fe79551-df09-4766-a5f7-62d0d77d05a0,0
511bdede-d553-48d0-8752-bf468d04adf8,0
0752b766-fbce-4f8b-ad37-e7a6f3c6251a,0
3a3fde49-1a8b-4e22-b1a8-2f0c9ed0e849,0
0751927a-678b-4920-8f51-edcf773fe341,0
46b3643d-6915-4448-85a6-903276400f50,0
1ffcf62b-39bd-4b75-997a-63c836e21af3,0
46b57631-b54a-48a8-932c-d759e26f916f,0
3a4bc934-6c5b-400f-9c74-4cda6faed45c,0
200a7cbc-7aae-4cf7-b158-3feb14cbadbe,0
46b6a5ff-9d13-421e-a2a7-e7738c2b4f66,0
46b6dc0b-ef8b-45cd-a97c-6babea744c9b,0
2011b07f-fbce-41e3-b3b8-a9470674d081,0
038758a4-642c-417e-8fd5-4cfb3dc63a1a,0
4c8897bf-0be2-4574-8cd8-b15d9b9557a7,0
3a5af1f0-5f85-43f6-aa6d-1a0e42f630b1,0
3a5c54a0-3c12-47ea-a3d8-c3bd4f0c1d17,0
3a5cb13e-8330-47e5-8ee8-baac0f9ff363,0
46b97ec8-f96c-4671-a8cf-4496c127c9dd,0
46ba2ab5-2d85-4e1f-a505-bf42c7400a77,0
5076de2f-8485-449c-84e0-428e7d9d3fd2,0
3a69b0e5-da6e-4b35-b2f7-a849f1cf74f8,0
074b6e6a-992a-4845-aed4-5163a9d0acc5,0
203493a4-3fec-46a0-99ae-7b2a07e261b1,0
3a6d5d1d-ef55-424a-8aa8-2dc112a60157,0
0027a234-6526-4a15-b92f-3770f74a1e4a,0
3a716bb8-e9dd-44e4-89af-7e9ccc8eb197,0
0748bf25-92a9-4a2d-a583-dd6446c90cf9,0
46c5830b-a370-4433-9098-1b4b09d9a16b,0
019caf77-cd25-4584-ae0d-ae7dd4691afa,0
204f78de-17d7-4d97-b79a-195dc7fdf24e,0
20532ca8-6bbc-4bef-b88f-3d1c1fe99e5b,0
20557ac9-5da6-43b2-9c2e-57879e57acaf,0
00a7a0d0-bb27-47f6-8399-ef052b06c4f1,0
3a820bda-afab-441b-8951-d706c05df237,0
46ca82b0-8164-4af8-9991-2b1a713c0c6e,0
2064e7ab-2f70-415c-ab7e-4cb964ab48a5,0
4c94f961-fb71-4e1b-a293-b96e818399ae,0
206846b4-8a2e-482f-b5e8-efb3a2095a03,0
4c95cb1d-9d7a-426b-af4e-78530325b4d2,0
3a8a1272-0df2-427e-83fb-2e4236ee7117,0
46cfe12a-ebde-433b-a943-581262075be6,0
4c982a7b-30a5-4a4d-89f7-d7e550feb095,0
46d2bde5-fcb7-4d41-a461-13d2eb5c0f2c,0
46d336fa-ad77-4d08-9c25-cd5b862064c0,0
2084ec28-c42d-4312-9e5e-99ef99d27076,0
0744ab00-dd09-4f2f-a8fe-7a791b15ce80,0
208bc57c-659a-4736-b49b-8221ed0e1cbb,0
208e6354-b0a2-4a5a-8060-251bcc3bfa95,0
3a97359a-3c33-4649-8000-6a8f49026609,0
20939e95-39f4-4709-b27c-daeea0242a8d,0
20973d56-8c40-4b15-bebd-1a99de6c6a96,0
3a9b0a7a-b1bb-4b30-b292-8d4ea152fea9,0
0199d27b-d516-4798-88de-509dbf78bb87,0
46d749e9-9e56-4c2f-b306-3b1267515232,0
20a35550-fc76-4fc5-b8aa-412f3b8d812f,0
20a57c28-b054-43c1-9900-75c88fea76bd,0
20a6e386-22bd-485a-b56a-d680aee3a0c1,0
20aa5d79-83d2-497d-b5cf-3c9198e789a9,0
4f4a12ee-9677-4c6b-acd8-ddd09418f3f5,0
037b516b-460a-451e-b17e-1a780fc9ae60,0
3aa8d60d-4b6d-4614-b8b8-9188ed8fc24f,0
073e6382-a73d-4c87-b273-9ae2ea6ee702,0
3aabe078-5519-4db8-98e3-4e3558e66184,0
20bef5b9-171a-4e63-8b0b-707b5f7fcdb8,0
3aad97d5-f3b4-4a64-a708-0f6b1e96b130,0
0739a4bb-ddc5-4079-bab9-050e0ef73d17,0
3aaf425c-ef87-49a4-a7c6-6513b3c01df7,0
20c93c37-6f6b-4175-881d-0ad484adf3be,0
20ccb52c-42ea-4e54-856c-416c90106288,0
20d1e167-5385-45c8-af4b-37bc9cc6c7fc,0
20d7f1fe-222c-4ca7-822f-e4c5c6951ec7,0
20db2413-3add-4e56-ba95-225996a0d5a6,0
20df33dc-d780-4392-9694-ee6146e6f379,0
20e0fe44-8eb4-4b56-8924-f8ad8c755521,0
07365eca-7cda-41cc-aa4d-d66d4327c25f,0
20e73706-ba56-4531-b3dc-3c20ab3a93ba,0
20ea851f-d57f-432c-9ef8-af77d5e05d28,0
20ef429b-39cf-4520-82f2-e1cbb2787805,0
20f29158-78d2-43b8-9ec8-00aa246ef290,0
0735a6ee-458c-46d8-86e4-2dd7961eb01e,0
20f64829-ec63-431a-9cb3-0e534607b5ee,0
20f87086-217d-4fcf-a61b-39af14a8e522,0
3acd01d8-9245-449b-b7d1-9883f6be9720,0
2101b0c6-30b6-4867-a93f-cb47d4a333ed,0
07348220-fb20-4645-a632-4d6ef0c2b989,0
2109a424-d01c-40de-95f5-26f3952d8909,0
3ad13bcf-4c4c-47c2-afc9-596eff3546f2,0
3ad250bb-fee9-4ab1-99b2-53e3f2b358e2,0
3ad35361-8b19-4293-b37f-29ae80cb894a,0
211a0bd1-fc76-417d-a751-626a949c2fbf,0
072ef406-8296-405b-a6a8-69eef410bfa7,0
3ad74239-f2f4-4b85-8498-3412b7f41840,0
2122cc6f-3b54-4b07-bf94-70dce2cc6cdc,0
3ad9034c-36b9-4681-a484-6ebadc3c95b2,0
21297e85-cdba-43b2-9fac-85ac713659ae,0
072e293e-f9cc-41cd-b984-5489f6acf17a,0
46fa7c4d-2614-4b6b-b7a2-2c01f5e78dc9,0
3ae2001f-bcc2-4ed1-b8fa-efd1562a7839,0
072c5a52-31d6-43ff-8191-95321f968aa1,0
511e574d-73fb-4ee5-bb07-206a5db9e5e9,0
2140d2d2-a393-43ab-86fd-e5506c0eb4eb,0
3ae6932a-fb26-45db-a35e-df5fe7b073bf,0
21489cdb-754c-4b45-94ce-b36565eb1bef,0
214b4a14-305a-48b9-a058-d56c7453fa1a,0
214e8902-46d7-475e-b5c5-5a9863ac4976,0
3aee2a13-605d-4ead-83c3-66a9f7240291,0
2155ace3-00e3-41a5-ab45-e06a38cd745b,0
3af3987b-37ec-4c37-a6fc-409a896b58c5,0
4cb022b2-f3f3-4998-8551-f09fe630fdf9,0
03718300-2cec-4d81-875f-e3cdf45f2063,0
3afa713d-d485-4f12-b63e-26ff2ec92efb,0
3afbdd47-b202-4b15-8a06-cc994d97ef9e,0
216989be-aef1-4bfa-a6b1-ba2e2020eb59,0
3b00256e-94c6-4984-b245-d3029ffa7222,0
2172e084-9a5e-4b26-9f1e-bf9f2ac85e02,0
47098a45-482f-4a82-b9e2-29aa260e86ef,0
217c6bac-a007-4764-b0f5-0c1f307b8477,0
217f5639-6f12-41ea-87dc-4c651122f88e,0
218365bc-7882-47a4-95ad-1c1e31c54feb,0
3b08b987-cc4e-4001-beba-753134070967,0
3b095a4c-aca8-4754-92fe-fd4b47e05cbe,0
218f8cfc-4129-4833-bcd9-457925b992bb,0
219436c2-f18d-4bc9-b162-7a9bffb4ed65,0
219869de-6025-42c5-8e0b-8f64001cc171,0
3b111bf0-dd5f-438c-975a-1a7fb5d679c9,0
219fac34-9cbb-4596-831f-27a9582ee8ae,0
21a6ba9d-32ff-4489-b995-e37d4427c3cf,0
3b17cec7-f489-475f-86d2-01bd6cbecd9d,0
3b19e2b8-c665-434a-ae0b-f37dc14dae90,0
3b1bd285-a5e8-4b07-8ed8-11e1434bf0a6,0
471b0b09-1fb9-4ae0-88a9-b21d7447c2f3,0
3b1f8101-88d1-4c33-9cc6-d6cdc52c07bf,0
21b8fdb5-0e18-4909-97e9-4af69be5c8f9,0
471d7f7f-f809-4384-8ab9-2fb4a7a1e2c4,0
0192a528-91b0-4567-8a11-2091441e837a,0
21c40d6d-ab4f-4736-bd13-09e546645fd6,0
3b262aeb-b605-4daf-88bd-bea4064fb5d0,0
21cb76a3-555c-4a60-a66e-4f55d6eee881,0
21cf0a6d-bbfd-4871-91d4-9a273132634c,0
21d2d3d7-a235-4225-bd90-941167158b5f,0
21d57164-baf8-486b-af57-45db9c40e186,0
018f4e87-138b-43b1-aeef-dd368ecaf95d,0
21dd9fe4-85d3-4fee-bac3-ba44b2a0d8e7,0
4726beb8-d53f-4581-8c57-62e8e35c4a2d,0
0714715c-35e0-4d44-a2eb-52a0e77465e3,0
3b325cab-8762-4c1f-9b22-22164ddbb657,0
511eef0d-c361-4d60-b5fe-5072f322163b,0
07129526-3781-4541-9d6d-e243883aa1e0,0
21f39d3d-0f90-420e-bdc8-b27a4eeacfc7,0
21f5cc48-1e2a-4579-8f1b-f32e00623334,0
3b3b2dd8-1786-49b9-942e-adfc1a2bbd85,0
3b3df393-3046-4136-b950-988dc533f00e,0
4cbda191-329c-406e-94f5-03b6a1fe5432,0
2201a141-0ed6-490c-a150-fc6df2168494,0
22066866-0396-4d95-99b3-4f412fc5887f,0
4f5a23ec-8e40-4b45-b9b2-2516ab07a251,0
07103e3b-e006-4255-b65b-558390e0b984,0
3b46b0a2-b819-4499-a6af-49200ea4632d,0
2215384a-dce3-43ff-b105-637ec1569a27,0
3b4ae0e1-32e2-4cfa-8613-bc6d064b5d16,0
070a46be-1d91-4a3f-90c4-aa1db4a972e8,0
221d7909-cadc-407f-96cb-e2b0f0132d8d,0
3b500ab1-c048-4287-946d-ecd12658d4e3,0
22223b9b-3571-42a6-9cb3-2ee11f369dde,0
22262378-ebf9-4075-b580-f7a1eadfe76d,0
0707d157-1d45-4743-be24-353388f26fda,0
47346861-b3b8-4a6b-9fe7-86bd58ef9c6c,0
3b5a7e72-86bd-4312-b4bd-35b860a15d84,0
22350b60-5bc2-47a7-9389-e768a06a498a,0
47368d88-6e93-44a5-881c-dc6db3a3c261,0
0023cde0-4cb7-4437-9bdf-db10f30e100b,0
223fb1e2-726f-4cbb-a6e8-5bbf9ff79ab5,0
3b694626-bd45-46b3-becb-9c9d125651af,0
22465a91-072b-451f-93dc-3248a7a74154,0
224a2a68-4e54-44f5-be3a-28bc30c5616d,0
224d68c3-60ac-4354-8e6b-16014e46e184,0
3b70343c-3047-4331-9024-12b050937302,0
2254457c-e739-4c2b-9a73-ef259a21608d,0
00a0e0f4-fc43-4e7a-986f-64bf190dfc70,0
225a4b1d-6548-4b38-9c9d-a3583e97ee5b,0
00a0cde9-159a-4ae4-ac59-fb9d1d45f436,0
225fd9ef-12de-4ac1-8028-ff09fb142122,0
226231ab-e342-48ae-8284-f040eedbc59d,0
2264bc52-d683-4337-bcdc-2b29e8f65b2d,0
474792e6-46c1-4191-a256-4fa34a9855e2,0
06fcc38c-1a69-4032-8e29-6f54867ecee8,0
22721cd3-8337-45b3-9d35-0c81e9d7d871,0
03654752-0a1c-48e0-b1a5-b4eea3e46c1b,0
227a4b7f-2ab5-4ac3-aa96-21680f9ddd68,0
474c2772-74be-4706-af59-46be0b52de22,0
227ecf37-0c49-4535-a408-b3174a9aeec6,0
06f70d90-cdc2-4bcd-9d41-f9bf026a686a,0
3b89c865-9f9d-4f7b-bf20-8218a875e93e,0
2288f9b9-752b-44e6-adac-76c38d17c9fb,0
3b8b714c-15ab-4ada-8b95-1920f7849ee2,0
228f2504-da89-47e7-b501-1fe9112e7225,0
3b8f8623-fa39-4a3d-920f-6dcfc0fba3b6,0
4f5d4e1d-710e-4d13-ad52-1fba85ccda75,0
06f3d9b1-76f4-48b0-9d31-e63859514be3,0
229b181c-6639-4b1f-bfda-07de04f83520,0
229e6cdc-b8b5-4940-8c0e-2996f008880a,0
06f31515-21ea-4d9c-a28b-e0307825cd59,0
3b98af9d-5d41-409e-9c71-15e2e25cfd64,0
06f21363-3d1f-4e8e-a2f9-3a3a95319ed0,0
5120e1a0-6567-4d2a-a50b-a88cddd1483e,0
22b2cf90-f873-42cf-b833-3b63764740e0,0
47554ff3-689e-403d-9f27-9337281cc0b3,0
3b9eca5a-aba8-4e13-bdfe-cea9da2ac2b9,0
22bd05dd-aa67-4dad-888a-46163d1dcf45,0
22c04d4d-5ef3-4483-afcd-722fbbe900dd,0
22c4cb8f-2f8a-4885-8090-e45170161997,0
3ba4114c-0554-4dfc-ad65-88462011c7a4,0
22cdaa21-6bb5-4f36-9325-13ee5aec1d86,0
22d346de-18ce-4fab-8205-3adf5d04ee31,0
004b02f3-b2c6-431d-b545-fbf95368c4aa,0
06e7dde0-e2e4-4053-83d3-780bf86b4f21,0
06e740fc-0156-4238-80e5-1faa74cac6b3,0
475aeae8-6c98-4fcd-ab6f-c0ec0cec9a19,0
06e5abb8-f0fc-4333-92e8-e9ae816a4868,0
009f80ac-3aaf-4a4d-959d-595e01c0b5c6,0
22ed8ae2-d9d8-4cf5-a37c-f7df62f10f2c,0
22f347cb-dc74-48f0-89f0-bfbee5c4945b,0
22f6e1ca-b451-445b-b860-284ff634a437,0
009f31de-340b-4b5c-9cb1-d71736751890,0
2303f619-1213-46a0-9cc2-e168297e26b1,0
06dff46a-1741-4d0b-ae3f-06b6651e6f9b,0
3bbc88b8-bd6c-498b-a4f3-07687b79ab4a,0
230dfaeb-26f2-4087-a4bf-b661dcfea8b7,0
01894c7c-df65-44fd-a026-b14de2c3fb5d,0
4cdabb4e-0388-486a-8133-2fb6318b8fae,0
3bc32190-4646-4a63-81ee-541c22ec7889,0
231c5618-32fc-4ac5-98f5-1f97f8ec0781,0
4f65417e-213f-4ec9-b774-21d27b700e9e,0
4768c8a2-7b6a-4b76-ad24-cf95b72aad59,0
232482d3-07b7-4b91-95d0-647d34f13d6d,0
2328d026-aa41-4e8a-8203-3374b77c3a49,0
232bf949-6549-4cf5-b227-f3a8cd6e95a6,0
3bce2c3b-46d7-442c-b1fc-8f522cd99a28,0
233351a8-4ce7-42d1-b737-2d01d61884c9,0
3bcfd8fd-156f-4767-979c-4bd8dec15f0f,0
3bd17665-7f23-4523-90f1-23a5931bf8e5,0
3bd1ee9e-96a7-41d9-a42d-4ee98d8f301a,0
23459ce3-6594-4877-9f31-75c12372fbd9,0
4771d219-001a-4266-b99d-4c9920fedc17,0
508be4d5-0735-4573-856c-36f2b64dbf1a,0
3bda1922-1ac8-4a02-b9c2-a7335ebd742e,0
06d2171e-fd26-45ee-aec0-bbffeca240b0,0
3bde5d4d-0bd5-4c94-a6bf-d06de0463e53,0
235adbf9-05de-4dc8-b92e-bee187983a21,0
03506a5d-c17f-42f3-a86c-2e51d2e816a9,0
3be25158-5af4-410f-a91f-edb96e749fad,0
06d01b5c-5681-4511-a292-9acaa1430023,0
47781365-b6d4-4f4e-838e-e68e0f0367ce,0
517cbd13-73fd-4983-98e8-5c6ea0da5e2e,0
516612eb-34ed-47f5-8e13-99b42189c90f,0
06cf8958-f0c6-4366-835a-edeef3a0f152,0
4ce84d85-7008-4456-9c98-0c9229e9fa08,0
3bec9aad-e288-4584-aaff-26db976304f5,0
3bef5a84-672a-4efe-a506-09b97d9aed4d,0
477e19d3-cf99-4e5f-bf95-90ce584a3e83,0
477eaad0-7a3a-48e3-8103-2f28df26889f,0
238c28bd-5866-48a2-b4a9-41a85929c92e,0
06ca2675-20eb-4162-9ad6-254406955805,0
23955048-187a-4bea-a34b-d22a6466df75,0
23972ef8-c5a7-484b-8952-0714c20073fc,0
2399cfa1-16d5-49e2-8e0e-561bdec21b57,0
239dc0b0-d3e1-499f-a830-29f2ab249f85,0
23a259b7-2ba2-45ad-a3bf-a5453cc5bba6,0
23a4484c-4d6a-493d-8f88-c9657a0ad37e,0
06c4839a-d23d-4d0a-89a1-0535abdc1402,0
23aafdc0-635d-49a2-80bc-d705d6bc4fe9,0
23ae6133-12c8-49ac-9d7f-58b1fd1dd0a1,0
3c02ace9-36af-45b7-b0a4-5cf51ffcb76f,0
3c061803-f813-4e03-9bd5-0664a59f699a,0
034b44e6-e8b2-456c-ad47-52cbde84a872,0
23bf4eef-cb5e-474c-826b-5f81aa776788,0
0349805a-593e-4d35-a67f-803616d26664,0
23c65dee-a6f2-461c-adc0-964082b4fc37,0
47883db3-f619-478d-b6b3-18dc678d8a25,0
23cc17f9-8655-4f78-a1ac-fe7bdd2620e2,0
23cfcfbe-9949-48df-81af-462958a9f8ec,0
4f6dbeee-44db-4cff-8b8f-2f7d7ba314e2,0
508eb842-cf03-443a-a7f1-7fcdea107472,0
3c186631-5c49-42c1-84b5-4d0d1928f326,0
478c549e-0ff6-4e1b-8a4f-fd27c65eac44,0
23e44a9b-0074-4761-9bbc-670ba0d065d2,0
478de4fa-1a8b-4bf8-b877-07ee27e0ea37,0
3c1f0989-1976-43da-bdbf-0ca6b267b53e,0
3c219b52-869f-4a11-8b93-6212c34ebc21,0
23f1c3ea-c5b5-4420-bc76-3d0485c99a86,0
23f44dc4-393d-45e8-806b-0e9135897258,0
3c250850-aa8f-49d0-bf62-f7439bc3feaa,0
23fc805d-502c-4359-b47b-e2940d3609c8,0
23ff0908-72fd-423e-affa-532b34785490,0
2403d3c1-2999-4ded-9bb6-9e2b6a57cfdb,0
4791947b-3ced-4710-bfab-b95f2f5106b2,0
4cf80c63-322d-4352-9734-f7cc8029f80a,0
5090ccf8-c5d9-4437-bb22-994e458886c9,0
4f722971-d4de-458b-b8c7-e6ca0efbf97b,0
479599f1-f4e3-4589-a2c3-50ec0736b92a,0
2417f1a1-e8f0-484b-a4d8-483aad93ae14,0
241aa224-aa6f-469d-b04f-6a75bdf61947,0
3c38e69f-019f-4b52-b72d-fabfbc315251,0
4f768f39-58b4-472e-8bed-c97017afd229,0
0182d53f-fcec-4dea-bb03-7ead1b250603,0
2428e11d-1950-4a6d-9165-afa007f769a2,0
242d7891-ce96-45a1-9c31-234f82331ebf,0
479a31cf-d8c6-4187-9cac-9b66e3849aab,0
243444ef-eb3d-4f34-8fc2-8805f1ba7df3,0
2438cb3a-e561-440d-81fb-db4287e34dd3,0
243d6233-07ed-4fb8-8e0f-c212af716850,0
034544fb-db0b-421a-b226-900707cb51d0,0
24437812-c067-47bf-a2eb-6b10087e4c96,0
244612e6-52c6-4f16-93d5-4dc0071b74a7,0
3c50290e-60ad-49df-9d2f-64a381e8174a,0
47a1ac07-8c1f-404f-8ffa-b7a4aad193c0,0
2453d706-d843-4aae-96e9-486eefbccda0,0
2456a442-0c72-41b2-a5ff-3dc65c77a374,0
06a9523b-4582-47d5-8b08-eaa7e222863b,0
47a48e85-f593-4a2f-9b43-7bbbca828ad3,0
3c598381-c76f-4bad-96e7-5d7afe827a4b,0
3c5a6d7d-3c47-4255-94e6-79059009c71b,0
246c25e3-6f3e-4083-aca1-90660e4d25e7,0
3c5f468b-20c2-4753-b959-6d82778a68b8,0
2473b364-7bd0-45fc-b276-2a3f4d5eecf0,0
47ab9ad4-684e-4bff-9096-4914f1a10d94,0
247cd77b-3da3-45fc-bec2-ab6778516be7,0
24816a24-3d13-4256-b566-25224f6232d5,0
4f7c55f6-fbf3-4471-9f02-ad66026e268e,0
47b08281-f0fe-49de-8b2e-dae2a6c15d03,0
248f960c-f67e-4a53-94e9-1ab7256694c4,0
249444f8-7e67-468a-ae24-24208231631a,0
2497a980-2233-4f42-9dca-a995279384b9,0
2499c954-3e36-4209-9988-e36bb63987b2,0
0341914d-1573-4898-8401-e78cb01c0ee7,0
47b2f444-3ea3-44f0-a8de-9fd4128264af,0
3c795127-b489-459d-9cf7-4009422ea807,0
24a6d001-5a9c-4e5d-8be5-e79319a14472,0
24ac6b1e-3b2c-4be8-aed1-08d029d528ec,0
033e0d99-541d-48af-aa34-67739cb2bc2b,0
24b1662c-38e4-4865-9c01-cd4898c90c25,0
06997560-f625-4f86-809e-536fdbbb12ee,0
3c86bfab-cb38-4105-bc5c-8779ee477e12,0
47b95367-332b-4adf-9d71-e11928ffdae8,0
24bc5515-9a6e-47f3-8dc3-f385e2a62a2b,0
3c8de80d-a68b-41f8-a54a-11e17b3281be,0
24c23d02-9e53-428e-974d-baf877502f08,0
3c8ff938-4590-4902-bbce-f21470a68200,0
3c91bee4-5f6a-4fd9-9dec-991998eba7c4,0
24cd8afd-2ce4-4e1a-bf83-cfd542e2eda9,0
0692ad91-da18-4f66-8256-0610a765de52,0
24d38f51-f3fd-4915-a588-7d2caf254d23,0
24d5c1d0-6573-4496-9422-601ad6bbd78c,0
3c9b1b49-5406-4d33-bc34-e566a231d4d4,0
24db04ba-4947-4bee-9d24-7eb942b03d3a,0
24dd8afb-9201-4883-b0e4-85fcf64662a5,0
24e1d42b-a98a-4fa3-8b84-dfd7e9b48bfc,0
24e5df88-7e35-44c5-837a-bd2bc4af2573,0
3ca06b85-0857-4ac9-adeb-10163536487d,0
24ed7f68-ec89-4c88-9b87-88811be89a9e,0
47c0ef1a-7248-4912-a548-9cb46e5ab5db,0
24f3beda-8762-4dcc-85d6-1e7720267f1c,0
3ca6ef66-d505-40ca-a1f2-58484e32b83a,0
24f8329b-c1a9-4334-9bb6-7815e8bc1b8b,0
24fc54e1-5265-41f2-9dfe-b30a495be15b,0
25003039-c566-4ea1-9a4e-32ec596a54ec,0
250391ad-839d-497c-9589-3080a721eb03,0
068c37dc-e1d0-4122-9cae-1ee182ce4658,0
47c936f3-28b4-4cf4-bea9-1cd7593e650b,0
3cb56a47-a9ad-4f20-b1ee-baba048f5ef1,0
2510eb98-7cff-4c89-b8f8-065ceadcdd4f,0
4d16ac51-5089-4734-9729-1e753a75741d,0
251769da-c1c4-4a00-bc7a-0300d5d9efca,0
3cbc234b-7abf-485c-88cb-3ddd2cfa092a,0
3cbf1834-5613-4ac6-9ef3-6063317169dc,0
25244cac-7bb2-450a-a5d0-51ee0211f0c2,0
25288b4b-9cb2-4fae-a292-2de485bd615d,0
06853496-31fb-4488-8b87-767df29410e2,0
2531d824-4d8f-4c6e-9362-9f56b57aff09,0
25344d7f-0fae-4953-8ff9-1d94bd4e0c95,0
3cc87d86-2087-4c7a-8b2b-18f84585129c,0
253bc515-ed09-494c-9b9e-44d634ea7f3a,0
4d1abe1b-8593-4d2f-a2d3-2649c7dde6fa,0
01793271-93ae-4cec-a16d-0e9393949e19,0
254ad74f-a09f-4815-8c01-4356946c7115,0
47d91325-4891-4247-93c3-f1b1500f17af,0
4d1d7ed9-61af-46de-ad17-017a208c62ca,0
3cd520d9-bd72-4755-8097-94fc47fc34d3,0
25590200-f730-465c-95b0-e5dbf44bdc87,0
0680f1fb-d32a-4ede-8d35-618212ea92ab,0
255dfa9a-8c27-4e4c-8634-8ceac71714a2,0
47e1d225-d82f-4dac-a902-888ab428a92c,0
2565bcca-4fd8-488f-8bbb-20a1bf23bd52,0
3cdd490b-905d-4d9b-a8d0-74cfe0967cdc,0
47e514ba-5782-441c-a2c0-d25b3d5b092b,0
50991c41-ec76-4c75-9689-5e19508140db,0
2574481e-5977-4a52-900a-f8b7c831baa7,0
25788ec3-3b92-4d86-ac94-cc6788cf6285,0
47e70812-3d41-4e47-b5e6-eb838d93739e,0
3ce9cd29-5220-4891-adbb-c97e36c2297f,0
25840cad-956e-4e72-a04e-0a3065d62d28,0
2586a4d4-ebe1-4fd4-9d6d-06b3a5354795,0
258a756c-668e-47c5-978b-2bb981a50641,0
258e44fc-8458-4649-9d4f-fe72cd32eaa4,0
0327187b-a901-45b3-94d1-2f7e788506a0,0
4d285c1f-897e-451a-a858-a217837efff8,0
03236f35-d6d3-41ee-8608-507a782f80aa,0
47f04e42-51a3-4d89-90e3-eb2af6fdf89e,0
259d1a4c-3004-430d-9335-fa677d18964e,0
25a0fc59-3daa-4959-949a-0f2ff2a7d54f,0
47f63d3d-531d-4934-8725-be9fccfe38f3,0
47f6c4a2-6d9c-49ba-b5c0-92bac9907918,0
25aa8ade-fc32-4cbc-b91d-76ca9d0693fe,0
067734ec-0fc8-414c-a393-913e23d199cf,0
47f94549-a1f7-42a7-9af7-036a19f877cb,0
47fb8a17-e861-4520-8b7e-56d3445803e0,0
3d05dafa-d7d9-4c25-940e-93f74d98dc1d,0
3d06c250-f936-4960-bdfa-dd5c4e3f123b,0
3d09c52b-7cc1-4782-9d17-03fb6b01d35e,0
5099ef40-0971-40f2-a903-dbb3abf06e4f,0
25c58310-d584-42ae-bb3e-030c727e9a0e,0
25ca33cd-658b-4d05-b2aa-70d7c4b8c24e,0
4f8dea0e-cd13-4ecf-aa6c-46647d7d59be,0
3d1049ec-cd84-4782-8d2b-3bd0d242e3dd,0
3d10d162-9221-4fa4-bc5e-91548eb88a4f,0
4f8e33e5-7a3d-4a70-b0f9-77ef35806f16,0
25de83f3-ec0e-48c2-bd09-e797818171f9,0
25e0cef8-4de3-490e-9e51-2dc3dbcb0b67,0
06769580-5ffa-4c9f-bb72-635e162b41cd,0
3d182c3c-0b5c-4f8f-ad57-42e6028e5f5d,0
06718d25-11bd-445b-84c2-4dca85485f60,0
3d1ca352-25eb-478f-9406-19cfece09b14,0
25f0f8fe-d91c-48e8-b107-439d98421867,0
3d233240-5b2d-4a51-8e5f-4064b39fd91e,0
3d25bb66-e7cd-46bb-aaba-cdd8d5b1b2f1,0
25f8def7-801f-4072-8449-083fa8e579df,0
3d2c899a-a338-4f5c-b3e6-fac5083fb0ec,0
480c1fc7-0629-4ad0-b303-a9b6d0467ab2,0
067007f0-dc01-45e2-983c-98426b8e8925,0
3d31e0a7-ee88-45c8-9c24-252cd2fada9a,0
4d34a8d6-bb8c-4f42-a52d-7ef1e02b80fc,0
3d36cfb0-9cde-4c19-871a-ff26e378491b,0
3d3a1a64-644a-4c13-8960-effa3ffa249c,0
2614061e-511b-4b6e-b5c8-d6539c2ba309,0
03208a91-c874-4220-9e35-b355520c2939,0
26201eeb-fb13-45a4-8fd8-e72272a3c293,0
262443ab-e63d-4e1c-aec8-fa4ce16a9b85,0
031f80df-5197-423d-b10e-aa6e981bd4b3,0
48184c62-88fd-4a2c-88e4-ab6f7c31624d,0
481872be-2ea5-40ff-968d-e631539cb3a4,0
3d48c35c-5b92-4802-8415-c8af96f4cddc,0
2637750d-4fec-4a5e-96aa-b0f100e94e01,0
0668a9db-a990-47c5-92c9-0d971135c453,0
263faa2e-1ccc-4282-a027-9abc2e4f1698,0
26433998-c112-41d1-8fa3-5a499976b3a5,0
26441644-8a35-40a9-a3ff-4914fc5492dc,0
26468fa8-2022-4372-9273-def658cbb328,0
0667bcd0-0e3e-4ae7-b897-79e5aafe8acb,0
264e5547-d428-473c-a8e7-9ae723e7a8c7,0
2651cb74-00d6-450c-9c9f-d7e9630d5de4,0
2657d339-4741-4c69-a0a9-513651be395c,0
3d51db28-d804-4012-85d6-4c8d8917dac5,0
4d3b8ea4-d4b1-4270-8266-eb2a9483aa79,0
48207258-9803-4712-99ba-17a163c6084e,0
26637d20-fe85-4257-8fca-b33bffd33907,0
0167b558-7f5b-4cb0-94ef-28ce65ad081e,0
03161f6a-0104-47c7-b9fe-9b4d30d44d58,0
4822e63e-f700-495d-95ab-b11725e6c3a0,0
266d42be-387f-462f-bf32-db677ff8d4b0,0
3d5e2890-3ba1-4b0f-9477-faa1308407c9,0
4f9511e5-b040-4431-9a9f-2423c90b9f3b,0
3d615fc6-6f6d-475a-9d78-2206ab3a6150,0
3d62b7da-f594-4d9b-bff8-01987c047bcf,0
3d63eacd-3e9d-4704-9998-ee05d01e1b41,0
4f958258-315a-46c2-95c1-20170042ae93,0
268db5a7-f3ac-4c22-8340-adbb2a3f53e4,0
3d665e4b-5d2f-4311-830b-f422c99f266c,0
26935ae8-42f7-4a40-a623-488f0fa5b348,0
269740a6-d2ad-49cf-b92a-fae3798dd6a4,0
3d6a51d7-7318-47a1-8d1f-40fe0b6c163a,0
269c9c26-b1cb-4812-8f1c-78fff10cf84c,0
269f0252-5c9e-4281-b0b2-1267dff0f5e5,0
3d6f0f38-8221-4455-a0fe-b82e0c37b72c,0
26a8b088-5672-4631-a9a3-8636b7cd2c42,0
26ac2e57-b868-40f7-9b66-9f1c66c6b124,0
26b06ba3-0c5a-427c-8e2b-81e1797ea57e,0
3d75af0e-c2e9-4c7a-a11d-2310a8b2788e,0
26ba293a-786f-4ced-b1fe-f8eba8a17790,0
4d457c92-4004-4001-9bd5-5d33e75362a6,0
4f9675b6-2a2d-4611-8979-34f4efefd21d,0
26c390d9-dfe0-4aec-bea1-40322983e98e,0
3d7f1f01-4d5d-4d2c-a9e6-2581cde7f00f,0
4f96a6bf-d167-4445-88c9-47dec2751326,0
4833235c-7987-48e1-8d91-4deb265928ea,0
4d4799b9-e470-4021-9125-0f4035038f3b,0
26d64963-91ed-4fb3-a54c-631a7bacddca,0
3d8afb85-2786-4690-8c6e-820daa616c70,0
26dcb900-17aa-42c3-9416-6263bc6ae78f,0
4836f6d4-a22f-476c-8217-3b9807017959,0
26e59a1f-98be-4c64-8b49-a24e94cd880e,0
48387f28-a70e-4ab3-8e4e-f6c3c76c87e7,0
26ecee1d-b9be-4d7b-9ae4-654786e87758,0
26f0651b-5dbd-4344-a5de-0cee1a3d2e92,0
064eb373-f977-4a38-9f84-a4dd8d067af0,0
3d98120a-0711-4645-bcb7-e8c5c77d989d,0
3d9899c9-78c2-499b-8c8b-d4dc7631ee65,0
26fd1651-955e-4704-89e3-96101afbfec2,0
27012ecc-6f7c-4090-9786-e78b17d47856,0
4d4d7cac-c50a-44f5-becb-6653ae50e14c,0
3d9e1ebf-b925-4ba9-95cf-9078aaa1f640,0
00973c28-79c4-4a3a-a2a9-6f41ae85b5c4,0
27137e2d-7429-49da-b5c0-bec7e99ee976,0
4f99171a-a01c-4266-a09a-c05763fbd807,0
27183f90-c43f-4a8b-9ec4-6cdb67f2fcfb,0
512e89c8-528a-4e6b-b453-2da3d932091e,0
3daa84f1-a043-476a-8703-14cb5889d450,0
2725659b-4fe1-408e-b262-1e9c60ebd440,0
27294cc8-df73-4233-9067-7ed0db5b0b0e,0
2730c8a7-5b39-4083-8d80-d65f06d185cb,0
27354b24-4175-45f3-9e7f-2dc112fc663f,0
27389e16-0af0-4bcf-b844-0e1a2177c1f2,0
06481bab-79e9-4532-89fb-72082a9fa3d2,0
273f76ea-dfb8-4113-9b9b-c783d3f53df7,0
030b79f8-5b3e-4884-915e-a97e1cda413e,0
06457169-7abb-4563-a8f5-1ddd1ba057bb,0
27464592-be7d-4a45-8e02-5b2425f4cd0d,0
2748beb4-c044-4035-a25e-655b43eaddb4,0
0640ab39-0054-4708-8077-ebaa7830a9fe,0
274f1e86-69fd-41a5-9c86-0fd00179036c,0
3dc3ee43-7a9b-47c4-bdaf-d47d5a30c3da,0
063cdcf3-41d7-4b1b-b8d2-f07c297ca72f,0
275aac75-7fe2-4f13-8828-7c28d53a1457,0
275d30f1-303e-4d0c-812b-123946fe7593,0
275e93a3-45d2-4f5a-a9be-272f0f571928,0
4d5ebd52-538d-4e26-840c-7b4c415dc622,0
485227e1-ce21-4d78-8cb0-3e6eb6424f48,0
3dcece71-9431-4141-aa9f-a95220b254ef,0
063960bf-6be1-4b32-b285-07571659a58b,0
4853e43b-c206-4f9c-b355-ad3c18d22a67,0
4854803c-7178-4d6a-a764-7f48eb8bc10e,0
48556d4f-649f-4904-ad41-018857e93e00,0
27814687-67e5-40fd-a189-304f78984191,0
0633c88a-d0f7-4efd-b74e-b70ef377b3eb,0
27866431-4d03-4b48-870d-f5e5ce3e63b0,0
3ddc2bea-ac2e-4f5a-ad3b-23279a70ec0c,0
278a78a9-0dd4-4484-91c8-ef615fd977e5,0
278d189a-3b01-40f5-994a-7d7356ba284c,0
3de2cd57-b0fa-4fb8-b117-ac84ca6f49c3,0
3de4092c-36aa-41a7-a9e1-a3d75d318ed9,0
4fa13bc6-a438-4500-9514-b2c49249da1c,0
3de6edb5-f0fa-4011-a651-3f8e8460b70c,0
27a1df37-8d52-4cc6-8d89-6be18c4aeef7,0
485d0588-dcff-45b6-ad77-c829cefab3c9,0
27aa3f33-bbe4-4b1a-8960-55c75c1cb6d1,0
27ada6de-1108-42d3-86fd-223deff70f31,0
062c8fe7-ff29-457b-b0b0-300f3c8f9260,0
27b4f87a-d158-42ed-a2d3-44119a48db4d,0
3df518db-c280-4c18-bc48-7fc06adb1e8b,0
3df6121b-aa8a-43b4-98bf-688b19513fcb,0
4860e730-a343-45e6-bbdb-1f20ad40bea3,0
27c2c5f4-a4c2-412e-83f1-3c983a78d1f0,0
27c73a3b-1d8c-4236-99e8-c1fc8cc79ef8,0
27ca9a8d-2159-4376-845b-b6d1be8b4200,0
27cd8630-cfa3-40a1-ab51-7638b131de9c,0
27d1d34f-ddb7-41f2-916f-e6980fbfce31,0
27d456e5-6958-4058-ab4e-10aa0fa35a00,0
27d828b8-cd87-436e-b6bb-e5289001470c,0
27dd3567-14ed-426a-9440-dda86cc3d5a5,0
27e018c5-eb11-4e17-9e9b-2e37eabf8173,0
27e3721e-c498-475c-b291-7a843c714e26,0
48687b93-52fb-4889-bd16-68f79220d635,0
50a2ae37-dd62-40b4-90f6-8551b30f0680,0
27ed7cec-f07b-4405-a161-4552da8f9e24,0
486bd412-083f-4c2d-b01a-ef7cf6421be6,0
3e1168c0-aacf-4fdd-bd62-c5b85ea9b65b,0
0629acbd-c6df-4e49-9770-0e49a9ca4201,0
3e146664-300e-4ca5-b221-d3ceffd4f248,0
27ff125d-6e61-48b4-94ce-0d0f585ef861,0
28031d0a-8366-4ecf-8209-ea4739ce4196,0
3e1d9245-3256-4b0a-a9dd-fe59b66a70b8,0
062422b7-1b97-490a-9094-177b7bd84a1c,0
280bc988-9fa6-48bf-a314-06fef0432a0d,0
280f8440-4373-490b-80ca-0736bc75ba73,0
3e22af84-2cbc-4bbe-afc2-a47391509478,0
487a8c10-b05f-4dc2-9fc8-24e50ede8bbf,0
4d70cf14-e00d-451a-afb7-31993cc68f18,0
281aa81e-258b-4142-a426-cf2548ce11fe,0
3e29d591-8d6a-46a4-b4e5-d807ddbf8952,0
2821a952-e963-41bd-bf20-ff21819e63be,0
487e8996-6325-4cad-8b6d-ea80fe1b4257,0
061ed4cc-ad48-4ad2-95ca-a497aa49952b,0
487f1dc2-1d77-4a73-bc9b-522e28e0a3e0,0
3e35bafd-5a93-4efa-bf90-dea02105a008,0
283370a9-2713-4170-ad86-e83b933b265e,0
4d768d2b-fee0-4949-ad60-d1764da3a24e,0
28396bac-5622-4d23-b87e-863b26dbb762,0
0155db31-1589-46cf-abdc-b02a01905586,0
28406f33-c0e0-4b12-abb5-c45b235794f8,0
284349a1-8512-4b00-8226-d996f39d7266,0
50a35d59-44b9-4f5f-9d1c-7a1450bc47c7,0
2848705f-6efb-4cac-be4a-883a302689f4,0
51387640-d203-4957-b7cc-50fda1b42b41,0
284eb3ff-792e-44c2-b2cd-89cf077a7ecc,0
3e4fa075-2bd2-4d8f-9ff8-a4fd545b54a4,0
3e50791c-3325-429b-b973-ec452147c4f9,0
285a987d-ad49-4752-8478-91cc76f8aa4d,0
285e8cbd-6f1e-4099-bd6d-ad1b6fd378b3,0
2861df69-05d1-431c-93d2-dacfd425c5d9,0
489115fa-9cea-489f-9dec-9ca138abec59,0
0618d94f-abe7-4b11-afd1-425f089b8bb4,0
286c05f5-f88a-4c7f-a48a-288a861c3ef6,0
2871218c-4844-41bc-9b6c-8c8b443a4d09,0
4d7b5324-7657-4e0b-8c39-2bb932874f46,0
28792b89-0694-43b1-b122-a51a39bd3863,0
287d7da7-0e24-4af0-9c77-2bc20ecbd137,0
2882c563-5f67-4ad3-ab02-c1d1109fd0cf,0
489ae4f6-4348-43a8-a0f6-2819c8b21d98,0
3e646bf8-50f2-4d9d-b489-08b66660988a,0
489e3c3b-13e3-4377-9fdd-cae2a0c18be3,0
288f5710-bd13-41db-8057-c3141047821b,0
3e67c3e6-6975-4e5d-867e-771df0947cbc,0
50a54599-4615-4ef3-a6cb-9071587a51e4,0
3e6c8082-f0a5-444d-8741-452433a3e367,0
28994035-14f3-488c-b428-2f22c5b84c0a,0
060f1f03-f516-4342-8fee-4820356c174d,0
3e73d028-be66-46b5-b65c-1e82bfeea978,0
28a2b7c2-4e6b-4af6-809a-927e35273da9,0
3e76a26b-ad20-4d7c-8292-435629ee1a14,0
3e7a9e13-54b4-4e5e-a423-62454d4dcdec,0
3e7c415e-52af-4338-8495-71dd9392828c,0
3e7ed40c-609e-4a33-9011-772b95dbb7a9,0
28b38e16-ed07-4c6d-a05e-0afddd9aec1d,0
28b7b40d-80ce-42ec-97a4-1a03deabba80,0
3e871f66-5ac0-428f-87e6-87906cb514d0,0
48b207c1-f288-41db-9ef5-233bb58b66c5,0
28c05f1d-bc3c-44e9-a438-3d69571a0efb,0
28c41c85-75ce-45cc-9feb-9a8760a2810e,0
02ed5675-b34f-4a6a-914b-6ebae94d94ac,0
48b57539-a6dd-483a-b29a-163d1c8231f9,0
3e8d112b-27ce-46b9-bf3f-7a7372144f47,0
28d3a818-3d87-48c1-bedc-400aae80953d,0
28d6d7df-f676-42d7-a816-cacb82f5ac1b,0
28da2bf3-86d0-4179-9935-6fc0e14268b5,0
28de7709-aff6-44db-9da0-00091b38ebd2,0
28e1ecf4-5f1f-4d55-b4e5-4282d33d98b9,0
3e940410-b7c8-4077-a048-02fc11645456,0
060a8ff8-fe47-440d-b349-76d73349577f,0
4d89fddc-1512-429a-b3da-d1084dd2d7b1,0
0609cf8a-60ff-4a27-92ab-825867c8d022,0
0042ff01-e661-4433-a80d-477a73250f70,0
28f728ba-66c3-46aa-b3ee-9f3ac9ea0f37,0
3e9c49a7-e257-4522-a2cf-4d8d606659cc,0
48bf46d5-da8a-49e8-81ce-07401b09b784,0
3ea145cf-8b5e-47a0-92cb-326a84969dea,0
4fb6d844-cfaf-45a6-982a-ea6e9accaf6c,0
290a0b74-3dc7-4ac4-89a6-824fce35cb21,0
02ecab85-1293-4a20-b3bd-a4adbff65df9,0
48c1ae62-f604-4c57-8cbd-ad36f1c53b8d,0
3ea6089f-f4c3-4345-adf1-3b7b64d65351,0
291cd872-0743-49ea-b3d7-1f8fb11b35c7,0
292010a5-8b37-479d-bb6f-1007a7283ad9,0
3eaa8fb1-52ca-4466-84e2-2e238d21cbcd,0
2927c577-4910-4c99-92d9-2b902b5ac3fd,0
292b20bb-a9b9-49d6-b1d6-b2e7d501a4d0,0
3eaea0e3-e729-44e7-b622-ffa3c967b37a,0
2932ce2b-c367-4fe8-93f7-d8f6bba903ad,0
29373e9e-7078-4920-a72f-22b4c1fe75b4,0
48c979b3-4426-4a04-b776-0ae953e2056a,0
4d944c8f-d476-4869-a60d-d5e8137ac8a8,0
05facdda-3c0f-42d5-966a-c10994959ba0,0
48cd4327-d890-477e-8f1d-64d210022493,0
014c3462-402f-4a8c-b960-24fb9582ca49,0
3ebe7ce1-825d-4cca-b14c-d79e0725822b,0
3ebed5c0-57b1-439d-bf85-4fbbfacc8120,0
3ec09495-8c90-482a-b064-dba2168913c9,0
3ec19469-6334-45df-b1b0-f70c7527662e,0
2964bd99-7576-4c8b-a4ed-8ba14fe01963,0
3ec4d743-80c1-4348-bfb2-066547ce2a6d,0
296bc642-902c-482a-879a-003682a3e378,0
02e45b05-71f2-43a8-93fd-2bb30f54ea98,0
2970d96b-659c-4edc-baad-4176451d1860,0
297578e0-e39d-4208-bcf7-f8772c138777,0
297a00bd-349d-4e33-b027-f52565f7041b,0
05f21ce7-2396-49da-8478-cac462bcb023,0
29824c0a-8792-4b5d-8ff2-3d47a26dccd2,0
2986dea5-00c2-4f92-a02a-9ea29b57eeea,0
3ed34415-4c03-4e33-9bd4-a8c63a7947d3,0
3ed5e5b4-094c-4b5a-a7dd-ffbe398badb5,0
48dc1507-c498-4de1-be3a-85bfafb4b7ef,0
48dd4dbd-c9cb-4354-90d5-caacbc631a70,0
48de593b-8b3e-401c-b52d-b0d293824cc7,0
0147b78a-38bf-4328-b027-25f3df0b3047,0
29a364cd-cb55-4cc1-a060-3ae5fe0d2b11,0
4d9f7d18-5adc-4ee0-9512-d63f9d3f0121,0
4d9fb01d-a745-419c-8e5e-96713c8c13b1,0
3ee211b1-29ab-4968-8ba4-e59ef473d929,0
01477ac7-2a7e-4735-b050-e6738630154e,0
3ee348b6-78d2-429d-87af-37d29fe2d362,0
05e873ee-e35b-462b-a6b8-77ceadaf94fc,0
02df09a1-403a-4ef9-88e5-eefd6023d3c4,0
4da134ef-64ad-4710-8c33-0dbc7cffd938,0
4da2a45b-b499-4260-b8af-be336d7d6fdb,0
29c70ef0-796f-4e2a-a7d0-5821a4e9fbae,0
29ca138e-e027-4b84-99fe-1ebae349d64f,0
29cf6578-368f-4e13-b98f-c3e9382d91a7,0
3eedf3ea-dcc7-49cb-bbaa-8b469a0e0f6a,0
48ec01b9-6f41-4b01-b703-0c9d44284c25,0
05e0ee49-0f9f-4410-a9cf-a1e14248deec,0
29de2cc1-d6b3-44a8-a5f8-f2945d7f51cb,0
4da54e7e-dd86-47a2-bd50-4fe9e4070bc0,0
29e535a8-b186-4b43-9096-1476c0516f6d,0
29e7f466-3175-4efb-90bf-24d0ecf5a588,0
01444dbf-f47d-41a8-9daa-bb8db9aeb418,0
29ee9269-1d22-4b7f-a982-8ee09e801dea,0
29f36ec0-43a5-4fd1-b149-a0a775681cfb,0
29f717dc-8acb-4767-8492-228f7456f812,0
29fa2ae2-bc99-4b51-99f7-5513193a84cc,0
29fe0f72-7018-43e0-97d1-19639d9a4528,0
2a022370-0e3c-4298-b178-c51324502bfd,0
48f69ed6-4f46-46bb-82d9-1970ef7884f3,0
4da64d9a-d8c7-445d-b050-e0c86e115c8c,0
4da7c2d0-be6a-45cb-9116-8cb981fd0514,0
02d83f9a-21f1-4f50-9ee4-aa60b4023d13,0
2a106727-1ff2-4141-966e-cbb906d64064,0
3f04caed-2980-4211-9ecb-efb4bf6798a0,0
2a15ff53-42ec-441b-84a7-974cbcf80826,0
3f0921cc-392d-4839-9e62-70af2ad0152a,0
05d2d468-a26c-4355-9d5c-389cb2830e6c,0
4dab4cae-6a34-4756-9eb7-b2e650d572d7,0
2a219cb5-6d17-4edb-b295-b423c9589a0b,0
3f0da9b2-2f1a-448c-a2a5-3342ee824f80,0
4dae36fc-e859-46ba-ae86-a5605904b3d2,0
3f1115aa-29ca-484f-ae74-1042afd8d3e0,0
4905af7b-7155-4d7b-a371-33faee81b3df,0
49063674-ae34-4b53-aac2-b84c1ab46054,0
2a352b8d-97c0-44db-860b-2f9c6173c976,0
3f16e2c8-4156-4c80-a4de-eec99f3702fd,0
2a3ad362-1648-426a-aff5-36ca7e39874f,0
05ce8d23-36b7-47c9-b94e-63b1909c2b2f,0
2a423ec8-1a8f-4658-a5f7-6cda0e4803ba,0
3f1cda78-ed2e-4d46-823a-4639cf68e236,0
490cca9f-dbae-4f29-877c-828e253b07d4,0
3f1f45cb-a894-42c5-b5e4-a86bc13ed4e3,0
02d634a1-5abb-4481-b7a4-d157ada22237,0
3f23050f-baec-445b-be4a-1c44997562f0,0
2a561a4c-5503-46c5-bcef-57816a23d52b,0
2a5ac6e4-d50e-4352-90a7-f08be73974aa,0
2a5e4099-8e9e-49ea-b272-3e9aa72ca85d,0
2a620f01-e4bc-4668-836b-492c5e16b013,0
2a672b78-a10d-4784-9d34-760f25bb3b26,0
3f2de921-ef75-48d7-8af8-95cd243aca94,0
3f2fc3b4-ea39-4c47-8036-65618fb124f8,0
2a707fd8-9321-45da-9d8d-c2f9e514d1d3,0
4db4caa4-36c8-4501-901e-d8dd85a7cf46,0
2a759278-9e1e-4107-a8f4-58036f2b95b2,0
3f382c34-7ce3-4c33-81a0-b26a058e07f8,0
2a8087b9-b625-4768-8808-4f22f41dd5ba,0
3f3cf79b-0176-4ccd-b3dc-3b80b06eb703,0
2a895c57-0a06-44b4-a329-792c3992c949,0
50b20262-44c3-49e8-9fc0-aaab03f3d1f0,0
2a8f28b1-2165-4fc0-88b8-b03e754c9827,0
2a92660f-5ae3-42e2-9a8f-45fe5eac9cd0,0
2a97622c-08a6-4ba3-bcc1-d8d77dddc647,0
2a99e952-6c53-4737-b9e4-dca227f0dd82,0
2a9c1d3c-5204-4493-8376-fafc89bac215,0
3f4f86ed-baaa-4d95-9876-9b0fec4f480d,0
3f5318ec-f90b-42c9-b7bb-73c2e43dc8dd,0
02d2f2bd-a173-4361-99d1-abb622e7dc0f,0
05bc9ceb-0131-470e-93e7-1eb3e948e908,0
2aad1cc8-93e9-4e24-ae17-0cfd1bb8ae11,0
05bb26b7-4c33-4226-9e12-ffd66137a33f,0
2ab1af64-8ab5-4283-aee2-96c3e368fe55,0
3f5cb088-809a-4aa9-bf7f-e7cfe5e99231,0
2ab6cbdc-b60a-4498-80b4-1b0f480da372,0
013fbff0-0eec-44e4-8898-5489903ef7ec,0
3f62584b-cbf5-4a90-81b1-4949247eaf2b,0
2ac12c6c-4ad3-42d3-be14-689258dc9665,0
2ac68b42-b55a-44dd-a315-59a7cdc14e28,0
3f67639d-8333-41a9-ba5c-fac3d77f2d62,0
05b85a21-2cf4-4d79-bc92-2300ed483b51,0
2ad09c41-20df-4291-bf04-cf0cc3363335,0
492fa293-89ae-4aaf-8f6d-ec836997084e,0
4dbd3eec-000d-4050-b9e3-b74345b0e03e,0
3f6dc906-e2db-4ae6-a11d-c7b1cc1bb073,0
02d0aaf4-4cbd-4048-b96a-cc3d972b2bf2,0
4dbd9ce0-0e6b-4a31-92e4-01d803557525,0
49353ca5-5b5f-41ed-8481-509676136ce3,0
05b4a270-2e4f-4cdc-9914-2c15b7d6e470,0
2ae7ec8a-ad5f-46e5-a788-f33f1da411d8,0
3f773de8-7bbf-4163-a7fc-1859b203998b,0
493c28aa-21b9-4b3c-ae13-fe4fe19975fa,0
2af18fb6-c584-4e15-89ee-5253673f96dc,0
3f7b4464-0994-4af8-9b94-706982ca7b57,0
2af795e3-92bf-4dfd-9cf5-78af90e0661e,0
05b3543a-1675-447e-a29a-db0809c2703c,0
51708aa3-2760-4dfe-9ad3-32c59164cc49,0
05b194c9-36b2-45aa-9e05-aaa636509c2d,0
02ceb46c-d586-4d71-892c-8dac52cde780,0
4941bd1a-52bc-46da-a19a-c70f882fdc7b,0
2b0780d3-8d50-40f6-a6a8-bdb6dd12677f,0
2b0bd8a9-60a4-4c09-b973-53cc79298c54,0
2b0fd38f-b85a-460f-8d16-1b071765c950,0
494498b0-bd07-40b7-9d83-c821644d1cbb,0
2b1a4724-2ce3-4735-b949-17a586fb9252,0
2b1e3882-e02d-43cb-8219-535021759201,0
2b204729-4127-4e59-9d96-6d45cc150e7f,0
02cccc46-6cb0-4a5f-99ee-85869e72c2de,0
494a04f2-20bb-420a-9e00-fd1dfea8533b,0
4dc5d2a8-71fd-44a2-b62b-1f8134729f74,0
2b31411d-6887-4d29-a891-e017ca26346a,0
05a91dc6-4d9e-4dbd-acb2-b1fbec96e946,0
3f998bb9-cd4d-470c-bb60-2a191a9378fc,0
05a55edd-aa81-413f-8409-6b2e8eb45559,0
2b3ebad1-a64a-4b5e-b372-a6b2a714f0f0,0
05a37925-5ae4-4be8-8122-dc0d1fd1e4c5,0
2b44e293-553e-4e24-a52f-92d2b52f9edf,0
2b4830b3-f49c-419b-afe5-2da4d6bd3019,0
2b4b2054-4937-48ce-97dd-d1e539264371,0
3fa37f5f-2247-4e34-862c-5bc7d9fb802b,0
2b53849e-1854-4d99-a71c-ebd633e21b37,0
2b563ac8-11c1-48ee-980f-ca95d2806971,0
05a0fbbe-3911-4816-9af7-5ff67f3fcf2e,0
2b5ecec6-178f-4fee-91c5-37805e227bb4,0
2b63c898-df59-41eb-8165-90a0bef513e3,0
4fcc9fef-32c1-4281-baf8-a64ba0e362f8,0
2b6b0968-39ac-4691-ad49-3635ab2fb24f,0
02c6cc4b-a9c0-4f1b-bab3-033def9f1677,0
3fb342b3-ca55-4eee-b0d1-80a44de612f6,0
495782b9-86ed-4169-9be5-6e95548895fa,0
2b76735e-fe54-4c86-9896-1e561e2b2dde,0
495b6b07-7cbd-4428-894d-f0de31dd7c39,0
3fbdc53f-6fde-4dfe-a59a-f0e347084489,0
2b8505f1-7cd9-4833-b7c6-220df601f9bd,0
2b877eac-5346-4f7f-9812-6f642b1d4e6f,0
3fc263ae-804b-44b4-ba26-27cbe3f9cbd3,0
2b8deaa6-ce16-4da7-8d58-416672ccf5bd,0
3fc4cfd9-59c2-48b2-ba85-62010f1b9354,0
495df972-dda0-466d-8d16-7de20a0292da,0
2b967697-e1b3-4879-b808-af58e076de8f,0
2b97dfa3-b065-45c8-affb-9f2aeb1628d9,0
2b9b4c4b-454a-4d26-8039-36e52e120320,0
3fce2d8a-e5c1-4b68-bdeb-1a35833e723c,0
2ba13399-3696-4750-9315-ed125ccb3810,0
3fd1745d-8576-46e1-9a9d-0f12af4b0de1,0
4963ece7-3fe7-42b8-8687-0c24eb015437,0
2bab2606-b5f8-437d-83d4-c74411471b26,0
02c3937d-05a2-413a-a1f1-e917b97b37d2,0
2bb14af3-e94a-40cc-9b84-77f8b2ab3aa7,0
3fd8c98c-adf6-442b-a4ac-8188ed5f1ce3,0
3fdb1d6f-06ed-45e2-aa66-4895cb8772e4,0
058b8eea-77a2-4d5a-b35b-f1f38d5ec9b3,0
02c14247-aa7d-4a88-bd9a-2f5efb864975,0
2bc06c79-1816-4d4a-bb4d-5103d2a662d5,0
4968cd71-4943-46ba-808c-0656808c3958,0
2bc655de-9a1f-40b1-a67d-397f56173c16,0
2bc99e36-a7e1-4256-9307-e8e9aa956912,0
2bcc49ac-544b-4e2f-84f2-239aa741cdab,0
3fe6a1b2-8290-45aa-a3d0-ece1899e5fa1,0
496d4b6b-d978-4ac3-ae05-4b0d8ea789e0,0
2bd76879-f229-426e-ab9d-80ce1dd5ef19,0
012b394e-aadb-48e6-bb1e-79003fb8bab8,0
2bde7768-54d8-49b4-a8de-f323c7702cea,0
4dd2c88f-e2a0-47ad-aa96-18fa5d81a069,0
05840ddd-3a12-45ef-9993-c3cab0a3f418,0
49725d28-6095-4f35-94d9-cdcc8bb569ea,0
3ff799ac-74b7-456b-8bff-012d4861f454,0
4fd4817a-f1ff-48f6-ad94-cda2098bd9bc,0
eed6df96-9530-4439-8b6a-ce39356b8330,0
eee1fa1d-ce84-4ba0-b1fb-7243c4dcd8df,0
eeec1608-a875-4efa-a53a-af0cd86d7e28,0
eef8e5b0-2e90-4811-a309-6ae13c1ed7ce,0
ef034beb-2908-4a22-b6b0-55e62018d955,0
ef1536e1-1366-42dc-b4a6-66a96d807895,0
ef1eae38-a620-417f-b184-81bd2a50fb4b,0
ef264172-0d1a-4e2b-ae2b-ba95f93d8994,0
ef2be557-e1b2-4fc4-8774-7ea77276a8f1,0
ef331567-859a-46f5-b5d7-bf80e56aee23,0
ef41b9ec-712b-44ab-ad1a-d2c7a960a9a4,0
ef4d5061-20e9-45e8-8fd6-a4d51c4703e1,0
ef54354a-6c61-4c81-82a7-bbc46baf4f84,0
ef596d74-879f-4288-92ac-f9a699166bef,0
ef5c0718-708e-41d4-9f87-9cacff0554cc,0
ef6393c9-922e-4dac-ab35-3c019ea4cc95,0
ef6b7be8-317f-422c-b09b-5ecc7900a1b2,0
ef725f08-3ef2-44cb-8172-64925af291d8,0
ef7a0b90-892a-4f92-ac5d-07e8b764377b,0
ef840bda-4584-4b91-a32f-824f7bc77020,0
ef8d8610-eeab-495e-bb5d-ecfc5420920b,0
ef94273b-18a8-4d09-80d1-a7d61525a8de,0
ef9eef5a-974e-4ccb-889c-2168a21dda20,0
efa5898f-8a8f-4ed3-8564-e1b7cb24beb8,0
efaadb0d-7e98-4531-88f9-02ccdd3a99cb,0
efafaf98-122e-4157-99c5-f3d5eccbd80e,0
efb806cc-e3c5-433e-9cc3-93ad68c2d893,0
efbf4b98-d845-49cd-af1c-ad4f55d08181,0
efc5f16a-e5fc-4cb5-9c53-97857ef91718,0
efcc015c-1cab-41da-95f5-48ef386b6cac,0
efd66393-d2a4-4550-8f50-205278b4b52e,0
efddfb8d-857c-4ba7-b67a-44712e3764fe,0
efe4c873-feaa-40bd-b4fb-236662fce978,0
efef7e9b-2fb2-4cf3-9652-fabf9fce5e11,0
eff55388-062d-40e4-b574-ec288b7ed911,0
effcb80d-8619-4ba7-a402-a65c2d903f6d,0
f007545c-818f-41a4-983e-2224429c2ebe,0
f00b0456-1897-42f9-840d-6592a619858d,0
f010e0e7-8c0a-433d-9df7-4da967cec3e2,0
f01b165d-88c8-41cb-921f-cb97bb52f1c8,0
f0214217-32cb-425f-b6e5-114fd3dd6047,0
f02a99e9-a33e-4365-bd5f-9264ab25352c,0
f030eac8-f909-4bbe-acbd-d9ded37f7205,0
f041d82c-dd4b-4a54-8d0d-2e4e2854ec68,0
f048efea-8114-4779-b1fd-56a2499dd322,0
f0501742-da22-4aac-85b0-0910e5236584,0
f0564180-e8ef-4144-956f-9677cb770aa8,0
f05b20ee-0608-4253-bebe-f5d6b5df7edc,0
f0605f3b-dde2-4c74-819a-b5c602342cec,0
f068d3b8-77a1-4170-85ba-d997f3fc75af,0
f0734041-bf34-47bc-824b-57c7e91eb6f0,0
f0797b62-8c5d-477d-a1af-9be783e1ddc1,0
f08034bb-6d0c-4274-95e5-38f87df863b2,0
f088fa18-e8e7-4620-9c1b-53a17fb56398,0
f09414ed-9217-44b2-a0a1-031025e69614,0
f09b6c1f-bfab-4e99-bffa-aa6f3f4c0200,0
f0a1a2f5-7bb9-4172-8958-f881bfb92d3b,0
f0a6a57b-3cb4-4214-ba70-ff414766b330,0
f0ad3ebc-233d-4969-a6c7-6c1016ee47f7,0
f0b5be46-6417-48c0-8e85-7a4f74ee1e00,0
f0be1232-0147-41e0-9114-15207c8efe02,0
f0c9128b-859e-407c-a396-64fe266da143,0
f0ce6e63-db03-4ced-b56c-893d62a95cee,0
f0d689db-a542-4476-8dc4-608f679ec4f0,0
f0ddf71a-b6d0-4124-b094-b433538a7b39,0
f0e3d321-99b4-4627-b6a0-984543ebcaaf,0
f0e9fe0d-4e35-4716-be6d-e49bcb6babee,0
f0f424db-8fdb-4ce8-b940-4176bf2877c6,0
f0f85f1e-c4ed-48fa-bb48-951ef41dc74b,0
f0ff7d22-b10c-4e04-9d34-e4c42c4d5b76,0
f108228d-8d64-422f-b084-67cf9cf91413,0
f110d243-6a81-40aa-9934-272d89ef5ccc,0
f11e023f-19c7-4a03-908e-7e2ea594dfe7,0
f1270705-f4cd-4e39-8abf-75ae5d550e02,0
f12a7d4a-5601-43ad-aef2-9030922fbe2e,0
f12f6f5a-626c-4b33-b6f5-7992786e52b0,0
f1351a44-ea16-45b1-8cda-50f4fc79f381,0
f13eaf02-4089-4afe-b8cf-42d2ba1dbe0a,0
f14781ee-20f5-4d82-b42f-d6953981c888,0
f14e60cb-118b-4f45-a199-b669c1971e41,0
f1571f6c-b088-4653-bf65-dad1e08fc081,0
f15b9851-ffeb-427f-9df2-e5298a4bc854,0
f166d19c-2883-48fb-85d1-a92d3bfb9ffc,0
f172db70-c9b7-4cea-a8cd-1a2ed7536768,0
f1795c88-6514-47be-aa0e-29323850958e,0
f18855b6-05a6-4af5-b71f-089bf260b98a,0
f19002e8-bd95-4d0e-a238-af27264db5fd,0
f19a9819-7637-4a97-bf2b-ea2a514b14ab,0
f1a7b28d-a7dd-4185-9422-808be91a56ed,0
f1b0d844-7953-45b7-9b47-a54f52ae2e86,0
f1b9d809-5374-453a-b2a6-208fcd92a046,0
f1c0e6b3-e1cd-46fb-9fcd-5b1a7d1a1b67,0
f1c5e614-7c0b-418f-a71e-a61def5eab77,0
f1cef531-decd-476d-bd8e-073a0313837b,0
f1d4cdb2-af98-4fea-8ba3-111836a52628,0
f1dab91c-7f97-4bf0-8695-46643827a89d,0
f1dffdb0-473d-4b21-805c-1f4af97dd198,0
f1e7e7a1-2b96-4d13-882c-61e148484dd2,0
f1f13895-6192-48bc-a956-a712f067c43c,0
f1f56779-40ec-4f2b-91ee-d8f7a9e7b34b,0
f1fb2090-8102-4287-bbe8-fb3a08729d4d,0
f2034041-3f56-48f1-b434-e0b1d8cee777,0
f20bb8ee-30a0-4379-8957-23b8beb3e420,0
f2152f95-6585-48e2-958b-07789d0bddad,0
f21be569-69d6-4be5-8931-94e68130c19a,0
f2212bca-4212-4712-a4ef-987bd5404fec,0
f2284193-8d2c-43e1-a984-32eaa7cb7c62,0
f22d7b1c-92bf-4682-b3c5-9629fcd28cc7,0
f2348f6a-eddc-4f76-b2f4-000a0331b66d,0
f2408691-cf11-4b68-ad1d-2e6b227b17c7,0
f24a6c6d-aee2-4f90-9cde-dd826b0cf316,0
f251d164-d4e6-4981-b622-d0087434ac23,0
f25cb527-49db-4c3b-abb2-e4af9dd86908,0
f264f783-30ae-4c9a-b1ba-5f66127291f1,0
f26ca802-fef0-488d-a1f5-3e7ab9d49a34,0
f275f443-265a-416a-8d5b-3d15f81fe6a6,0
f27b9702-282c-41f6-866e-29f9e6aa758d,0
f28119a5-82d5-4abf-b3a4-049c75d2652f,0
f28983c1-f7f5-4d9d-b981-f96eb487269c,0
f28f254c-ccb3-4ba6-8558-c2b7332bb3c4,0
f295753e-d2c8-4f15-8deb-2006a1ecd418,0
f29c8faf-1bb9-496a-b98a-911a349cf47d,0
f2a4d67c-0d75-4911-a160-28b7fab42361,0
f2a9ec1e-ff4d-4191-af87-a116225da86a,0
f2b8aa94-a033-4835-9b79-876182d57ba1,0
f2c21487-11e8-43a7-bcb6-adf9a3b2cd1f,0
f2ca0400-79d8-415d-9d91-3c7f0a303636,0
f2d2ad55-1794-4edf-8943-37bab3525ba4,0
f2daa5bd-f939-422b-8747-9d9dc5eac13d,0
f2e2ab3b-630a-44c5-a519-c5d69767f751,0
f2ee07d6-8c54-4934-8cd1-e973c864aa7c,0
f2f4fa98-955b-4920-a7a5-33ec1cab3eec,0
f2fa1d72-144b-47e0-945b-6d897d8c4d7c,0
f3029cd7-05e4-4fd9-917b-36460a806e9b,0
f306dc41-53be-4c6c-9873-bdcb8ed85a3a,0
f3181fce-4112-4024-95c9-d39eceecd6c4,0
f3212c04-a7ba-4998-afd7-308a53dd4f6b,0
f325fb45-29bb-4b46-a52a-322b453c7b4c,0
f32f8f49-ca08-4296-9190-278e7e2b6938,0
f337770c-5cb3-4e17-ae14-0f5d1cc6367d,0
f34154df-9fe2-4d47-82f4-24438d676798,0
f34703d1-8d09-4865-8cbc-ef5dcddd2552,0
f34ca356-5f4c-4c00-8f85-e5587b0a707f,0
f35703cb-c897-4c42-aa6b-7fba8cc24ce8,0
f3629265-3524-4ef2-be8e-50fca0d3e858,0
f36a8a7b-1219-4b0d-989d-1f13efa5f258,0
f37217c6-f144-4287-90f1-ae7cbe402d92,0
f37b25f9-1c1d-4c25-b871-9053dcf09341,0
f384b57b-60b8-486a-858a-5aff6165391b,0
f38e6df7-6132-403e-b398-f7480718944a,0
f39745aa-fa98-4161-9b94-ee2a4a30782c,0
f39f14df-4126-464a-9ddd-4e95d9e52685,0
f3a64ac6-72e8-4c9e-9d16-81466c6c622e,0
f3b0eb44-1e1d-443b-8e17-e7701515e512,0
f3bac236-62ed-4ebd-ab59-25c50e447a54,0
f3c14fe6-1021-4722-b6d5-9d51bf7eeef9,0
f3c79522-cf1b-43d0-aab9-73e649c9f55b,0
f3d039de-060f-4c7d-a04e-e5d5181f7fcf,0
f3d80e8b-7e00-4f3a-856a-33d74973a454,0
f3de3656-cbb8-4914-9602-3da5b7cb4aa2,0
f3e450b2-a055-4f02-9f13-8408ba9f1002,0
f3eb73bc-bc00-42f4-9020-c2213336fc76,0
f3f51c15-5ab3-455d-9255-218039978834,0
f3f95d46-225e-443d-8530-49e0a89e274d,0
f4056893-825c-427b-b687-771bcbb3a48e,0
f40be104-7e02-4e9a-9f54-56b856db58d8,0
f415aca4-e010-465a-937f-95d2a1cbf043,0
f4226e84-76e9-40fe-bc3d-4ec4ec0dc072,0
f42c63c8-981b-4f5e-90b3-e71ad1cffc9b,0
f434b864-5686-435a-9344-d0f0f0032178,0
f43da756-b724-48a0-a4e3-d196c2f19b1a,0
f44221d5-9282-4733-a41f-b466d4deb825,0
f44a502b-5244-470c-8067-13cfbcf94778,0
f4548597-4f62-40e4-8dd5-e7afeda7be58,0
f457d36e-00a4-4e18-84dc-5addc74f7c59,0
f46127e8-9b99-4f65-98b0-3587f97d8fd4,0
f469c01e-2d01-4243-82cf-55b98ced14f0,0
f47339cb-eeb0-43e2-bd12-e598853c3506,0
f478fdee-c513-4da1-bcda-59b02501748c,0
f47d5c50-14d6-4467-8529-d1bd9928f57a,0
f485bcf7-e250-4a50-b7cb-49918dcdd3bb,0
f48e8ecd-cf12-48c3-a8f2-596fde4b2f07,0
f4920027-8481-4b4b-957d-45619e19eca0,0
f498c601-932f-43d6-8e21-b020337e2f70,0
f4a4b64b-d1a9-477d-ae07-ad72d7c48902,0
f4b0469b-884e-40ed-a1de-98fce8e92d10,0
f4ba40a8-99af-4ce8-9298-b55f1130b146,0
f4bfe10f-c0c9-4062-b190-dbbfb0d4ab57,0
f4c3bb86-c886-4212-9dd3-604f7f933937,0
f4ca30f1-56a5-461d-979f-8fad17a11a90,0
f4d109cb-7ce6-4201-beb4-fa2c483bdbb1,0
f4d6dd70-425d-4ae4-b3cb-6ea032a0ed08,0
f4dbc0ac-dffa-4a00-ae79-30e302a7caaf,0
f4e0fcdb-54bd-41bf-8a7e-07b5deca9c7f,0
f4e70711-b7ad-4100-a57e-ce395772e9ae,0
f4eef7b4-5417-4e6f-97ac-92a6dd3d68bd,0
f4fa408d-17f3-4963-82d2-84968be00d5c,0
f503b961-66dc-4113-9b95-bfb933fc3e48,0
f50bfab7-ee64-48a5-99a2-1d10e782438b,0
f513f138-db9a-4914-8232-e6b9b73eecbc,0
f51904ff-2a87-49ec-a0aa-33fcab96ec9d,0
f521a598-1cc5-4332-aca7-c8af063e57be,0
f52439e3-8b00-4776-a61a-ff47a90600c8,0
f528335e-58ea-4e99-881f-00eb905e6fea,0
f52e0413-f88c-4e7d-9d07-678d07eb65a8,0
f537dbc0-e0a5-4837-ab99-005f620c4e29,0
f53e784e-552f-4c80-8151-3e6c165ec3b4,0
f54518b1-a10b-412e-8a2a-cb9a53693b26,0
f5480aad-4f77-4fd6-a175-f1b3390c1c01,0
f5507b05-ac6a-42b4-a327-d9c89d3a25a4,0
f55a5a80-05f7-4145-9777-5d8e339063a5,0
f562b31f-aede-4497-9db0-ee94470b1f18,0
f56bd16b-a3b1-402b-b4a0-fe3b54832ea4,0
f572d483-3cc0-4d31-b4b6-6b14ea4a31ef,0
f5785dbb-3ad8-4fe2-9a52-5885972466fd,0
f57e1b0c-dc32-4d35-84ad-f5618432a482,0
f58507b1-9117-448e-9fd4-39c5ef15807c,0
f58d4c13-2ac9-49ff-85c6-e5c5994f933a,0
f5940cbd-3207-4f78-8d59-aca8fc352f45,0
f5969b2b-e073-4a2e-878f-c893e66b37a5,0
f59f438b-86c2-4981-9021-3507c0cf2a88,0
f5a5ee64-00ab-4db9-a83f-fdf88fc20d8f,0
f5ab3311-2ecd-4cdc-ac3f-e8dfeb63db2e,0
f5b6a52f-913b-4aba-814f-b1cee95b07a3,0
f5be24c7-45f3-4a58-a104-d87938857856,0
f5c0cde6-cc28-413f-ba0b-86bd79a70b6a,0
f5c8f11a-23ba-4053-9571-17115afc4899,0
f5d56318-d1c0-4d33-85c1-875476ce23f4,0
f5dc41ee-e482-4bfb-92d5-6ce68d43c81c,0
f5e26382-9980-40d7-b39d-368f0add40e0,0
f5e9d606-5e16-4e83-b841-6f03f5792115,0
f5f1c056-a238-455a-bd88-993c26d4b483,0
f5f7998c-426f-416d-8126-a35f6205390c,0
f5fe9dc2-8ce8-471a-83ee-e6fd3928b63c,0
f607b1f5-6a61-4b4f-ad12-cb83c980d17c,0
f60f12c4-93e6-4e85-9a69-c63bd5bd28a9,0
f6172020-3c33-45b5-8338-6052f8058a49,0
f61d3e0c-f6ab-4297-af3c-59d4c1910bae,0
f622cbb9-2920-47b0-b3d7-1f76202b1e45,0
f62e978d-2887-4f93-8128-27ff6423d34a,0
f634fe0a-0634-4c27-8b3b-caa20a0e1a8d,0
f63b2ffb-cd10-4d4a-9886-d02e777ba91e,0
f640969b-ef89-49f7-a9ee-14be80656a61,0
f64d35d9-5615-440a-8009-904891fbc019,0
f6553ceb-2cdc-43be-a359-9a006c185d0b,0
f65c6adb-ea41-4abc-b422-cd1674da50fc,0
f662c2ce-f46c-45c9-9bd1-f7c320e911d5,0
f6686344-ead2-43e1-908b-527e455053cc,0
f66d5f15-2f90-4f87-98fb-0be950422242,0
f677905f-acde-4b06-b48c-3408c00b29e9,0
f67de2a5-d17c-4cdf-923e-05c98da68313,0
f681b995-42db-4001-868f-df43cb7e7cbc,0
f68629ab-e473-4341-8c0e-41830ff338ba,0
f68dcc2d-7d14-4c83-8e5d-99248f81d15c,0
f6980e19-c35c-4a15-a658-5d31e26f0f0a,0
f69fb3ca-407d-4b26-9c6f-caf004a40919,0
f6a93baa-9dd2-4b02-a220-3a1542c12830,0
f6ae5cca-4db2-4186-baa6-37184799b7b2,0
f6b30a7e-1810-4930-a970-5491123bfc2c,0
f6ba9b27-7201-4900-84d6-c7638e3793b6,0
f6c9fb62-83c7-4073-833e-6d1606e09f70,0
f6d203d9-6216-40c8-8f64-7332805799ef,0
f6d8e4bb-310d-4476-8647-3faf5e65e0a9,0
f6dd5703-9c03-484e-8f95-8d827aca9a48,0
f6e6c2b3-fd45-42df-947c-9e999693f99b,0
f6efc290-fc53-4531-ba9e-1c53bb4a4f44,0
f6f3cb74-854c-489b-baea-899a2473591e,0
f6ff7311-2d0f-430f-9aaf-74790a8537a0,0
f702be57-0cda-47aa-9465-e5119921d8f6,0
f706bf9a-7d3d-49ae-8122-af8682232e10,0
f70f728c-b9e7-4e22-89a4-10bcd9d42ce2,0
f716768d-71bd-410a-b238-6e41ac36bc9b,0
f71f5972-db1c-4ab0-b500-f85f342a8e2f,0
f7251964-33c4-4253-a394-10714a987825,0
f72bc564-f38d-4911-865c-886b6449a769,0
f73548cd-1f9e-49a1-be03-80447a7f9e7f,0
f73b424b-99b8-4da1-99e5-d1873f6a1aad,0
f740cc38-565a-47ee-a672-bf40e5f233d9,0
f74cbc24-9383-4b0f-ac8a-330082d95996,0
f75447b3-67d9-412e-a916-5e1b9e0e057e,0
f75a3222-8751-4670-b101-64b03b51ad02,0
f766032c-30fa-4ad7-8aaa-64a61ad18e56,0
f76e6681-cfae-4787-bec8-413a7a6ba91d,0
f774deae-2afc-42bf-a2db-3501f77fd4d1,0
f77de39f-14a7-48b0-8361-34bb4c5e11ee,0
f78828a6-33ab-4f6c-9de6-7ba6ad509c2f,0
f78f5316-5aa2-4310-91b6-cf4e80a74015,0
f79ecce5-1ac1-4931-91d1-ad46b345589a,0
f7a6d04d-d86e-4de6-9166-bbb5a8ec1654,0
f7ae11a7-29f2-447d-a863-ba26c500151c,0
f7b47763-36e6-45f7-9acf-f6218f93c950,0
f7bbc3c5-fe0d-44c4-be92-fb052fc34fcf,0
f7c50105-7f4e-4b23-9d82-81cee0a952fb,0
f7ce61c1-a3d0-4dd9-9e5a-cb7d724e6112,0
f7d89f19-e523-4099-a34b-20e3cfb63a82,0
f7dfe051-dff2-4425-821b-28ee468fdd0b,0
f7ec8cf9-26ac-4a81-a2b7-55fd471a9b70,0
f7f27867-36e6-456c-8cfd-929632faf951,0
f7f9a963-d4d7-4931-9a20-49dae18341cd,0
f7ff8286-0a00-45e3-a23f-d73abf79a968,0
f806fefe-7cdd-43ac-a94d-293dd987348a,0
f8108a99-4aef-477a-8a48-c56d486e04eb,0
f81742ca-fa2e-4891-870f-f883b1d457bc,0
f81df4cc-489f-4c56-8576-b0920149df9e,0
f826fbc9-9acd-47a2-8b2c-14a329b458cc,0
f831d3ac-60c9-478e-80cd-90de09e2a9a0,0
f838cc49-2ff2-433f-893b-3c442f41236b,0
f83cda2e-be2c-4887-a9b1-b63134bad28d,0
f8425ec9-04e6-4092-aeed-6921b091e783,0
f848a9b2-729e-4425-af1c-8a120e4af561,0
f852c768-74c7-47d5-8056-51e0304b23dc,0
f8577f40-f6fa-4ee0-9c85-c489f6cd8d9b,0
f86091db-83da-4e0c-ae58-158a287810c0,0
f8665787-7768-4f53-a3c4-82c93025136a,0
f8704c24-0940-48a4-bbfc-b079883aabbe,0
f8788faf-5ced-4a52-b8a0-607393be9a9d,0
f88213bf-6868-46d8-9787-d7e6c58640d4,0
f889780b-d6d3-45f9-b8cd-b1928b65843d,0
f88da5e3-db62-40a4-8c86-259401860634,0
f894213d-eb75-4b50-969c-ac15c9518f73,0
f89b9baf-dc94-4e05-af2a-bde54e7443f5,0
f8a448fa-807f-4658-be4f-e2ed49c29a14,0
f8a98828-32f8-465e-b908-7f4be30dcbc5,0
f8b0e427-91f7-4d29-94b4-ab1c3afbe43f,0
f8ba5a6e-c439-44a7-990e-d878aecfa04b,0
f8c2e275-0f57-411b-a295-7f1185940fce,0
f8caa3a8-2137-4547-ad78-0336dd4627da,0
f8d67640-e567-464d-9f61-762dbc69b024,0
f8dde1f5-488a-42d2-833d-f0195cf9b3c8,0
f8e15a05-2f34-49fe-be90-a0a4106c59bc,0
f8e5db86-5538-4ebc-a520-45eea5be6e5a,0
f8edd53d-8520-48e8-9f7d-87f5d83d751e,0
f8f77d04-a0d2-450a-be26-47f7f397119e,0
f8fc17ac-ff68-4c32-91f0-511c11a46a78,0
f9018c2e-5a67-4484-a09d-203054887a50,0
f908e92a-9b72-4cc3-bf94-1b0325fec4a7,0
f911297e-0447-41ea-9e10-86dacf6a6a6e,0
f91ae082-7e75-47e2-bcdd-8a085d89bdb6,0
f9243199-b575-4ff0-ac13-0830fbc1ca76,0
f92d3027-fd0a-4ca4-95c6-0133f804b40d,0
f9365c38-344d-4e03-b394-987ab46f637a,0
f93c5d25-6fc4-43f4-bc60-b945f90c59a7,0
f944cfb8-945d-4502-b315-16fbf0d5d616,0
f94eb06b-53af-4638-b8a4-db25ad93c5e7,0
f953e533-fd52-497e-ae41-4d7237908810,0
f95ee592-5ff5-4bc8-9b71-f7008f9f7df7,0
f968cf96-e6e5-4420-bb3e-67b7d35bfd41,0
f971a5f5-35e0-47d8-b1f0-1df1a5dc3e7e,0
f9783e63-bfc2-4900-a9cf-52b132646c21,0
f9847394-6ae7-43c1-9b3d-f104f072d6df,0
f98af384-ab05-42d9-a6f1-f393932eafb0,0
f9913ddf-b54c-41c2-8993-ef090b0dc566,0
f997b78f-56e3-4bd6-9cd8-34abd2516aa7,0
f9a58d84-127d-4eb3-a0e3-06cc3bdebd72,0
f9ae5ec6-3dd1-45f7-90dc-f64328ae2799,0
f9b7dde1-6c36-4635-8783-4cc182b47276,0
f9bf3246-791b-4fff-9f83-bbbd13f3530f,0
f9c74716-f343-4624-8ab4-a7dbe46c1fd8,0
f9d44813-928e-43f7-b6cf-abca472fd5e7,0
f9dbecfb-051e-45a5-80fd-2d588772e8df,0
f9e1618c-0129-4c4d-ad43-bcddc38c9a34,0
f9e78b68-986f-4323-83c6-454e6ae79696,0
f9f4c6e8-9e72-496f-94e7-539ace326b69,0
f9fcd9fc-ee1d-4f4b-b161-887b5075d976,0
fa0301a9-f549-483a-8203-4c0b8f2f8cc4,0
fa0a651d-ba25-4c34-90ba-3fc04e712208,0
fa0f207c-cf00-4d2d-af07-6a8ffe79ac93,0
fa14eb78-3547-435c-ab29-b74d0cc0a86f,0
fa19eb21-96d5-42c8-8820-34eec93d1d62,0
fa20fa80-ff40-4b2b-b19c-2f8341c27c2b,0
fa285585-563e-48c5-91d1-5501b5918681,0
fa30548e-2397-4fc1-b83a-12114c2f6efc,0
fa354424-8d38-4d18-b239-42c9a7ee3879,0
fa3b2a65-eb78-4cf3-a7dd-e2c1f7bae1b0,0
fa41ab9e-013f-4eaf-a0ca-b1a83307f4e3,0
fa4a1b71-e741-48c2-b87b-1afac40949bd,0
fa50f3fb-466b-452f-aa03-c5c623200d9a,0
fa5a50df-726b-4406-b15c-e75d508b51b9,0
fa624e23-2220-4b02-ac84-c963b7e55087,0
fa6eff7e-edea-4284-8e4d-020f52137eef,0
fa766e60-4196-4bd1-a529-bda6c422ae4a,0
fa8142d1-568b-460e-a2bd-a8dc54cad923,0
fa8b10bd-7ff3-49e3-924b-b98c3c4894da,0
fa94c02b-2250-4a79-b032-b8730a9b2bc3,0
fa9b2c3c-90f8-48c6-a51d-c090db954ba8,0
faa3d0ee-0786-42c1-84aa-5f82d0150ce6,0
faa6a6eb-63c4-4a12-9ddb-ea1f173bf33e,0
faadcc88-f3e2-46e9-93b7-54a7661f2239,0
fab667e2-98fd-4f29-bdbe-b9000f78faf3,0
fabfaeeb-a7ad-4cd3-8797-c6e76b4036fa,0
fac93de1-cf98-4b3b-8fab-281869632347,0
fad0333f-e155-41d6-9c75-dfa5021a3840,0
fad75508-9d38-4324-b188-83667c535c94,0
fadcbc36-507e-4301-aec3-6e9d3fa8a237,0
fae707fe-6d57-4651-90db-8dffebc2bc27,0
faeeba94-742b-4421-89ca-c916399006d6,0
faf2d1ab-8f08-4148-94f3-8d274248d872,0
fb0274cc-3066-4084-a7ab-329c9b012f5e,0
fb0949a4-88a5-4572-b599-65767bbcf1af,0
fb1144da-f6cb-4edc-873c-e0b45523171c,0
fb186085-2e60-4ed4-91e2-03e094f0d123,0
fb1e6dda-65cc-4740-92e9-483467410ec2,0
fb2857e3-6302-4727-a314-4968c8f4c8c5,0
fb31dca7-d9a9-4e13-ac4c-ec759ced8c41,0
fb3993bf-06dd-4b83-998a-4a01e22c9e6f,0
fb4208e2-160a-479f-9bd7-db91be5ba53e,0
fb4a9aca-2343-4d56-a5b6-0265e0d7c7af,0
fb50d71e-e34d-4d95-8b23-ec342b302872,0
fb5b6d9e-219e-4ffd-8e46-e63ba67cf53f,0
fb617a70-130b-47f6-9db3-33388081d4e8,0
fb6ef669-2cb1-4d26-b52b-7d9a617e64d2,0
fb775318-229c-4cad-8f74-d1d731c33d65,0
fb7ecbca-bbd4-40af-a742-25a77ec2d33c,0
fb865690-8433-4296-a932-63126f8e1e33,0
fb8f6c90-607b-4a05-96cb-97e48ca042c7,0
fb9e1408-e611-4176-b5a4-dddd604df680,0
fba4a221-9a00-4612-91ac-96af3802dbc8,0
fbad8d62-099c-4efc-a017-576a0f30ab11,0
fbb05464-4b18-4508-98be-e79fba047cfd,0
fbb62913-2bbb-4a88-94ab-1b42f1b6bd69,0
fbbbe28b-69e5-4af8-a9da-22c67485cf22,0
fbc083bd-26ed-4364-9086-a7bedd959d0c,0
fbc99167-6b28-467e-8b03-48b4eb971df8,0
fbd27f94-93be-4e46-97af-618de83baf70,0
fbd9eda9-4a8e-414e-9e1e-d944711d8d80,0
fbdfa6b9-baec-4672-84b7-661c0ef5fcb0,0
fbe51649-6c43-410f-bd9c-35e51993d81b,0
fbecf8d1-57ba-4402-a4de-bc887e6876c4,0
fbf234ea-2421-4be6-8696-98ecb48774f2,0
fbfe066e-ab13-4c3d-bce0-88ba5ddcd208,0
fc03e080-a317-41aa-8a9f-5e2bf120fb03,0
fc073bf4-5e41-49fe-a5c8-06459df6b469,0
fc0ffb4b-08c2-49d4-85e3-dc2e7e854633,0
fc1c6dd8-4bc8-4633-9fb6-481232008395,0
fc25c216-0f1b-41ad-8a64-8cdb55a6259b,0
fc2d96ea-60be-43d6-98d4-011b4b62a9f2,0
fc37f55d-6fcf-432d-bf6a-a31502c5a3e1,0
fc3fe40d-9f91-4827-8941-b5a53f4db8c0,0
fc47cabb-5c56-4956-9aa2-b4473379edde,0
fc527fed-54c5-4ac4-8994-e077bbc6822c,0
fc594097-f3b2-4961-8a56-e38a46c3fe4b,0
fc62b0b3-d75a-40e8-b717-4bdd57a44cf2,0
fc6e206e-5e95-4532-b739-fb03ae200759,0
fc73565c-1797-4827-a7f8-756b177d0295,0
fc7997df-eb32-4321-9552-164a1cbc626e,0
fc836309-3ffb-427f-b6d1-29f5a004f1c5,0
fc884d7a-3820-4232-929d-766d8bc848be,0
fc8e5faf-e4f3-427f-b28f-4fde3dd98aa7,0
fc964fa0-e716-420d-8511-9c4f9df7ab67,0
fc9bfb66-c024-4127-976b-af99cf165031,0
fca2cb0c-769a-482c-8a5a-a200499f3187,0
fca9307a-fd44-48bb-8148-25483f718073,0
fcaf29bd-c09c-425f-9e47-3885ab4a53bc,0
fcb86aa4-b78a-44d6-a095-d18b13ad1aa6,0
fcbf71ff-6e98-4c6f-a635-035066e0a3a6,0
fcca2c26-9adc-476f-87cf-6676db1e4785,0
fcd1fafa-f197-4ee2-b6b9-52721a5acada,0
fcd55265-6c48-4516-9db3-61a6803f677c,0
fcdeede6-1f9f-4138-be27-17d373f92d1d,0
fce960b9-5bf3-404e-bed5-1fc4cd474d94,0
fcf2b3a0-4680-4038-b7ac-2c32922c006b,0
fcf8da58-aaf4-401e-b8c5-504fd0eecebc,0
fcffc45a-4ce0-44df-89e2-0a27e06695d4,0
fd062892-637d-4dff-93c4-ffe06ae1f998,0
fd0e21df-d928-42b0-9308-e3ce32b82c8c,0
fd14d99f-e611-4539-a17b-c8a28bb2ce21,0
fd1e3289-2099-4187-934f-d9180f82ee71,0
fd279393-4b37-40c2-8119-b62d64e2257b,0
fd2e982c-9f8c-4299-9b0c-012165ed93b0,0
fd3598bb-0f8b-4ba3-8dd3-4b1399619dcd,0
fd3e5fcb-1d9a-45c1-91b1-30778def0c3f,0
fd43c863-e534-41fe-b755-076d80ef294c,0
fd4ad06c-194c-4b54-98a0-00c68a7f58e8,0
fd4f0196-9a12-402a-bab0-f1157d6c0b36,0
fd54f1a7-240a-4b69-87eb-6288130eb54f,0
fd5ac12f-473f-4dc8-9643-33a033e3af2f,0
fd632872-697f-482c-b564-beefb552992f,0
fd68a0ce-1584-4068-9bc8-59cff7801199,0
fd70bc18-0b83-41c5-a599-15ba787f5d69,0
fd78bdba-dd9f-449b-98af-418f1f67a9ff,0
fd81174a-034f-416e-9659-b0efa2bb49bb,0
fd8bf121-fa35-4356-bc10-0b44f24bf57c,0
fd944a0e-6e50-42a3-95d8-5f5d7cd21dea,0
fd9f5c5a-8c0c-46b1-8af7-7ca20538a5fe,0
fda50cbb-d1ca-4775-b125-7c6058e6773a,0
fdb32fc0-b143-4553-bf73-d070cd9f3613,0
fdc11b07-7767-4128-a4c4-94890ac67132,0
fdc3f0b7-4131-472a-abc0-88252b877551,0
fdce2007-525b-4a63-bfaa-a44d98b50f41,0
fdd5fbad-2eea-4c30-b700-e2c3ade44294,0
fddadad0-d9b4-4ba3-8cc6-d48944628cda,0
fde3ae2d-2ab1-4b2b-a31d-06b3912ea797,0
fdeaf774-55ca-468e-919b-93be822e38ef,0
fdf6eee6-75ad-486f-82e6-ab32efd7d93b,0
fe007008-3fe7-465b-90fd-57ad26dd9d57,0
fe0cea63-d8c3-4d37-ad2e-14bf330388f3,0
fe16ccdd-875e-407c-89e3-0f232a49dbec,0
fe211563-79ae-44b2-a36a-4251679f8a74,0
fe2c0cfa-a02a-4dc5-8364-79eab53571ef,0
fe30304e-a2f7-4672-9a18-7d58da0f7a56,0
fe3be749-b842-4c26-95d5-7e4828b0f6be,0
fe40d8ae-7e7a-43b2-a30a-ba92656b104d,0
fe462f94-97ef-4900-b599-0fba31af0ee5,0
fe4fad39-ddde-4276-aaf6-4f3a290afe49,0
fe561c9b-b603-467d-8d41-adc5fbc4465d,0
fe5d7930-2aa4-492e-b9b3-cf33ea51d7e4,0
fe640d3c-d6b5-45bd-acdd-b2f3d9b3649d,0
fe69cba6-2b5b-44b6-a194-0a88e655d7ae,0
fe7560c4-d242-44e2-ad54-6bf3f54dec7b,0
fe7ed386-d1da-4c90-88da-834465fa7130,0
fe8906ab-38cc-44f2-b17c-847d7e09ea16,0
fe905fce-f978-4a19-a833-d16034b6b720,0
fe9939da-adc9-42fb-9b45-332ca2cc89d7,0
fe9f16f0-8ba2-4a81-a2a9-8471378c85aa,0
feab036c-94fb-4831-a3bb-993e425779f2,0
feb2723c-b1af-42b0-8442-d07b744cd582,0
feb946c4-458a-4b92-94db-4bbd3778ba4f,0
fec21b21-232c-4e4d-bbbd-f6e7a30f0500,0
fec95103-d6a3-464f-95ae-a4c6aecb5a57,0
fed15d40-0f3b-4529-9d3e-704ce0d98d2e,0
fed74d89-034f-4e83-b938-24a3cd0943b9,0
fee13749-f59b-4b19-8b76-630cc2f64797,0
fee8faeb-dfcf-4db7-ba4b-69a422554dc1,0
fef0d896-4a9a-447f-a520-133df1c80882,0
fef5a6ec-7447-4165-8021-769b13d935c7,0
fefa12b9-348f-4703-88b4-8e19cad11aa7,0
ff004a09-1851-4ecb-82dd-0b30c4feb49f,0
ff06e9f1-4733-45cd-ad71-5f6a40380cec,0
ff0ca338-d8be-4cbe-8e5f-498888df21c1,0
ff133ae9-9525-4f0f-83f4-ad80c8bf872b,0
ff1b7428-6666-4a79-8d38-d61906d69a0b,0
ff21ba57-cf63-40da-80e6-3a59eade7f8d,0
ff29fd82-c2fb-4e5f-bf0b-7aaa30d584bb,0
ff310c76-5e18-43a2-951b-d182322718f3,0
ff3bcf93-9320-4a02-9d36-0da6e6fcf6d0,0
ff4d04e6-176c-444a-933a-7a0268ac688e,0
ff575e4b-0cb6-4f0e-a86f-37ab35ba5722,0
ff5f130c-043c-4b5f-b2d1-178071706fc3,0
ff655ccb-e352-4723-b06a-d68f48d49f73,0
ff69d4e3-081d-47ff-af85-b22721ba4e27,0
ff710ef3-9db4-4586-8505-4f46a94d9d4b,0
ff7c7403-d1aa-4db2-bdf0-1024cb034955,0
ff811627-7c89-4ec1-b1aa-27eef1140585,0
ff88ecc2-ba3d-4c5a-98b8-c31922f1d451,0
ff8d03f4-997b-4c94-ad45-6137584af263,0
ff97181e-2ca4-479d-bd91-a1b0efdd4cc7,0
ff9e81ee-bd28-418f-844d-f0d9d446966a,0
ffa44e68-a98a-4d12-945c-964f4aa6b7f1,0
ffaabe67-3b3e-4fdd-89bd-59cfbc5bb2d0,0
ffb70dbf-e84b-4c08-a256-6368778170fb,0
ffbc52e7-f9e6-4916-bcb4-5dd9796a9c96,0
ffc26158-ee74-4d84-a390-1847fe5f03f7,0
ffcc1795-3a8f-40a6-82a2-a44dba93ef1e,0
ffd29488-c394-45a7-ad67-a32e3caa95d5,0
ffd993d2-f993-4a70-94dd-61e2d553c2e1,0
ffe07ba8-b0b5-4ca9-a7c1-bb0e52a2697a,0
ffe507e0-ebcd-440d-8fc3-845f41b5ec05,0
ffebf624-032e-421f-b809-54424cd43004,0
fff42e30-4f1a-44cf-9e51-efd8f3e33e6b,0
fffaae5d-986c-4e69-9cfd-8688dfa74cae,0
fffee979-8fb7-4d45-ad14-fb7e6246c190,0
a03a1cfe-51dc-47d6-8dca-480b15ac590a,0
a0460f46-6828-4a5b-8fab-ce717ef5a815,0
a04f11a9-9ec1-467b-8f85-f015b11673c2,0
a05559f2-9bfa-4e4c-aa0b-9ee6d1d68052,0
a05d619d-d480-4b28-91ab-89e4a212888f,0
a0638fc0-11a4-41cd-9353-8cda2212957a,0
a06a0774-58df-4ee5-9b51-b8e4d697cb0c,0
a06d04ff-c17a-4e6a-b6fd-ee2c15120eb1,0
a074a79a-723d-4317-96e4-49f3299489be,0
a07afe2e-18fc-4b9d-84cc-778d4c5cab35,0
a085c490-7cbc-47ca-af8e-bee05609eecb,0
a0925b33-d564-4e1e-a819-787fe0e4af3b,0
a09fa9ce-1ac9-40dc-8b1c-38a4eb72bc65,0
a0a8b267-e1c2-4e33-8cca-ca00e7e0328e,0
a0afbd36-437a-48fc-a17f-54b05c36d29e,0
a0bc4fb5-06e2-4d98-9a74-dc5f38b9d654,0
a0c3a580-aa34-40b8-b3ba-5d6e8a14d515,0
a0c99ec7-ec04-4d1c-8863-6258c87a394c,0
a0d2b84d-0e0d-404c-8244-a3ca4fedf9c3,0
a0deb694-5af3-43cf-9b4f-bf45e7ce7f66,0
a0e4afea-68cc-44e0-9123-bb04ec49339c,0
a0ee18db-1019-473f-8367-bfd030847846,0
a0f7f750-b79c-4176-87f1-89afe1bf3b52,0
a0fd63c9-18c4-4eb0-b2cc-2393a19c5eb7,0
a1053025-5cc6-4ad6-8ba2-29f11abf68e9,0
a10d23f0-6e5d-4801-af7e-f84adfd06ca6,0
a1130fbf-e7b1-4ab3-ac12-e5f83028da8a,0
a11920f9-711b-4f9a-a699-e42c44259508,0
a120f2a8-b74b-434f-94ad-933f6932069d,0
a12ae4dc-bf87-44bc-810d-5f02a8ed3a3f,0
a1321f86-1ef1-4588-9d18-1e004d1e9c88,0
a1377255-37b1-4181-8c65-48489fce7985,0
a142c987-bb1e-4c6c-9dae-baae33e973ef,0
a1492d8a-ad18-49cf-9f9e-e35ce086a03a,0
a155e5f7-8aff-4751-a999-19dcee7bd9f2,0
a15d9956-a007-4d97-80d3-66227e2a946e,0
a163602e-5abd-4d56-adc6-f856408cae1d,0
a16b0f6a-bb9c-4fbb-942e-3fae07779a55,0
a1736a66-1c0d-44f7-955c-1da707044062,0
a1797ec7-8bdf-4c30-a753-0e32861fcd3e,0
a182d7fd-2a0d-4f56-ba7a-9eebb95025a0,0
a18feb77-a30b-40de-a856-9b484b6d873a,0
a1996992-2057-4101-87ec-173486b797bb,0
a19fbbcf-aaa7-4477-87a1-afffd2ba4297,0
a1ab41a7-ccd0-45c3-98f8-af3ec28bd6f7,0
a1b2be1a-2752-40f6-a384-41c1d7abc920,0
a1bd089c-e039-4eb2-abb9-ad7f7ed75f6a,0
a1c82718-b602-4d95-905a-0e98ba9b3336,0
a1cce410-b77e-4ddf-96a0-4e3c9bd3cfad,0
a1d7f1d0-94c7-410a-afd2-fd522ad63d68,0
a1ddc71a-bed5-4db3-aa27-74965484b4a5,0
a1e40d05-ab80-4fb5-817d-ce84dc90ed89,0
a1ebfea2-c9f2-4966-8144-572cacf9337f,0
a1f6c521-0b56-4c86-b898-b52ca523189f,0
a1fcaa8e-5b1b-4f5f-9e7c-29f682709ab2,0
a2069505-cafb-41b0-a1b1-e2d39df63bd6,0
a20fe5fe-858b-4325-b717-28be93fc6be7,0
a21b3113-4d03-4d5c-a0a2-3d18e9d166d2,0
a224b87d-67d1-4e1c-96d4-02e2884e9a24,0
a22f1cf5-5995-4b4b-82dc-03e3d109019e,0
a237331a-21bf-46ac-9d11-bedce0de5083,0
a23d3925-01c1-473b-b34c-77f07fd75f61,0
a243a2fb-85a0-4a42-aec5-1cc8698b9969,0
a248b915-89a8-49fc-92a5-ed38653febee,0
a24e5acf-6e23-4450-ad38-d5ff196b1fd0,0
a257242e-33a7-472c-a78e-aa1042e7b36e,0
a25dcb93-cce6-4e80-acf8-663551afcf57,0
a26326f1-31c4-4ce4-b0b0-2e0ec080662f,0
a26fe490-2b55-4028-a902-cfb721af9f07,0
a276eb12-eb12-4498-9698-3840f4122c60,0
a282645e-5ec7-4bcd-853b-9c21d491afdc,0
a28a8f2a-caea-4d26-99c6-7e3f3613fa04,0
a2934334-faaf-41ad-aa71-71c4c02951ab,0
a29bd23d-5ba6-425c-9f6f-7b979f31dff5,0
a2a1189d-9928-460c-975a-cda5cd233204,0
a2a9ba85-c5d4-41f1-ac04-d51a6a3b3e4f,0
a2aeb467-6dfc-477f-b5ce-af629d911278,0
a2b69259-c4ed-4e97-9b1d-bf377bc3db54,0
a2bc22c7-9c7f-4314-acee-b9ea46964636,0
a2c3ae22-4cca-449c-804a-aa6005fdf75c,0
a2ca78cb-f6ca-4ea2-9336-cbaf35e8c3b2,0
a2d15667-a79b-4ee1-a4f7-d0279467784d,0
a2d8ba45-7f85-4388-8058-e55330c8f88c,0
a2e2fb3d-009a-45e8-9b81-94ec378b158f,0
a2eaeec7-2a54-4db1-8013-44cf598369f6,0
a2f3721d-f4ff-4fb4-b9bb-2ec07f679ff7,0
a2fa0081-c5a7-4acd-bf1e-8634899590cf,0
a3042870-8eff-4c69-81c6-f308d6baabff,0
a30b6023-70a1-4c93-b086-ba9933101a45,0
a31452d1-10ca-434f-b316-82fb1f743f23,0
a31fb5ab-389c-4fe3-b961-817d54cf5906,0
a326fbad-830c-41e0-ab1d-6db6101247d5,0
a331b0fd-966f-459a-a2a9-d10e7f0a4411,0
a3393391-cd47-4ea1-a065-67afe543d359,0
a342234e-cb55-4fc5-a2f8-298333d04492,0
a34b3c83-623b-4814-a780-db9c0db5bd8d,0
a35292c0-4585-4cb3-8a38-e52f7c11bf1c,0
a35915df-328d-4475-8001-149329df71b4,0
a3626596-7ad0-4e96-93bb-f210c553ba58,0
a367a6d0-e129-4005-9270-96c7109e07cd,0
a36dc2cc-0bd8-4409-b7f7-254a1c3ab44a,0
a3799810-b148-4322-a81f-69c89fd4545c,0
a37f86be-7d47-423f-918f-46d8c06ea717,0
a38ae94f-60dc-4f97-93ba-d1c94687d71c,0
a3935654-89a6-4553-97cd-d66c2a087fd0,0
a39b3e06-e5c4-4c88-b824-efa442e768a0,0
a3a52d7d-59f7-4ccc-9d6b-18f416cbc66a,0
a3ad73af-7903-450e-a5e2-6aac2b75d116,0
a3b6c952-7955-412b-aa51-1c010eb80751,0
a3c015b8-9390-4477-82e9-bad89cee38bb,0
a3c8b29e-38f4-41a4-a9ed-689c455f78d2,0
a3d2703f-dca6-476b-9c28-8fde0e3aa8e1,0
a3db759f-b2c6-4843-911a-638da78ad622,0
a3ddef81-4c85-41bd-934f-e3a27c59c027,0
a3e73a46-2bc7-4e3d-9062-d1d06cfca9bf,0
a3f04bc3-b0da-4df0-a815-9f1a3c7238db,0
a3f9763a-9cc1-4d62-9d3f-ee2d6acc9998,0
a40040ae-b333-44e0-9117-36f71f438605,0
a4022ecb-81dd-4885-a586-2706c5cfc3b0,0
a4062d52-a2d6-4756-a273-6b4e655a8aa9,0
a40a509d-9e4c-48ea-add4-a67baf4b7664,0
a4141888-5bc3-4dba-82c5-6d69ff136aca,0
a41ba171-e937-4030-a453-2311ba47262b,0
a4243232-9a5b-4746-a617-df304f5dc4f9,0
a42cfc41-676d-4a65-8860-eeb6645701c9,0
a4345e5a-9445-4d83-a07a-f613fb1d15c2,0
a43efe27-09d0-4dde-a922-611a651ec0c2,0
a448d5bb-2038-4ad1-bf5c-1acfa7028048,0
a450f5eb-98de-4edc-a0b9-156c17a8bffe,0
a4590c4b-accb-4659-b639-a1997e890da8,0
a460e692-a117-400d-a950-d144c86427a4,0
a4685e69-a997-4796-801b-cb42bedba8d0,0
a46ef385-e9f0-43de-82de-045b2d90df34,0
a4775c1a-49db-4a07-a68d-0d254132d7e7,0
a47ddacf-9ca2-4e23-bde9-bd6ef5ce7166,0
a486e31d-c3e8-4f84-9182-7c5b9c540390,0
a48c660b-9591-4c50-80e9-fe957f1f7f01,0
a49350da-aca7-432a-b4e1-617e33decbd1,0
a49b0745-a663-4e36-afd4-c85f019c6188,0
a4a297d4-af17-4f5a-8e6e-e9b0a5c371a3,0
a4a5e540-b134-4ef5-848a-35ab12df4e72,0
a4ad7556-92cc-4ebc-96c6-51b737c02bea,0
a4b44c52-1186-4e43-81fc-05663ba04ff8,0
a4bd58b9-6d35-4609-be5f-f393d0e262dd,0
a4c97531-ab40-4d37-a450-b4228128fa46,0
a4cccc1f-353c-40a9-a5ab-4347f8bf0db6,0
a4d42134-be90-437e-80ed-1f9995e3daeb,0
a4df76bd-cb60-46bd-812f-1427aeffdf79,0
a4e41527-3799-47cb-b3f7-cc3f4497a516,0
a4e7b3e3-d5fb-4a05-9e21-dec43bd0ceb4,0
a4f243ef-d756-48ae-9390-58e7325753e6,0
a4f809c1-970b-4182-9dff-9c16cb64376d,0
a5004ee2-1adb-469c-82e3-065cfbb9ce7d,0
a5076f92-8a32-4427-900d-e89ea0c54b05,0
a50bedeb-4f44-4482-b828-51b32aac1b57,0
a514b4b9-6e63-4fdf-ab83-785a3a402cb9,0
a51d2559-2824-43de-afee-e5e909776e58,0
a5245aba-f7cd-480a-a041-8b0bdef051e0,0
a528c690-5674-49fc-b56e-eea427cd093a,0
a531b4a3-399c-4b8c-bdfb-504a8a56826f,0
a5376a23-8db0-40b9-8af0-28a75f05c40e,0
a53d228b-a279-49ab-a5b2-8087cc79bbd7,0
a5471d1b-772a-472d-98dc-88c3b3384b24,0
a54e37ed-9ab4-4880-9817-0b64546b9ca8,0
a5595b5a-d051-4f18-9292-5dc3582bd721,0
a564ba47-be0e-47cc-bd68-b5462acbe4ec,0
a568e702-160b-4113-ba2b-bc8f5badb0c9,0
a571f3b6-29c5-43f3-8bb1-c2700ce9ab6f,0
a5791149-cc52-409b-b9ca-1dc0683165bc,0
a57d8897-a361-4df4-a9fd-4734651f63c3,0
a585dca5-2001-439f-a6fc-01ec0cf0e832,0
a58c6631-6f24-4c5f-891e-8dda51be5a96,0
a595006c-d14d-47b9-9ba1-b74d4d64b2ef,0
a59da42e-c407-42e0-a301-bf821b49ca57,0
a5a6551f-3aa9-4ee7-b167-3286cea2cef8,0
a5ac5cad-0362-417b-8511-aa2351775692,0
a5b1634a-920a-45e7-b3b0-3f780e9f2412,0
a5b5e7ea-353a-43e7-8afd-dd8f93c8a96e,0
a5bb321d-854d-4174-917c-72c774f66905,0
a5c78301-c95f-4857-9838-416da7f06364,0
a5cca3b7-f180-4010-bce2-46cd0bbdda3e,0
a5d3421b-28ff-4222-b1f2-01d0e263641e,0
a5db019e-267f-40d0-8a66-da113a15a50d,0
a5e23b22-b308-40e0-80fb-1af0deb393a3,0
a5e80b07-ba06-4702-ab90-240509be9c1b,0
a5f0033c-a8e4-49ae-a8ae-3bac357d66aa,0
a5f9abca-f30b-4e2c-8b9b-284a285c1566,0
a6015c75-af5b-4f77-b047-8ae74aeb683f,0
a60a8363-67ce-4ff5-bcac-92f3d828cbe2,0
a6112afe-0f52-47dc-b802-a47942e22f2c,0
a618e9a3-9652-430e-a0ee-28c5d8437bce,0
a61f043d-26dc-4752-9703-b71cbf970989,0
a625ed9d-cd10-4248-9978-135a769524f1,0
a62c37c5-cfad-4cf1-94dc-c0912cb06597,0
a63485ef-06ac-46d0-a947-f73b2166b733,0
a63b9faf-d32e-4ff1-84f8-9cc0605ba585,0
a644642f-4284-4afe-a246-6dbc945973ff,0
a649d6d0-dd4a-4981-a5cd-6be78b2532d4,0
a659d8d6-c3da-47db-83b1-3440145b2338,0
a66263ad-6647-4f73-b5e3-f8dfaa7f1007,0
a6691de3-82a6-438c-afe8-8552364a735f,0
a66defde-c795-4b3a-8b4f-a9eb95fdd839,0
a67aff42-84e7-41d6-b25c-8cedd840c2d0,0
a685bc99-1964-45b1-8aae-3aa0169ff467,0
a68da29e-ca9d-4f74-a56c-6186ed60c79e,0
a6972a9b-74de-47a7-a5a5-539e245386ba,0
a69e00c5-865b-4470-b229-92d1eb9ef1d4,0
a6a4923b-92a2-468b-9cc2-a89eccf647fc,0
a6ab6689-da9b-4e11-9ace-381bc092c74a,0
a6ba3be9-38e9-420a-886f-01d3bffc2819,0
a6c4ff2a-cbe7-47fd-9584-4c5cbc092d4c,0
a6cce6cd-c9f2-478a-b511-e2a01ce52408,0
a6d8cb6d-78bd-4c2b-b928-ac41f4e05b03,0
a6e62abd-35b7-4071-95cd-df7d3929c4ad,0
a6ef6ddc-28ce-4d50-9928-c8a45969edef,0
a6f9fc91-a8de-4acc-baa3-2479e9815f5c,0
a70315a9-1e91-45e9-b05d-6f80b7ed0a0f,0
a70e1847-d39c-4ccd-978e-c6982fa5a71c,0
a715a9dc-5ab0-4728-a1cd-41ea06f7fd93,0
a71de3d7-340f-4546-b1f7-09ba6d193b9c,0
a7271a85-6f54-44c0-ba0b-9bc9a8462493,0
a72c7e7d-337f-4e13-8343-792b19a78f80,0
a73542a3-3b50-4047-8bad-59cb3cc259e2,0
a73977bb-2d5a-420b-890a-84a59c21b719,0
a73e0ec9-5310-415d-8331-f889f6f7d263,0
a7496dd6-13a1-4f38-8d93-db12a57115c6,0
a74cc9c4-7952-4fc2-bc7c-a1094ebec96d,0
a750e19b-09a3-4d03-ba32-408a8f6a1924,0
a75b30b9-1876-4723-8e74-47f55c3c0851,0
a76520cf-1cd6-4d67-acbc-7aceeb82730c,0
a76c43e6-fdef-4eac-a234-d70d407cefaf,0
a7787abf-1608-4bf3-b033-8175aa2670f2,0
a77f90aa-3e67-4db9-a036-aa5c87914c4f,0
a784ddd7-baa3-4d6f-bec4-28417765d732,0
a788f63c-8374-442d-a880-39acee8b88c9,0
a79341c1-6ada-48fc-8686-f85aeaa28609,0
a799ff0d-b9f7-416f-93d2-d67c3a0f86f1,0
a79f3bac-0d88-4c10-ad5e-2a1a61688c93,0
a7a3ff23-2ab5-4184-bdd6-11ee6dcd1452,0
a7a82fbc-b9d1-49f4-83af-c9bc891db9ac,0
a7ad7a32-8d61-4b7b-95a6-d23f1831f206,0
a7b49b9d-75e0-4e65-ad2d-ddb006778385,0
a7bc1aa5-b1ed-4e55-abd6-9f0d491e8004,0
a7c38b04-e924-43bc-98cb-52eb0005db5c,0
a7c8481b-8aac-4fc5-ab94-1fdef0d8e5ef,0
a7cf99ad-4746-4886-8359-7953b630fe7c,0
a7d884b5-bd4c-4b74-8eab-76db23a04351,0
a7e0ba23-1d67-40b7-8636-40871bfee1f8,0
a7e62f4b-4b29-4604-ac6a-b270200d5071,0
a7eaccfe-35ad-4422-b432-cb3ead8794df,0
a7f6b6dc-96d2-4a2c-902a-b661670628ca,0
a7fec9c0-f9f1-423b-82ba-a3c74fe9d421,0
a808f503-eada-4bf5-a28d-99d3e0c5fc80,0
a80fc761-ca35-474e-a4e0-581d5612d3ff,0
a817e1d4-16a1-4767-b078-932457758ae4,0
a81e7265-ec9e-4664-8649-d33a331c59d5,0
a824412d-59a3-4b98-8b7a-c4da0f5feeb6,0
a828d82f-d78a-4fbe-a6ce-41a6f6271b39,0
a833d489-b91f-42af-a4d9-53da112d4d3f,0
a83b047e-6e5e-46aa-abe4-486405092f82,0
a8441d00-c0e5-4bd8-ae06-9f4373c86d2d,0
a84d3493-9e35-4244-ad2f-eceeecf0e632,0
a8534cff-d86a-419d-8c00-9b206c3a9d00,0
a85aa2f7-3139-4480-896b-b920117dcc86,0
a8657b2a-926d-4049-a637-a10e69d1deb4,0
a86d2882-861f-4bd3-9836-9c50f173ff90,0
a8757d46-79a1-426b-a040-8cae1cb8279e,0
a87ce459-0fb7-45f0-b37e-e1f18875f819,0
a88221b4-bea7-4815-a4cc-cb405895998b,0
a88833d4-661b-4725-a68c-215fd281a8a0,0
a88d3951-0439-4c6b-8f11-fd4d61f69f5c,0
a891e85a-f492-4c05-a4cc-76d0d3987224,0
a897386b-a8fe-4547-ae53-e1ffdf058815,0
a8a02e4f-7d69-418a-8648-c88911ccd6f1,0
a8a8a55a-52ee-4aa5-8641-15e819cc8fba,0
a8abf781-ad1a-45e3-bf7f-c6e65d674c3f,0
a8b03f22-8aaa-4278-aa08-85fd4a10806b,0
a8b7892f-4bba-4c0a-962e-fc06f2f497a5,0
a8c0d217-8bb6-4c52-b921-b077272fa26b,0
a8c91e22-bf0d-400a-a9e5-aa75ca2f7496,0
a8d5370e-7747-41d4-9f54-6e43fe49ade6,0
a8ded804-b701-4643-89a5-26717813f930,0
a8e7113a-be5f-4a4e-a851-21c67c3e1d12,0
a8ef1ae3-15b6-4b73-9309-133606a21cdc,0
a8f7e5be-0234-4c4f-91bb-855d89e5ccf4,0
a9024783-c590-4e5d-b026-64d02909a6da,0
a908a6e8-524f-43cf-9655-5669d5daea6b,0
a9128cf9-c82a-4e25-a79a-169441577b84,0
a91aee2a-3dff-4025-b4f9-ae42d1d69517,0
a92341b7-fead-42dd-92b1-e8d41da68f65,0
a92b9ceb-076a-4439-81f3-6bdccb31654c,0
a933b08b-f4b3-433a-ac26-e76dee20d6a9,0
a93994cc-1b14-4bc7-9e1f-fefb2b93d6c9,0
a93c2854-35b0-46b4-a84e-9a44b89171c5,0
a94476f6-2219-48c3-bff2-8089eb0fd9b1,0
a94a914d-4997-47ba-8e9d-7f549b2e3b37,0
a950f884-f944-42a6-98d4-392ef5836f73,0
a958cd96-aaac-4219-822f-3523beb90dfe,0
a96030ef-33f3-4b5e-a651-1224dc2c4e05,0
a96afde3-b9c5-49f5-b7a7-4a89bad281c0,0
a970806f-19d8-4d03-bd97-4b3be4415265,0
a97b6208-5ff0-454a-bc20-571fb83ae021,0
a9856424-f7ec-4992-8fe8-486f99eb7c9d,0
a9894de3-1afa-460e-9d4c-ac1c08d0820f,0
a98d60cd-9964-4b4a-bed4-15aa84b3e5e0,0
a996cd4c-c1f1-4b93-b4d7-48e91ac6f858,0
a99d64f6-3bd1-4c77-ab18-841bfb5e3b2d,0
a9a175b5-7b4f-4f0f-be72-128aefa395cd,0
a9a75621-382d-45dc-a266-0ebb5ccd8677,0
a9ae7188-a2b9-4379-97d5-72f19625f57d,0
a9b636ce-49c0-4cda-85a8-cb02f27cf533,0
a9c30a82-b766-4b28-bd06-1437cb4c4ae5,0
a9c85b80-377f-4ab2-991a-a38ca148d36f,0
a9cf524c-316f-4c44-80da-131c67fcabb7,0
a9d9ae8e-10e3-4c1a-97a4-4ade2949fe8d,0
a9de8069-c3af-453d-a0eb-5b92a3fada89,0
a9e607c0-2399-4127-8460-33147cf630cc,0
a9ed186a-00c8-431a-a4c6-5c0fb421097f,0
a9f80fc2-ef19-492e-90bf-441aafdef2bf,0
aa03a97a-e240-4adf-91c3-35a86e208008,0
aa0d4458-1070-44c4-9da8-49d53023eafe,0
aa14ec47-f55d-4c68-aacc-a3a3edd1ee3d,0
aa19563b-6f35-4096-b4cf-98f46768ab0c,0
aa2180c6-a508-4f1e-9def-fe011eb83c2f,0
aa2d7ddf-29c0-469e-ba96-94cea5ff5313,0
aa34e77e-7bd6-4d9b-9090-418ee29be835,0
aa3c0f9d-1113-46dd-ab91-eeadd8693ae1,0
aa45352d-b734-4663-a505-8b746c4a3f79,0
aa4dd2a5-985c-4e78-a87a-0a9769afdf73,0
aa561a99-69bd-4c2d-b79f-095802a257ef,0
aa5e2ba6-3942-469a-9ecc-7946a8042b8d,0
aa636d06-09e2-47ae-b3b2-062a6dabccc0,0
aa6af91f-85c1-41f2-aa8d-1aaa2a017e61,0
aa6fe805-2c4e-4386-aff7-a9ae808178b6,0
aa78f7a6-4183-4a03-91b7-c5ca1f287833,0
aa7ecaad-215c-416b-8940-bcfbebb9400f,0
aa866dff-c8d4-40ef-891b-8f414c15dcf9,0
aa8db799-3e83-40c2-bb75-3d25463c48da,0
aa96e005-e15d-4075-b9f4-6556cd254d60,0
aa9e42cb-b026-4930-91c4-0b8e0e28cd8e,0
aaa3f7a0-fe93-4c65-97bf-b112f8a0a3e5,0
aaabc789-1641-4a6e-b58b-027785043ab6,0
aab25cdf-3b67-4eb4-b01f-a066e63af1f4,0
aaba92b8-b2fc-439d-864e-fa836486ce4f,0
aac10635-a974-45b9-b7c9-413640a6f726,0
aac46ada-dcac-490f-82d4-0b2782794fd4,0
aacfd613-1113-4909-a572-0692ed90bc42,0
aad42d93-2d57-4456-abb0-c251fc055616,0
aae08f1c-b8ed-4b2d-92d3-0a2884c936fd,0
aaea9087-d9af-46a4-955c-ece2e3b0b175,0
aaf39eef-45e2-4680-9f5e-146801d8e578,0
aaf79fcd-27c4-4855-ae35-2085487ae427,0
aafd5174-9d1f-4df2-ad39-995b44d16a9b,0
ab03d258-3aa6-438b-a3b9-18b90eb074ea,0
ab07302f-a3ee-469a-a2b2-98eb44828e1e,0
ab0fb9a2-2077-45bd-b1c3-810fc85a78db,0
ab193379-b2e1-406e-aced-fa161417673c,0
ab2556c4-be58-4b5b-931b-c9d929ca688e,0
ab33498f-6fab-49d4-917f-35276f108cfe,0
ab3a6479-1646-48a0-a4d3-91d725667601,0
ab41df57-358c-4b6d-8382-6361bd2033bc,0
ab4851cf-23d3-4ebe-b9aa-c741f9562fca,0
ab52a59d-a4fe-4627-9fad-68a6853687ec,0
ab5a3000-f699-4d1e-9bce-64cc7ccd9e7b,0
ab60b882-657e-4ea4-a68d-2134b7add60d,0
ab6b9aaf-b55e-412c-be12-4be9f105335c,0
ab6f195c-10e4-4b5e-a128-b97b640be2bf,0
ab79009b-ca74-4472-8c91-4fdab83902f4,0
ab80fef3-0104-443e-87d0-6315d28a8c49,0
ab8fd9ef-d862-4a07-a037-5c8fa765c282,0
ab99ba76-aa21-4682-9ebb-0d1c826db91e,0
aba41e1f-cd34-45ae-ae54-2fe495ab056f,0
abaaf36d-0fff-411d-908e-3f7254eefd88,0
abb2e424-e2df-4d7b-9fa4-e3b6083bf3cc,0
abba9299-2a14-4756-9291-609e3e2b5a87,0
abc21a00-15c0-42a4-91fb-76158d990d03,0
abcaeff5-b4a3-4f29-b5a6-e7b578af0e7e,0
abd455a2-9bdb-40d9-a3b2-c4d277369669,0
abdaddd4-d886-4bc6-b4f5-b24a006e2765,0
abe37158-07d6-4359-ac7e-ee4393966425,0
abe95041-09a0-4590-a61e-0e2fb29618b3,0
abf3e3fb-a47a-48f5-a5f0-c91da498e10f,0
abfc1211-208a-4cc1-9639-5febc5cf9872,0
ac04593f-d7c1-4878-90a6-c229b74272c8,0
ac0e5c47-a906-41de-8b46-27552badd542,0
ac12d0a4-2084-4d69-9149-d64a8877149a,0
ac1a04dc-4e5d-45cf-b2b3-faab5001ae85,0
ac234191-32c2-4496-b39a-db22d222f2f1,0
ac2c7194-af56-461f-8a60-a20eeae3572d,0
ac339ca9-50be-4f70-a6f0-d2582ae30513,0
ac38c916-278c-4a75-adca-c27e57474a1f,0
ac40df3d-3ded-446e-be92-fbbeab49ba45,0
ac47be63-572c-4185-9781-67e43cd4160d,0
ac576ddb-2394-4035-a230-4e1df3e0a99b,0
ac5e234e-f2f0-4149-b104-0354621e6896,0
ac67d461-1e88-43a3-99e4-be2c4551d0f2,0
ac6b89c2-a596-455d-b9a4-3566f35c8089,0
ac727e1c-2f5a-43d0-9b89-321860b1b9ad,0
ac7b5524-8b00-404b-81af-de65e88e351d,0
ac82469a-e7b3-44c8-af42-a35728ab565d,0
ac8be9c4-a907-4c12-8b3a-5c06f5149dc5,0
ac9447be-f7ca-4589-a336-c1366aaa88dd,0
ac9da2f7-e9cf-4cca-9b4a-1b5f28c95f96,0
aca4ecfd-24ff-48f3-93cb-0863fa75fcd3,0
acafa588-b6e6-430f-afe8-0789e7417046,0
acb5ecee-e852-4f55-b5d4-a49c69d47b2d,0
acbbbf60-782a-41b8-8c04-204465e3b139,0
acc43796-57f6-4230-be95-4df8b2ba4a28,0
accffe99-f9c2-453a-8e77-9e8f256e3e16,0
acd64c9d-23ab-4ac5-8353-0d1dcd34e87d,0
acde47fe-e0bf-40a5-a5d9-9ed90c937f3b,0
ace61b0d-1e9f-4a8e-abd2-bde111b0a788,0
ace9e700-16d6-4af8-8eda-a26376805dbd,0
acf61d8a-26ec-487d-9c8d-73160aa1d18f,0
acfb2c21-bca4-4728-9333-3ff864ee4ca9,0
ad02729c-a814-4858-a4a2-2cbddca31a2f,0
ad09642e-ddb4-49f3-adfd-ad19d8d1ba05,0
ad11692d-b40a-4baa-bc08-030f3172bfe9,0
ad19556f-9063-4845-9d25-1d56de8a6a61,0
ad231e81-01bc-4cdb-9f5f-d57a502b48f7,0
ad2bba9b-a00e-40ad-be4c-56b51f1ae3a8,0
ad37faee-831e-4010-9ff5-01f87591a1eb,0
ad40900a-4665-4056-a873-565c1151f7e7,0
ad440df8-3032-464f-a9b8-af5a4e79a18a,0
ad4ac91d-feea-453b-b459-aade96ee7931,0
ad55f559-9928-4dc5-a365-693d73990cbc,0
ad5bc766-70cf-4c86-9065-b6cdf0575cf2,0
ad6111d1-140b-4ee6-adf6-ef7ae86b55b0,0
ad6a83e4-64fb-45f2-a4d0-829fbfd6084f,0
ad6ff858-7bb9-44d9-87d3-dfb3626f67ab,0
ad797823-319f-4501-b848-0375a8392b2e,0
ad80fe84-5c35-44ee-a628-301395ede66d,0
ad894d5e-a8e4-4f7f-b777-b862b919e9e7,0
ad904d61-3717-4f33-89fe-c2d98e9c7552,0
ad955cbf-ccfb-443c-86b6-efa598876966,0
ad9e14c9-1b26-45b3-bdbc-78d5db6da947,0
ada49981-e443-4367-a230-8ab5c55388a9,0
adac9ea6-cd39-4cd1-8765-36fa27f8bd58,0
adb7d16b-f94e-4cfb-a133-576b61f8043f,0
adc473d7-3149-47ac-a1c5-1eb96c1dba5a,0
adc9fdbc-4dfc-44d2-9f6e-1388db32be6d,0
adce353c-7f5b-4211-9d65-22fb64cf117c,0
add6c9a6-2ffb-4301-8f79-5c8830994a85,0
addc8382-427b-4cac-854d-31c6e3b17f83,0
ade4e1d5-043d-4c8c-b9c9-4335ac5dd827,0
aded2d67-06fa-44db-b444-7dd986d2fef8,0
adf4dae2-a362-4b78-83e8-f79efc4df53d,0
adfb9a97-18a9-4321-93c3-bb113afca85e,0
ae0474e4-2142-487f-a3c7-5c8288e7b8d8,0
ae0b5266-47f4-455b-8b70-94bc621b2d5a,0
ae1577c1-da1f-488c-b997-eb2ca926da8e,0
ae1f280e-73bb-4944-9333-38bc2aa9a6dc,0
ae26d590-a496-4952-874a-3f263d320502,0
ae2f1a02-8fb1-401b-8489-40dc2dc65e3d,0
ae35b905-a3f4-4ebe-a32d-14dd635df420,0
ae39de25-d83e-44bc-a210-fbfdb731e355,0
ae445e4a-9a94-476d-9b88-ec60cae9cf8b,0
ae4b5c58-8e51-405b-99ef-8b28a782a789,0
ae5350b0-8e27-4e0e-b190-f979510554c0,0
ae58e5ab-c651-4312-b712-20506adbbd4e,0
ae6133dd-f42f-4dad-8417-c00f65fdfc8e,0
ae672a9f-eddc-4c24-b8ee-c1d7d3fcf1d0,0
ae6bd7a3-3aad-4529-aceb-70ff170ec120,0
ae73e768-e56c-4e1e-b918-4418cd77b7b1,0
ae7d4b19-3791-4538-9c7d-987b61ed4916,0
ae85e0d6-0fa2-4a7c-9c72-0d5b3e26ccee,0
ae8f64f7-abf5-44bb-a491-d40e2e61558b,0
ae9ab153-dd78-4c67-a6a1-56c03caaa3f3,0
aea0f3a0-d764-4ad8-a9bd-a0c922469cb6,0
aea6952e-3fbb-4cd9-87c9-b51aeaff3ee5,0
aeaf00f2-dcf4-49e5-b1f2-393fb09614f7,0
aeb809e0-9194-412b-b678-4228fff579ea,0
aebda3cd-394b-4071-a16e-be9ec683823a,0
aec3c9d2-8460-4f11-8617-60b74364f720,0
aecaae4d-ef45-4a45-8f19-ea93f2a0de31,0
aed0e4f8-e029-4646-a428-5dc6cf22181a,0
aedb9baf-e32f-4326-8e9d-daee7810cb7d,0
aee20360-27c5-49dc-9ebf-cee4c9d1cc27,0
aee9bd75-bd8a-4e3e-9036-97d2d1ced493,0
aef0c1d4-bbeb-4157-b748-3f76c5ae3e28,0
aef528be-9221-43c8-a3c1-ea3c03217be6,0
aef9fc6b-10e2-40f9-958f-bddd69d8937e,0
af0084a0-c535-4bde-a4e0-76faf80b9930,0
af06fc84-1314-418e-aebd-d02876c3849c,0
af0f3f6f-b5f6-4814-86d3-2ce6dd1d9506,0
af190d69-67f6-413e-93ce-b405572a3cce,0
af1eb120-2730-43fe-9257-c6208a8859dd,0
af265740-b529-457e-a2b3-8ad8d3da2677,0
af318387-bf02-4bd6-a150-a61d914edab2,0
af3bc05c-206c-4642-8395-082d5ae90d63,0
af3fa4c2-e092-49ae-8b39-a7252a2c8dcb,0
af48ed18-6653-4826-94d1-f631e5a60a46,0
af4e6b8f-d1ef-41ab-b799-4fd27d0af68d,0
af5410de-3b39-4a38-91c0-a64a5bf4bf54,0
af5c7225-ef81-4240-8804-f3b2089bdd1e,0
af65c277-65ba-40e4-a57d-6a65cb87d942,0
af6a9793-cb74-40b6-b97c-f3edf37fc220,0
af764565-b9fb-4d2c-9f5d-fe638120cf6a,0
af7eb22c-e4e9-4ce7-a38e-5983795c752e,0
af861337-f07b-42af-8728-83c0d7e2c5d0,0
af8b31ae-651a-41d3-a3df-130b8ef09aa1,0
af93530a-bc2c-4b32-b15a-bd889f1af05f,0
af98549a-1437-4caa-8156-063232037844,0
af9feca9-39e0-450e-8266-022ce0cbecda,0
afa84081-5c4a-4a1b-a4ba-cf9416ba6bd5,0
afaf0f1a-09f1-4476-8218-9bc481db8396,0
afb43b58-3275-4b3a-b082-1be7b761987c,0
afbcd656-639b-4fa7-8990-f42827179105,0
afc47b0c-de1b-4461-bf19-d38248011661,0
afcd64a0-00e6-4729-b104-d50769d44ff0,0
afd6d647-5bd9-4103-9473-83751bffd252,0
afde081d-5dca-49b6-8bb2-a95125fc96ce,0
afe695fc-72d9-41a3-a7c9-3c36fbc46a83,0
afef9f39-1eae-43e3-ac0f-8d361f9ffb97,0
aff94ad6-1e58-40f0-84c0-b1bc542082bf,0
afff2a55-6105-4868-a1e3-cfe3949fb662,0
b0052f3d-5d9e-4e04-b93a-1652f1ca148e,0
b00f983f-e811-4a89-93ca-6078b496913a,0
b015ad8a-011d-4c37-a861-bc7896ffac3f,0
b01bc3af-ab53-40ed-9407-1e1695a17f94,0
b021745d-8da0-4290-8b34-ea85769cb83a,0
b0283642-98ff-4f7e-8877-2cd74d6c429b,0
b03022d1-f307-4a66-95de-a4bb02e928be,0
b03a414c-eac7-409d-8267-f87b0e67dae9,0
b0439bd7-d128-49b6-9989-286d4097d083,0
b04c0ef6-feb0-4e8b-9b75-59e71b78e872,0
b0557ff5-018b-4d03-a2ca-624c0aaa103b,0
b060d55e-8dd0-44c6-bf05-00bd135f7bc7,0
b06d4da5-e953-4ab9-b703-edd625bf26cb,0
b0738d8d-bf9d-44fa-a2ed-38171ee55e84,0
b07ce128-8634-44a6-98bf-53562ce8d826,0
b0862181-1c9e-42a8-b17a-715298a6dae8,0
b08e6e55-2bb9-47e6-97e7-897f3590a74d,0
b0950a85-1f26-4f25-a55f-4d7c9007c534,0
b09b1063-e0bf-42f9-8637-646e56151988,0
b0a955fe-09e7-476f-b28e-8125f314e124,0
b0ae72e4-f0b6-41bc-a63e-6086d3d244b1,0
b0b4384e-a5cc-4dc1-bd39-7f7c13b73c30,0
b0c0d406-3c8d-4625-b671-b55d2c61a8ee,0
b0c9c7eb-72cd-48f0-a996-93a48c18e52e,0
b0d2deb0-e062-4168-aaaf-dac33e242c4a,0
b0d9608d-6507-4ce6-a654-f632c5ca7a6c,0
b0e127b7-02d4-41bb-95e5-13dc0f9dbbb4,0
b0ec55d0-70b4-4030-a127-be00034862c3,0
b0f3b219-ae6b-4020-ba8f-cdf3993cc752,0
b0fc2f2a-043d-42cf-a1f1-d5a2c5fb1007,0
b101e71f-aaf7-48cb-8247-79a20fb4cdfb,0
b10d754d-ab28-4bfc-82d7-d57d55723b7a,0
b1140ac9-a302-4241-997e-d5e5c7f5390b,0
b11ecdae-7d65-4ec1-a787-2e651262e06b,0
b128df1d-4ab9-479e-855d-073baadd9da6,0
b1316335-f1b3-49b9-ac80-42536e6eb519,0
b136d22b-35b0-477c-9254-51788ea2ef22,0
b14103d3-6f93-4017-81d0-5d3a8996f562,0
b147cb92-390b-4925-8424-2755fef067c5,0
b1508809-fe44-44d6-9dfa-95e598d98329,0
b1579ba1-9319-42b5-9c2c-548ddbbb7bee,0
b1627595-bbd3-4206-94c1-835438e8b7ca,0
b16ba31e-44d8-4dc5-ad57-09184372f459,0
b1724924-ad4c-4db1-8405-c7abd1025180,0
b17e26c6-a050-4ca2-b750-b5e3fe341d86,0
b1842287-a148-407e-8aa5-d1817ce8b9bc,0
b18a8db6-d47b-4852-a472-68f609f0739b,0
b18dd376-6738-45c6-87db-4af337839c1e,0
b195f26a-16b4-49de-81a0-b944ba44516e,0
b19f01f1-e79f-4bbc-b20b-89030975ea1b,0
b1a55e02-a721-40d1-bda3-b732af773263,0
b1af66bf-6bbf-43b5-bc1c-419d0d66f7ac,0
b1b63e49-30fa-4af7-8a8a-54a614e4ba07,0
b1bc494c-9008-4ac7-8a14-cd4120bffed9,0
b1c75f75-a8eb-4cb0-bb7a-99f2f57bb58a,0
b1d6aa31-ee32-4117-bf40-bd88b2b46973,0
b1dea200-e968-40b4-bfbd-d69716a5dca5,0
b1e87f7c-b56e-4a21-a0c1-7e1641a668c4,0
b1ee9139-4536-4d3d-aaed-4c6a41cb2416,0
b1f45d04-99cf-41ae-bc29-f9555f53edbd,0
b1fb869c-29e8-4101-96c7-95adfb4ab5e6,0
b20495fb-ee80-4518-9c6f-6df9feaf0208,0
b20d0564-5266-4ba7-88ce-469aa3e134d3,0
b215b239-e92b-4ae3-9a6a-3d0a5dfca419,0
b2229d7e-189e-45e2-9408-a523425ab3ab,0
b22bdff8-482f-410f-8f56-ae6a027491c6,0
b2339795-90ea-44d8-b583-8c82ea21ba31,0
b2396802-f8aa-494a-8a9f-51b2368b66bd,0
b23f87e5-1302-497f-bc60-b19e8b735052,0
b2459fd9-e66f-4a6c-a474-512d4ea6bf20,0
b24dc5b2-a539-423c-ad4a-89cb12f0c8b0,0
b252064d-10e4-490e-aa81-53750f3c74c0,0
b25873d3-c89c-48e3-979d-e6ff3f93fe4d,0
b260fc0e-5c81-48ba-a7fd-60810c6e8711,0
b26675ce-8e4b-475f-8a87-79bdcd0d4c31,0
b26cb1f7-b742-4830-8b20-aecf61c112c4,0
b2792a78-6a76-4355-814e-94b6512ad4fc,0
b27e093d-1755-4d6b-84b6-c0629ba48c80,0
b286dde2-ca5b-4e57-b947-77d7079372ce,0
b28dc8d6-2cd1-4e6a-aea3-abce1ce36aa9,0
b2963132-aebc-464b-bff3-ae80e5e7b05c,0
b2a11388-7a3f-4b87-a8e4-0b00c41417f4,0
b2a97580-0921-4586-8da0-a9c8315c9aac,0
b2afe5ee-699a-4f9d-82f7-1b1d5dda9156,0
b2b63aa1-274c-449c-ba36-f10bc3afb822,0
b2bb1258-53c4-48bd-829e-ef8bd80ef974,0
b2c4a646-dacb-48d5-ae7d-9502502c92f8,0
b2cd62fc-ada4-40ec-a017-03e1b3c64e3f,0
b2d59ce3-4e11-4b64-a6de-934f3e05178b,0
b2db3c9d-43ec-4c28-b1ae-86ff76ee2ee3,0
b2e4d238-e7d3-4778-a690-e710751c9c8f,0
b2ee6137-4d87-4642-ad72-f498b5456179,0
b2f63c85-edd3-4ef8-9d38-25a6140d1b77,0
b2ff0560-1657-4669-af46-b27369dfff02,0
b30638f1-2347-46b2-afb7-94aac738624d,0
b30e36e1-01a1-4bda-ae7c-25c2b41cd6e0,0
b31649f5-93a1-41bd-a058-599684a066d2,0
b31d7a9b-791f-4726-98d7-37998fe42138,0
b32669e8-34dd-45a3-b748-d373aafd2379,0
b32e2093-3b88-4cfc-9f7e-f4edbd29bb08,0
b336c122-dcbc-4a12-b237-b9a0f7542434,0
b33d7541-6834-4d05-b3c4-99caf41f20e4,0
b340baf8-726d-483b-b8c0-f342be811d2e,0
b3472581-7703-497a-8744-78909be3bf85,0
b3561f19-1400-4bdc-b3c0-1ab5a75aac8c,0
b35a17bd-745e-442d-ab18-4b367685ef00,0
b360035d-6d5f-4dc8-a03e-e7433bfefd9b,0
b3631a6a-0a5c-43cd-a433-b22b365b534a,0
b36a0e97-4674-482c-b331-e7b20c40096e,0
b372864d-3146-4322-849b-515705fafad5,0
b3783dc9-d035-4080-8f92-1bfca8cf82aa,0
b38349c2-a4cb-40ff-9797-4c39cc0f3f46,0
b38c7b27-4d07-4918-8a62-98a586acbd90,0
b393d813-35ce-43f0-ba19-35e23e291aa8,0
b39f70dd-0361-4376-a6d5-4c3297159e40,0
b3a5ddec-7506-425e-9adc-4bfdd4bd9ff6,0
b3ad85e7-cc23-4094-a3f2-77dc8993ce04,0
b3b5f8b2-8e71-48c3-925f-dbcea84b1ff9,0
b3bbba4d-2b4b-46f9-a444-0573c4f4c0e0,0
b3c3150c-df89-4659-851c-eee2195c8e9f,0
b3cd61b0-46e0-4dbe-b9f3-38da97b46db5,0
b3d40449-c3b1-4fc0-8d3d-e2d2a6c45682,0
b3da2c15-3f5a-4dd2-896f-d6b4839a8456,0
b3e0556e-1c35-454d-9fab-acc2a61c87fb,0
b3e80d16-09bf-4a8c-b033-b45dae860357,0
b3f2c341-64a4-4fce-83d6-5c6be0e5e011,0
b3fc0340-346d-4c41-a946-18315b859eca,0
b4048ba0-0f34-4d10-a211-1df9e0f92839,0
b40ca825-3be3-4298-b60d-5dfe05735a46,0
b41772dd-0b69-4526-b5e7-1fd69163442e,0
b4226467-f15e-40b9-a1ab-4f73cb0c8373,0
b4284d34-5427-4977-a42b-4de6b899222c,0
b42d9edf-aa3e-4c27-bc51-705b24271f85,0
b434fd71-ac25-4cba-9998-2dd59a26b82d,0
b43a13e7-3189-45eb-afb6-764ed2ddbcd3,0
b43ef757-3777-43da-9279-3cac882b93d5,0
b4430e2b-4268-46c1-966a-7e6fd579d72f,0
b44c167c-b411-4e62-935d-a23b4ea53261,0
b4569e58-5dd1-481f-8800-9735f1426ea2,0
b45e58b3-574b-4e81-9a2d-dbea8e20ffe0,0
b469b4c6-8ef3-49c0-a695-32163c948635,0
b4706696-e326-45eb-9427-f569e569f0f1,0
b476fd5e-0dc3-4440-b06c-c88fcd51efb1,0
b47c34cb-09a0-467a-beac-7dd7dbcd0ac0,0
b485237d-1059-4d1d-8ddb-c250a3103291,0
b48caa4b-8870-4913-ad38-816c67582f77,0
b496f761-1952-47b9-a9d7-079698f8942c,0
b49d002b-5570-4022-a287-248b5ec3f6df,0
b4a0ab9b-40f0-49d8-8609-884e1a69214c,0
b4a75594-ba75-4c04-9a7a-354c4436ee5e,0
b4af2370-5607-49c7-9d9f-ddf845a6fa5d,0
b4b698e9-1cdf-4fa4-bfaf-ac40fbd88bc6,0
b4c2797e-1182-454a-bee1-ff016b28ee56,0
b4c9c9f6-bcff-42c8-b789-906219b18c1e,0
b4d05d64-461d-4faa-b11d-4294cb6cd9c7,0
b4d6f7ac-7dc5-40f2-8058-9fb345db891b,0
b4de1d8f-a535-4deb-b212-57101a1a0bbf,0
b4e3a443-f796-4ab1-b44d-8df47ba95aef,0
b4ee701d-1353-4ad3-86c8-45f6b9e593b6,0
b4f657a4-0e7c-43da-972d-5dcab9a7ff79,0
b4fea745-88e5-4aea-919f-a90e745686b8,0
b506f16c-664a-4729-81cb-6aa5675476a3,0
b50e660d-3acd-41a9-ad32-07789a8f0cde,0
b51539d0-36ee-4926-96d5-c637bbf0f14f,0
b51e7ebc-4fee-4853-82dc-dbb8999b912d,0
b5264de1-5006-4bee-aac6-d8527ffc76d4,0
b530956a-d080-4245-b66e-23f3f6ba0037,0
b53eeaed-94c2-4843-96a5-d11fe266c4a8,0
b5457f81-dcf1-4ac0-b927-cca023d64e9a,0
b54ca1ad-6976-4b27-a938-11e40d72d5fa,0
b551a8a6-b86d-4d00-8cc8-62ae8db741f1,0
b5569c25-91e5-47c4-8aed-6fcdadc4356c,0
b56088fc-c0ee-45eb-a4bc-dae1d5ac82ff,0
b565d13a-ba74-443c-b802-0aafb1d16edd,0
b56d7b0f-4913-4ba0-92ad-7a02a67369a6,0
b5754075-9134-4841-a502-a39b8a4542be,0
b57dcabe-c549-4e26-b179-55624ec62619,0
b5853006-1d8f-4829-9635-9f366e4aa9b2,0
b5917964-cd15-405a-958d-55274de2b765,0
b59a1740-1207-4b4f-be81-d9f36e583b8e,0
b5a2a5be-d172-48e4-ae3e-69f07c97b0ac,0
b5ac75dc-ea74-4f0e-a41a-d17ac187f2be,0
b5b54930-447d-4645-a7ca-0349f3d9a2bc,0
b5bacb13-20c7-48c2-88df-f101c51d842d,0
b5c0b20a-7355-454f-bd05-8025541a721f,0
b5cbbd73-c833-4474-bf19-629b45886837,0
b5d58a34-e0f1-4e19-aa53-7b165af958c5,0
b5dd8089-0433-45fc-afa6-f71c96013603,0
b5e606a1-de35-42a6-b2e0-b0fb04695325,0
b5ecfd23-3eb6-4d29-bc33-071dd949338c,0
b5f7a11a-b1f0-40ac-9bb1-d0c219815311,0
b5ff46d2-145c-432b-9bc7-52af6ee829cd,0
b6084e8f-b10f-42e2-8861-625f97bd8f85,0
b611d9cc-d8b4-4f6f-846a-44d007270cd2,0
b6193d77-809e-4975-8b47-78f419629aaa,0
b61df8b2-e778-4d71-984c-af353a454c1a,0
b623db40-b84a-4d64-861b-142a52d49ad0,0
b62ac273-1088-4fe7-8ea9-8220e194b92a,0
b6323be4-a96d-4aec-95c8-07a68161bcd5,0
b637ba7e-c094-44b7-8a2d-b37ba1f19663,0
b64061ec-b305-4989-b346-9adc3852cddc,0
b64bca92-1626-406c-983e-e43c26c05366,0
b6546617-9cff-4d80-8de5-ca44c7ceae45,0
b65b1649-65e3-4118-aae1-82de0787c547,0
b66038d1-ef9d-459a-bf83-1ebe5e9f29f7,0
b663c315-c8d5-4636-80b0-9b7186847188,0
b66e3f2a-084b-4e94-85e9-6aa1f65d53e0,0
b675a5f0-ff92-4e5d-bd95-2e197729fa0d,0
b67aefd3-b461-4d70-83be-5dd8842b52da,0
b68872c5-eecf-4e57-b1e5-0d5123c3adff,0
b68d218f-dbcd-4720-8faf-e5a827613fdb,0
b6943b9f-7758-4859-8f8b-e37ba9e25a6f,0
b69f62af-537b-4fbd-b22f-63bc6137be02,0
b6a6d99a-6c99-4fa9-8d9c-31d969bcf2ce,0
b6ab8764-2f8e-4271-80b4-9176c7fb37cb,0
b6b27c48-a88a-4a32-9186-0d010f20f6c2,0
b6b773e8-c6a5-4d96-a1b9-1dccc1ecd63f,0
b6c198da-8196-49e7-8bbf-edff328ceba1,0
b6c58544-cd42-452a-8422-ac31e694c08f,0
b6cb3b7e-ea12-491d-b37f-bd467d85e529,0
b6d488c8-9b62-4474-b25e-663ce77aaeb3,0
b6dae86b-b2b3-4e63-820a-34611734fbc5,0
b6e44761-c864-4d17-a633-5843e9b739d7,0
b6e7b960-a806-4e06-9008-a581b13b86c4,0
b6ef3223-d9b2-4326-888d-fe19e61d9070,0
b6f74b4e-9ce8-444f-bc6e-ee3eb90cbab8,0
b6ffefd1-1460-4367-8646-a485b19c9d43,0
b703dcd0-d1ca-44fe-bc1d-9c864e2eb5be,0
b707a56d-89d8-4db8-901a-c1630dcdd803,0
b7125bf6-5c56-4b97-8d33-dd0d157ce87c,0
b71e34c3-0f87-4d59-8586-0ed98873499c,0
b7260003-911c-41f3-8159-b254bb13de38,0
b72a2560-e150-4db2-a5ac-0059bd6e3048,0
b731b928-fbe2-4347-8e2b-f3c4504e18d3,0
b73c10e7-f2be-458c-85a6-c6e481f461ec,0
b7414e0b-3ed8-448c-b7b0-c306fa6b15a9,0
b745f5a9-dda6-4c80-aaef-ca5c4e221a32,0
b74d6928-a3ed-4f47-8f93-bfbec1e0c430,0
b75638a8-05d1-4ca3-9f83-2fa7e1250268,0
b75c4bf9-7c69-48d3-9755-50fc1bfbd7dd,0
b7646ddd-9a41-48d0-8050-96db78fc3990,0
b772a667-2fe8-496b-87c9-1d9d4731a46a,0
b777c99f-39fa-4e5b-b200-36dac1e5cca9,0
b77e6ff0-2ce5-4bb6-b1b4-38c41f85de0d,0
b782d786-c789-4c17-b26e-67457afd10c3,0
b78a238a-4975-4f54-81cb-d45ec0975215,0
b79407b5-fe61-4912-8751-6974b7adf96c,0
b799b9d4-5326-4c31-b026-5a64d872601a,0
b79ecc86-6d42-42a1-a965-72d44871138a,0
b7a87f53-790c-41c4-a2e7-c880d99eb3a1,0
b7ae59d8-3309-46ef-8e0d-9d168fca22bf,0
b7b5e604-4dc4-4f42-a657-48857b0cfa25,0
b7bcc0e3-7095-4d91-93d0-5a9dcdf016bf,0
b7c22cf7-ced4-4ff6-8461-ccf69e26bedf,0
b7c9b05d-ae6e-4179-8112-2c35ce1f1e9f,0
b7d3d991-5cd9-4050-b391-404e851d22be,0
b7da6d55-4c4a-468e-af77-330276f52cd8,0
b7e134a9-a4ba-490b-ab35-0054d80ac512,0
b7e98c00-51d4-4eaf-8657-f7d01fd345ac,0
b7f1ccea-e91a-4994-9ba6-7445cfeac79a,0
b7fcb919-8a65-4571-a365-230892446fa1,0
b804a10f-4d2f-4abf-9275-2935737ec14d,0
b80fa5ff-bd91-4546-876b-f1ca89da3e02,0
b81c1bd9-b147-40e1-8f8f-3ace205e9bc2,0
b821a9aa-29a5-4e6a-a418-7453138bb15b,0
b827ffd1-335a-49ce-ab21-d924cbec8d0a,0
b82f63f7-6526-4cf0-95bc-87ef20b9eebe,0
b83a3cc5-9f51-458a-8525-e0c58aa3dd07,0
b83e0653-c12f-4d7c-b338-9a26c5fc3f0f,0
b8464b8f-86fd-48d5-808f-31067c323656,0
b84e57f6-7c33-488c-9123-d79923994b27,0
b8570344-913d-438f-855b-3057abd4034c,0
b85d177f-0c1f-468c-a51e-f2529ee0a312,0
b8656ee7-b8f2-41ea-84b6-9beb13cd22d5,0
b86dd315-2795-470d-869f-674a2c5cb0dd,0
b870abde-b31a-4f1e-ba2a-c3a418d05612,0
b8771ab0-36be-490e-bd05-85a8ae6a50f7,0
b87e25ae-c05c-48fc-bbe4-dff60bf8745e,0
b886000e-1500-4c8c-b0cc-2e245b5dc04e,0
b88f20ce-e307-4f90-b9f0-ebacaaf44584,0
b8964667-2d50-4518-a822-0bc34f5036d9,0
b89f2459-cb40-46ff-81d0-78ef373370b1,0
b8ad0e4d-5b54-4498-a22b-3d50e1b323cf,0
b8b47834-a7b9-4dd3-abf1-e41b4e414c35,0
b8b9e5c8-a30f-46b3-8a6a-f01eef0f4684,0
b8c39826-f024-4709-a7bc-711cb54911f5,0
b8d2c36a-bc46-4dcd-b751-06e383fb1290,0
b8da802c-49f5-4f05-8d34-917f38b96699,0
b8df878e-4898-4ef6-ba2f-0108297eae2f,0
b8e783dc-930a-45f2-a0c6-f9d8fa51cef1,0
b8ee8784-520d-494c-acb5-b3ad92f84bf7,0
b8fa0b01-9051-4fff-aa62-01cebdbbf406,0
b8ff2572-4d70-45d2-8671-c84b90c0f23d,0
b905d758-64e5-4884-9396-0b9a3224bef7,0
b90caa9f-49d1-43bf-953e-8ba4f6cf7d66,0
b9129834-49d0-41e2-9967-a4f1a8335b3f,0
b9167df3-594a-449b-bde9-7a9749265671,0
b924aedf-b459-4a53-bc15-55723259b42d,0
b92bc17b-1991-48e1-8661-a1241491a436,0
b935a096-d6a9-47a0-8851-5476dfe294d5,0
b93cf958-9f0c-4120-9a5a-0840c79cb2b2,0
b9467606-55e7-47c8-b744-b6c93cf9eba6,0
b94f7f75-bf78-4785-b06f-217004ba13a7,0
b9564648-962d-4559-b29e-55d7ee774381,0
b95e3a7d-d270-424a-ba58-bc49cd7d22eb,0
b9644e3c-726b-48cb-99bd-72dd0d7c5826,0
b96b5470-07d0-41d0-a138-9c2864bbfb05,0
b974ca56-13ea-417a-90cb-f56432677eec,0
b97d4806-c927-4827-9655-affc0f3fe9b9,0
b9857e94-7d23-42f8-88bd-7df6593251ca,0
b98db49d-d94c-4e04-8958-826f31e4fb5e,0
b9973eb4-99e6-48f1-8be7-7ecc03a1b6ef,0
b99a5dd7-c99e-481c-9aa5-bed9bb37d9d3,0
b9a274c7-caa5-480f-a6f3-0f18e7c119ae,0
b9aa7974-5e23-4c2e-854e-78416913e282,0
b9b26fd9-db35-4302-a5fa-0fa56a68f6f0,0
b9bdfee0-3e7d-48bb-a27f-dd3afd4b273d,0
b9c2c07d-14d7-406c-b6da-0a1ba5dfe51e,0
b9cc75e6-c18f-4f98-9342-ef4ee7c6e33b,0
b9d16165-76c9-4f2b-afa0-6cc5acbfcac9,0
b9d5ea9c-0555-4fed-bde7-d6991867886b,0
b9db115b-16ab-46d3-b414-dabb83b6ed04,0
b9e48b7a-6332-43f8-9d81-95078f975cc1,0
b9eab6e1-2e3f-48ad-9533-ef09d7abe924,0
b9ee64e5-09a7-40b9-977a-66a7ee868c03,0
b9f92e54-b70e-4c1c-8a0d-247c2bfa3437,0
ba04177f-9214-4095-8102-be70e889b727,0
ba07c5f4-8053-4329-a443-10da33a4fc60,0
ba1055a4-03c1-41c9-a933-587b54d1ed59,0
ba1d1509-9d3a-4efa-82bc-9a9efb36016b,0
ba260201-5454-49ed-a5a0-d1c28e6e09ff,0
ba2ed658-91c7-4b15-b3be-ad8812a9bec6,0
ba350810-aead-414e-8040-ac4ae9d07db4,0
ba3a7769-8f5c-402f-91a8-e2c379481082,0
ba45d2c4-9712-4cc4-8c17-c6afd0f5d882,0
ba4c3a1a-a85f-4de5-8da3-32770de52f99,0
ba57d92e-f5ed-48bb-9f54-b24b5941e715,0
ba5dbcbc-9ab2-40a9-b78a-99a9d10c4d3e,0
ba68e4ac-ef96-4ea9-a73b-b6676fb8e719,0
ba6fb282-f519-45a9-ac27-17251f825b91,0
ba7685ea-0d28-422c-a8eb-76473b1b627d,0
ba7cfdb6-9ba5-4b67-8b60-b9eda75d52ce,0
ba863650-dfb6-46ff-994d-ae6358f448b0,0
ba8c5e98-ec00-459c-8b44-45a019490fdd,0
ba940677-9568-47ea-a5f5-63466514af0a,0
ba9d7adf-5ada-4aee-aa4e-a96e6dd00561,0
baa423f7-a97a-4758-8ca0-c8aaac4e71e4,0
baad2980-db7a-4303-8d42-497fbd4ad19e,0
bab71ae7-19dd-4e29-826e-db2b69d7536b,0
bac0f0f8-8bad-4686-afb9-7723225a7a97,0
bac8dfea-1432-4fc1-b727-56e4f39ef5fc,0
bad3420b-d35b-4553-a841-9f4beebf7c68,0
badf356c-2005-4145-bbc3-22cc174d0ccf,0
bae66ed1-91bd-418d-b3ba-175cbc3d08dc,0
bae9f0d0-e2e5-4c7e-83ac-cfb31eaed78d,0
baf54cd4-b9c8-4999-b134-55c36e4d1a7a,0
bafabd83-9bdc-4961-86c7-a629b536e4dd,0
bb072c84-f9a3-4e97-bce2-b5b12f4e05f8,0
bb0d8dd8-977a-4286-a175-6475de656781,0
bb155877-d75b-4809-b143-16efc9a0cad8,0
bb21ce3e-20ef-4192-9658-0614351b5aa1,0
bb28a1bd-448f-4158-bc31-9c996fe26339,0
bb325b6c-2f1a-488b-80ec-970e16d12cfa,0
bb3844f2-32cf-463e-a4af-1706901f89fb,0
bb4028a2-fc67-47b4-a431-fb6dc97777eb,0
bb4d28f1-b395-42c5-9ae0-660470cb166b,0
bb544882-f147-474f-9606-c2f6d683238a,0
bb5bb3c8-05e3-4f8b-8ea7-fc3d4afcea5b,0
bb64db69-563f-482d-b644-d15b7d18c725,0
bb69a21a-6942-46be-9417-e8d62a56e50a,0
bb6d1bae-994a-4047-9146-df968b1a6b1d,0
bb7475ca-36f3-4093-b24d-f6f47289225f,0
bb7f488c-f6d3-4ebe-ab88-a848bfae0eef,0
bb87d283-06fc-499e-984b-3947cc7692c4,0
bb9106a2-1038-4df5-8f8f-fba0d6c6e7d0,0
bb95b344-b682-47c7-b853-ecdc674e024d,0
bb9b62ee-495d-430b-ae41-ed0d4f124224,0
bba3622e-0daa-41d1-b9e1-0fec73fc7102,0
bbae257e-48d3-4889-be00-38c4ffa51169,0
bbb53aca-cd1b-436e-8e53-597844f938f6,0
bbb97a8b-6ce7-47f6-8d4b-9b4531000cf1,0
bbc0618d-652a-4148-8d16-2a1e60d25179,0
bbc965f3-1218-4426-bf2f-b1ee9c8e3bb3,0
bbd139e0-b7d4-405b-b7d7-3369bd1226a7,0
bbda2d11-9d10-4b62-9afd-50abd05c8e89,0
bbe2482b-c760-4cc3-88d9-7aa428651523,0
bbebedb6-4967-4cf8-8239-4273009aab0f,0
bbfbb3f2-b028-4311-86ca-c19f1f784444,0
bc038c10-6a23-4878-9b83-74d550dddffe,0
bc0a976b-0acb-4793-b317-b862cbcf7379,0
bc119f6d-5d47-4fd8-a740-13dfa33ba16d,0
bc1fc0e7-3d19-4c9c-8dd6-eca353e62eb7,0
bc262597-bed9-42e6-88ef-fb4a6da8c686,0
bc2b76a8-9000-4a3f-b91b-0fe34db6a470,0
bc33f7f3-6c23-40b1-9bb9-5b45a4ca9088,0
bc388930-ed07-43b4-a145-f24af9f7e47b,0
bc3db7dd-c7d2-47c4-a536-50e3caf163ab,0
bc454726-82b9-45c1-8864-9b8c2337d997,0
bc496021-f545-4876-ad98-d85962287042,0
bc5374af-47a6-4f97-bf22-6f7890748246,0
bc5d9282-e8d5-4c2d-99fe-d5b20376c176,0
bc63d452-9786-4644-8dd2-41b6c196f105,0
bc69b8c8-0f58-45c3-a20d-d6511d67edcc,0
bc701cb8-def1-4ae5-8bb3-34980f9e906e,0
bc74198e-d686-4fee-bec5-31f8fbf45377,0
bc79879e-9982-45a8-9e39-49368c91a6b7,0
bc8041b3-c4f0-4069-ba47-78ede0546496,0
bc88a572-6b43-49fa-a46f-936a2eda79cc,0
bc8d3ce3-4120-4654-82de-657b264922f3,0
bc91d31f-9d1f-4c41-8b07-61ecf48e6baa,0
bc97d8b5-6c92-4fca-92e7-548adcff0931,0
bc9ff00c-8c36-453c-96f6-b50f14743c36,0
bca967cb-0ba1-43cb-8842-7f72fb94a6bb,0
bcb23016-14e4-47e9-b233-f3c2f523bee9,0
bcb9a896-91bc-4fae-a97d-77da759a0447,0
bcbcf94f-9022-4ca0-b2e5-f3ed5284401b,0
bcc16b77-c1d9-4f77-87fa-e1539b7ae6b5,0
bcc7fdb9-74f4-4d74-8e08-181d5f7dd0fd,0
bcd3025b-ea68-465f-bd69-11fb451c5ddc,0
bcdace6f-4d0c-417b-a716-4cb3dbb818c8,0
bce17a84-a6e3-4ef0-906b-f2787b9e9a7d,0
bce8dd21-2f2b-4d8f-be47-6fb30975e009,0
bcee3695-8832-4f3e-aeb1-a33ceb71ecd0,0
bcf4e6ce-3f06-4ffc-b987-f0f4c296bc12,0
bcfb0721-bc22-49cc-be2e-f8f7d0788a2c,0
bd00b668-8dea-43f2-be24-2f5cd8ee6d6f,0
bd0b5642-f0a6-4eef-81fe-69016860d416,0
bd124e29-4fd0-4759-b673-41e0d80fcc9f,0
bd19dd17-24ce-40ff-affd-da526d0e403b,0
bd22c48f-e763-46aa-8ce1-9f725c9036a7,0
bd2901cf-adfe-4934-9555-84ef8a868d24,0
bd323bf5-fd1f-44e2-82e4-5cdc58637eec,0
bd3f4659-48a7-4b36-8d53-5fe861aa671a,0
bd490d42-3c97-49ed-bd1a-a59f97bdf548,0
bd517ade-06fb-433b-89ad-6c6de5c7319b,0
bd5af4d3-7d93-4e26-b5c5-d0a65efcaa32,0
bd63d9e5-717f-49f1-b239-2b380de822cb,0
bd6b5d24-47a9-47ca-a220-55e8460ef165,0
bd731022-6b69-4082-b6d8-57363efb2fa6,0
bd7d3beb-9eab-43e6-a5e2-96afd2e99055,0
bd860331-3bcc-421b-b1a7-f077485206aa,0
bd8dc903-446d-4eaf-aaa9-bc426230b9f6,0
bd92b2a6-fbed-4d4b-84c9-2f2c4e5eca81,0
bd9a9c44-30fa-43b0-ac90-f1813e0cce6c,0
bda4580a-c704-427a-b972-5b9bfe355b56,0
bdad38fc-4653-4881-a83f-9ef7ab9087a2,0
bdb235b8-79c9-4d9b-b566-65bc840e3da4,0
bdba7cd9-6475-4149-ba4e-9f3e3d52127e,0
bdc0ec50-aa5e-4d42-819a-5c1248e23fdd,0
bdc6029f-a612-4315-b2d7-2d8fed94f4d1,0
bdca3440-a17f-4199-99d8-b19f24813016,0
bdd15b13-c63e-4ea2-9a86-f396f0aa9ea6,0
bdd6f64b-7d08-4eb9-8501-d73b70705fac,0
bddf287a-9c91-4633-96f9-730fa29e04b4,0
bded0d30-e0f9-455b-b255-4968d9e6a3fa,0
bdf3d713-dbb5-4f76-88da-60c39dbdcbc4,0
bdf92a32-5d80-450a-83a2-d1c7ebf920c0,0
bdffd307-f2a9-47d1-b9c0-00bd365f93a1,0
be07e010-9df6-452b-92a7-b6d54fa19624,0
be11bd96-8a7b-4805-b88b-979fa910268a,0
be193b03-a1f0-4e05-b4db-216a42bd9342,0
be229cc8-eff4-4b01-bb40-f08b74f57c3e,0
be28be8a-72b8-4f47-ad11-6734ad6101d6,0
be30ab40-84ec-4e8c-a695-b72ac6062272,0
be36ac97-882d-4596-b6f7-96461c70a2e5,0
be3ebdae-d255-45eb-b0f3-5dd4f77e606d,0
be48ed5b-7e7b-45a5-968b-516466e904c6,0
be503a2b-f315-4738-8d0c-14ac4320e220,0
be567d5a-447f-4eae-b041-b4910ace910e,0
be5f4543-c4a1-43d3-bb1d-f336302e6864,0
be67df95-d7ce-40b3-9bda-7c8be8606a1c,0
be6fd135-6790-40ab-9ba3-869d81aa348e,0
be7498f4-e152-4833-8066-7d2e163eaa01,0
be7c736a-777a-4b4b-8d98-bce90890b219,0
be819bfd-9c77-4a8a-acb1-bc62880ee5a0,0
be851579-6072-4beb-826b-d61f7ec45d9a,0
be8c0226-efd0-4b4f-8aac-02729a1f16de,0
be95e4d0-d87e-4bcc-974c-2f13eae32ee2,0
bea236cf-2ced-4e39-bfe3-d90486a35e2f,0
bea91c6a-e3ac-40fd-85ce-c3157d6dec2c,0
beaecbfb-a78f-406a-83c0-0f6668364cd9,0
beb649c5-a1a8-4887-a8fc-02f80f983e02,0
bec080d8-d7c0-41ba-be41-fdb3261f5494,0
bec7fc54-f687-4cbb-974d-d4aa98ea47e5,0
becd67e4-b75c-4aaa-af29-0772f4ba411d,0
bedc5a53-4399-4052-b149-3e31f49bf687,0
bee31616-0d1e-45c5-b956-a0cfc953fe37,0
bee99350-f3fe-4429-ac84-46580aa105c7,0
beef6fb1-21f8-4092-918a-78e0eb28c859,0
befe19ff-cb43-4394-88f3-0748d9d17b2f,0
bf04d91c-20f7-4c67-acbb-b039d704a1f5,0
bf0d5725-fef4-43b3-9b67-6b6c65fde053,0
bf2039ee-0f5b-43ad-800f-1ca025323f6b,0
bf23ac7e-31a5-4b77-8737-cfb9f00e5f57,0
bf28d5c6-a65e-4a8c-a16f-766b3e44de51,0
bf2fe4cb-619b-415c-95c3-ca955d4b2981,0
bf3af167-d04b-4c0e-9bf7-e56760b1c35f,0
bf42a941-d408-4afc-988c-b41e054115e7,0
bf4550fa-847a-404f-82e4-127972d6d753,0
bf4e8be3-e1fb-44a8-b18f-ffea54ed5b20,0
bf540f6d-95b6-46eb-b8ca-3c479ed2112a,0
bf58e207-6f2c-48f7-97c5-85616352c586,0
bf6705aa-f3a6-4a32-b5cc-448748d354ad,0
bf6d880f-d809-47c9-8957-4ec853cc7da2,0
bf78be67-2333-4159-bbdd-4ceba1bc1cbb,0
bf7c75f5-8d48-497c-9adf-d15f6c4ae705,0
bf80dc81-54cf-4377-be94-0da736529de4,0
bf897c73-3110-4935-aa17-b9435e314b5c,0
bf922165-4e89-4367-8927-38629429adb3,0
bf97936c-6757-46aa-abbf-479895a410ff,0
bf9cdcf6-66d5-4009-b5be-cca27cef0f47,0
bfa23439-3e63-475b-b277-28ca5b605c22,0
bfa6e293-646e-4f65-8589-8f47beac9543,0
bfaeace6-39d7-438f-9fbd-db93161fb86a,0
bfb276fb-2eb1-4af4-8d67-9fd21e7ead3a,0
bfbd8a26-2e6d-4c87-85ef-cded77e9d559,0
bfc5840d-202c-40ed-bbf8-d96be23baf84,0
bfca82c9-1b57-44a1-ab40-50974c823138,0
bfd01245-d4b6-44ae-87dd-f136c1c2259b,0
bfd95fc7-e525-437a-8872-4e9273b1cc66,0
bfe1b031-ac53-48f1-8ba8-40313c344fae,0
bff035dc-6953-460e-8e7f-953adc6e646e,0
bff7c2d6-90be-49be-a6cf-9e369c076620,0
bffc4fe5-3db4-48f6-ab02-f4e740c315e9,0
c004a3ed-0f37-4afb-a029-04c6106bed9e,0
c010a88b-2e79-4f85-9a11-1bd13e03f58f,0
c018a64e-67f5-4a6b-8a0c-105805f234a6,0
c01c6ccd-891d-41fc-9f24-6b4d155f50ff,0
c023f85f-cee3-4799-99e6-b350fd57d2ad,0
c02db288-448c-4420-84cf-cc049a7df988,0
c03286df-9462-44c2-be3b-677653593921,0
c03dcf6a-ff3e-42a4-b05e-890e5ea76220,0
c043cec0-ba96-4524-b2f9-d839394c9cb0,0
c04b372d-68ef-4c71-99c1-79141a601fd8,0
c057264c-49a5-4450-82bd-ca98a6c8e447,0
c05da1f1-3934-4f09-8d7a-e6f88af70e37,0
c0657fc1-c3e6-43c6-b29c-5cea408288dd,0
c06b0484-b706-4b2d-af68-cf5fd3375f3d,0
c0715a12-07e1-4d23-a009-808050ab804f,0
c07631c1-1def-4327-b220-2f2040a2654a,0
c07ae6a5-77f1-41b5-9cad-db635381891d,0
c085342d-914f-44fb-ba9f-ffc4c87475e1,0
c08e4f57-0a2b-41e3-a34f-3698d84e5ceb,0
c094ed2d-5d23-4f61-99e9-b114183de959,0
c09c9602-6f67-4068-9f08-c5da8d247ab3,0
c0aac89b-9784-4dbe-baa3-780a06fb5fbf,0
c0b0b561-70d1-46e1-ac49-98b8515f4f3d,0
c0b9c903-6f70-46c2-93ca-23b68393c718,0
c0c018fa-b2fd-4583-8efc-f049c548c12c,0
c0c5c24c-53b9-4cbf-9c39-a4da98307a72,0
c0cc775e-ce94-4994-9bb4-fce60dad388d,0
c0d60b87-8b99-4340-aa9f-cfeb8e44a0a5,0
c0dcaad5-4a00-4165-99d0-3fd433a62791,0
c0eb33c5-eefb-40b1-ae4e-fa07c144f487,0
c0f26f6f-c575-4acb-8870-eb2d7a78fc1b,0
c0f8e7f3-adb7-4bcf-9fa6-1816c88517c4,0
c0fe68a8-9a86-4793-bb76-9a67b0fd48bb,0
c1075e5d-4753-40e6-8ac2-67e6805c9454,0
c10d26ec-9f39-476a-8445-4f68509bc6d5,0
c1157472-5ad3-4d2b-9b1d-69b56fc3ef69,0
c11e4733-15a0-4edb-b1bf-1740742daec8,0
c1236aa6-6724-48e4-850b-1a65bfe4de2d,0
c12b7186-0a2a-4150-bbe4-93fa5232828d,0
c1325559-4acf-401d-b7d3-f86ec533db24,0
c13c024a-72d9-499a-90d0-a5540f00a6b4,0
c140d473-81c8-4792-9788-fcf9820e2940,0
c14c8439-c96c-4441-a184-0cb533487a76,0
c151d120-7917-4531-baed-d67a0e635dce,0
c15a1cc9-24ed-4f14-a680-c67984eab152,0
c1627462-7fcb-4a39-8226-25ef66d43141,0
c16d1bcc-c5b1-450f-a39c-9593d4e62d0a,0
c17640a7-e15b-4b8c-a59c-03c542cad4ab,0
c17da2aa-1380-4c80-92bc-d5a240589985,0
c185dbad-306f-4a06-8e96-0484e52214c5,0
c18a910f-4752-4f7c-91dc-d548ab8e4f51,0
c192b0de-5d29-4d62-af03-3d3f53b9acf1,0
c1983d59-549b-42f6-9f40-f718d76d8d8e,0
c1a0db00-3b6b-4695-91de-fca7d4580bef,0
c1a73d4a-e54d-4448-b8d1-4b55082d6db1,0
c1b15d01-bedd-4f41-a66e-99df91eb70fe,0
c1bb26a4-7005-4230-adfc-94d8026242b6,0
c1c5dfb2-ba4a-4d10-a2ab-4795249912bf,0
c1cccac3-562a-4507-9eba-54669400645b,0
c1d4895d-da05-43c9-8b46-db6c03c8b176,0
c1da6e41-a866-4d2f-b0a0-3af575dd5ab5,0
c1e5c386-90f5-40a8-8a8d-214953811ac5,0
c1ea80fd-5fcf-4015-b2ce-437787b975c5,0
c1f73e5f-aec2-4731-8fb8-b28385c09ffc,0
c1fb7a1c-9bc8-4181-90d4-6e2246e42145,0
c20103c9-111b-4e4b-89c4-057d3dc05413,0
c20805c4-0982-4025-ad9f-7133f7851ea8,0
c20fce9c-f25e-43b0-bbb3-f67971143939,0
c219b774-055f-4d6b-a869-07f881a538f7,0
c220f720-0175-49fe-97b1-0cbb0821a66e,0
c224d878-b192-46dd-8f1c-dd2493186bbd,0
c22a4509-969f-45db-8cdc-6195e6d30b94,0
c23205ec-1087-421b-968e-e1aa5a91973b,0
c23ae4af-725f-4867-8350-f53334df7e60,0
c2404770-de42-4dbf-84b1-109d9adb772a,0
c247ce76-6b12-4ea0-bf28-89b3e859274c,0
c24af728-d2be-41e7-b3dd-c0d91adf68f8,0
c2541752-0edf-494c-926f-9a50fbc75d77,0
c25e773b-adf2-42eb-bfc2-08c7fd4bfca8,0
c26336b1-9e63-4a0d-8e94-8862e7131a7a,0
c26db289-6664-4ee9-8ab9-12e7e33ab085,0
c275efca-6a4a-40c4-a4a8-b5e3740ee7b7,0
c27c72bd-5c00-463d-ade2-97c31eef1294,0
c281283d-d72b-4a47-b1eb-bf50aee33a8a,0
c288a0c9-b6d4-4009-82db-3048fa470467,0
c28f436a-02bd-4399-9a28-2db93d4d066f,0
c295a60d-668b-4588-8358-16091cd342e9,0
c29e466f-d5be-4e63-ac0f-9ee55d7c76bc,0
c2a6548f-9907-497f-9cf1-dcddc4e9274f,0
c2acf2d4-6b1c-4f5d-b4c6-50eb6430246a,0
c2b59a16-a126-4595-a361-fd5bf415dd57,0
c2be7c8b-3e09-431d-9fdc-6016ccd20093,0
c2c52749-6101-4b7a-8a4b-a60150d55577,0
c2cb8ecc-24b4-4c42-b387-c3cde5a27a5d,0
c2d0a12a-e603-44b8-a4e5-2c7359f1187f,0
c2dc5bb3-a7d7-4cfc-bd68-e526674ece3a,0
c2e1a045-ea52-449d-bd8d-f4a86beb7d42,0
c2ecd529-bf66-44cf-8d64-837a5cf468d8,0
c2f223b3-0308-4aec-b95a-6694da611561,0
c2fb2ccc-0cc7-481b-a764-18f13e72578b,0
c308dd57-664d-40f0-adfc-a68fea8e8bd1,0
c3124fa3-6e1a-4086-956c-8e7956a3cd93,0
c31a11df-b743-47e9-a42e-5499bacae360,0
c32010c4-4e14-4344-bba9-b21fce85bd7f,0
c32698f2-d891-4ccb-9a81-babe6f261d28,0
c32c27a5-2718-4bdd-9104-0eef569664af,0
c33590cd-93fb-4c03-87ff-4515632ffac2,0
c33b80b2-976a-4787-a01f-f7b38515fb7b,0
c345dff1-fa36-48bd-bc61-d8d912b69251,0
c34bca0b-6c4e-4c89-88c5-ec7dfefbd1ba,0
c35586bb-5301-4a6c-91dc-45fcd7c15d65,0
c35a447b-da8b-42ef-837b-7043930cc297,0
c35f1081-ac2d-4fdf-8eca-49847fd5180b,0
c3672a28-ffd5-4661-9a6a-2c1bf67f965f,0
c3737cf1-4f07-40bc-a767-c0e030187c0a,0
c379aff2-fb19-48ac-a85a-243a0046d0d2,0
c3854fa6-c2f4-420f-a6db-a084eb77de22,0
c38f8698-9584-424d-957c-48ef7d20ffa3,0
c395e6de-b03c-455a-b488-4dbb8d75e6ab,0
c39d5613-adb5-4f73-aa7b-ad661c55601a,0
c3a13dfc-d3d6-4966-a10a-9254b3490e15,0
c3ab81b1-4e42-408c-9224-5f31d33dbf8e,0
c3b1076b-dafc-4e8a-b6c0-a37c975cc844,0
c3bbde0d-c727-4f9e-bb75-fb0591bf0d65,0
c3c4949d-2d21-4831-8f7e-0562ddea0117,0
c3ce0841-76a3-4a5a-871c-8ebb2f57cbfd,0
c3d3e5a9-0c41-43da-8300-e2339f53c720,0
c3d87796-bf70-41bc-a34e-98a5fe064c02,0
c3dda382-ab6a-43b2-a822-45ebf3627952,0
c3e2ff66-39ea-44df-b537-13024cf3efe3,0
c3ecd6f6-e5e5-4d98-ac07-7ec332f34627,0
c3f1b834-2b40-4923-83bd-405eed6eb4bb,0
c3fa020b-af8e-4aa1-8a04-450f38637e4f,0
c4028b35-16f3-4b0b-b66a-d7654eae899c,0
c40b52fb-2604-41a5-9baf-6085fb0308cb,0
c4119fde-1656-49c0-8a18-66fd030103a5,0
c415efb7-f814-4f8e-8fea-b4793eb905f0,0
c41e52b6-cc7f-43af-86a3-3e67efb11139,0
c4248b1b-3044-48fa-9300-37ee7d54a455,0
c42a1bc1-d5b8-4d4d-ae4f-3b5542a20efb,0
c43403ab-7ab4-462e-b8f4-8df51905e4c3,0
c43c6ec6-c250-4c2c-b6a2-8d8ae8c0f015,0
c442aee0-ab8b-48d2-98b0-13afbf351c4f,0
c44a472f-5fe9-43ce-a3b9-e50048d959cd,0
c451dcb1-8072-4615-b0c8-3d8f51776e05,0
c458c047-f434-42ec-bef7-b8ed6df6b473,0
c4645b94-55e6-4713-ad9b-438e9bc97ad9,0
c46a12fa-38a2-406f-8da7-3f300097f1a8,0
c47250c7-3c21-42bb-be2c-61d222467198,0
c479d522-f65c-470c-9105-1f8fe341b0e7,0
c482f81f-38ff-4aab-8058-ee6eccf37666,0
c48a6392-564f-439d-a00f-d6e0b873070b,0
c491e9c0-25ad-42ff-811e-228d9331f2ac,0
c49a0b1a-32ed-4a82-be5f-2a0807fba04e,0
c4a0ee39-d392-4106-94d4-8f682a2c16f3,0
c4a98041-4d93-4586-aa32-93479fe5a2f5,0
c4b1fd6a-7d1b-4bd1-ac3b-3eea559b98f0,0
c4ba9ff1-7b2d-4322-9f03-0d0e8166420d,0
c4c2d805-44e0-41f4-8c63-d37be2328277,0
c4d10381-f68d-4c2c-a888-ee944e9ca15e,0
c4d67765-3c5f-42b2-9f35-a19856e1f6d5,0
c4dcff6d-2d26-47a4-861c-025be8022ad9,0
c4e3f1ba-f191-4d28-8f08-a173933d07a9,0
c4eb288c-2521-4e86-adbd-7db6f705fdd3,0
c4ef9e94-2cd4-4024-80e1-4f9d25d397c7,0
c4f6eef2-8d43-4255-8ac3-eefa5be92eb7,0
c501a17e-9b8f-4bcc-83bc-0627ba232f45,0
c5075398-56a0-4f8e-8420-f338494b9178,0
c510b653-cfdb-48b3-852a-cb717e106153,0
c518b0e4-ed59-4594-8658-9545931237ef,0
c52654ae-a58e-4866-ae05-05231850bce4,0
c52ee547-b617-48cd-9948-4a71afcf9514,0
c534639a-a8db-4808-9b4e-d905951acb6a,0
c53a82e0-58d7-4f2b-8576-9cf8ee788f00,0
c5409161-9e3f-4576-803c-8916a7872869,0
c54828d2-a61c-4100-8519-3806e40325cb,0
c550cddd-b65f-48dc-bd60-77b454e9938f,0
c5575649-5d95-4496-9b4e-0b1a203387f2,0
c55dcf0d-82c0-45c6-bfd0-4447b945b968,0
c5644ff5-d4c7-4a4b-936d-15f879d35afd,0
c571b0d1-d204-44e2-8ef0-c16e970b72ed,0
c57789bc-bdfe-46af-bf11-d44e9fc55c6b,0
c5835117-a024-4551-a79e-b007a4ea323a,0
c58ffee8-a511-4d84-a982-d85508a4413e,0
c59b9f80-374c-4cd8-88eb-5f94faa7684a,0
c5a2fef0-91fd-4b78-9ab0-b0ffbdb9d2e1,0
c5a8c9f8-98f3-46de-8624-fc6ee1b804e9,0
c5b37dd7-57f2-4b3b-9f1b-759cdb7ce158,0
c5bca0c6-ddc7-45ed-8ee4-027d94039936,0
c5c41a14-7eba-46db-9874-2d0864bb91dd,0
c5c9be75-641f-4007-9ff6-34a8810ab056,0
c5d5399c-cfb8-4f61-93de-07bd033e6e96,0
c5dc0f79-360c-4255-84ba-922a9905f6af,0
c5e8a881-3198-4462-b2bd-6eda05af2fd4,0
c5f427a1-442b-488a-b5f1-13b2bdc9c54a,0
c5fd5500-070b-43c2-a2e4-4a56aa889daa,0
c60a35ea-9d1a-4e1a-8084-92d9d72fb7c3,0
c613e44c-bb4b-4a82-b231-d8f3e2e63c0e,0
c61f93c8-a1d0-4744-bdd6-3081e7a3711c,0
c6255601-0944-45cd-bc0d-62254c0f3d77,0
c62df1f8-aa14-43b8-94c3-df89c35cf4fc,0
c6300186-66ee-4016-ab53-660802d6b97e,0
c639fae1-a38b-4d00-b650-9f1493f85671,0
c6457fd1-5ba1-4a92-994d-3edfae5e2b68,0
c64bd63a-d66f-43d9-bd37-418e2ed5d026,0
c6535a60-951b-47f5-bdc5-5d71bdfd6db9,0
c6594efd-d387-4a0d-8143-2218a191a20a,0
c65f01ac-552f-49bb-9113-6db6c3f4ab5c,0
c668f449-f6fb-4c58-9d73-532ec75d8041,0
c66ea1cd-17a5-4d7d-a824-96428be9501c,0
c675fe77-9954-4449-98ed-4079b5649b78,0
c680a6ae-7c4c-4aec-8acc-a717619a042d,0
c6887208-c25c-4591-960f-41f229ac3c64,0
c6911931-5a88-44fb-baf1-82780bafd8e9,0
c694ef08-26b5-47f4-87bb-bf3b002cadc5,0
c69c0c16-566b-4582-82dc-a4f684b99ee6,0
c6a3bcd4-dc10-4dd5-ad1c-688c78ff984f,0
c6aafa4b-ab1d-436f-8cd1-de35c4289b23,0
c6afecb7-dd14-4a44-9eaf-c467ea5581e4,0
c6b71b6b-47ab-48a3-be19-24324f23bb95,0
c6be12ce-f081-4483-b82a-966faee3fb21,0
c6caf0ba-0791-4e87-8700-48c41291a0dd,0
c6d6c26f-e150-4cf0-a84c-b981b117e4bf,0
c6de62a5-05c4-4a19-80be-20b160747749,0
c6e4091b-4ff8-4004-8515-058b098eba03,0
c6e7f2fe-ea82-47b9-a96b-8eb6487c59de,0
c6ef4696-ee10-4055-9641-b97e06df94f6,0
c6f65c32-f19e-4423-9a65-4ab21ac78204,0
c6fe9688-bd1c-42e4-abcd-26faf893d98f,0
c708a29f-df0c-4d16-9f7c-72a9f3a957e4,0
c70dae21-caed-4bee-b55f-cb99f85265d3,0
c7154ad2-3066-420c-ab1a-3df0740f45ad,0
c71fc146-1f3c-47b5-9777-722d8ead07b0,0
c72529d5-5bba-4b9b-93af-c44f104341b0,0
c72ea4d6-30f7-4173-9b7f-c9e08c47e797,0
c737be99-76dd-40c8-bc7d-c8f2a8b46033,0
c73e161c-7667-4ae6-b578-013cf5079996,0
c7472fe1-1e47-404e-af43-941b9755a8ec,0
c7526de2-840b-4946-b3af-66a03d55e910,0
c757e7ba-7647-4578-9742-bd6215378c38,0
c764648b-d6ab-4cbe-ac15-373b42b8b03b,0
c767b141-0b34-4a18-b624-027632e4fcb2,0
c7749a6c-eccd-40ca-b2f6-44b47bcc458c,0
c77dbf4f-a4ea-48d3-a700-98ccb13624b0,0
c78298ed-0073-4929-9153-51ad3927fc6d,0
c7881262-7386-466c-aa85-9dc92288c2ed,0
c78d36d8-edd6-48e5-b1c1-3ed877321c97,0
c7955670-7214-4aa1-97bb-7d8765f3afc8,0
c79c94b7-7ed7-4794-a23b-8c07f3594edb,0
c7a78cc1-68fa-40ca-99aa-9d1e58a20657,0
c7ab4818-dbd1-4498-b768-460c0a752296,0
c7b08d44-3d3b-49c0-a2b0-2f4fb2c3e43c,0
c7b80aa7-6cb9-4ef8-ae05-ffe3117c28e7,0
c7bf7671-642c-400b-8ba9-47b5f50f59f6,0
c7c9c4b1-9578-4fd9-94e5-bd7cf05aa268,0
c7cffef4-e0e9-47e1-a7fd-9da445abfed3,0
c7d695d7-eb6d-4913-a01d-dfab6b741969,0
c7df8317-d834-4239-961b-ca3233e8459e,0
c7e4e3d5-3c04-492c-998e-854f35c567cb,0
c7f4bfd8-5bea-4e08-a4dc-5464746907e0,0
c7ff395c-628b-4d29-8a99-7820f61b2658,0
c807c67a-5a97-4331-93df-0fb66aa29eed,0
c80e5093-bae4-4eda-a725-388e4e05c7d4,0
c8195a40-1a75-41d5-83f7-c5e0f90ded89,0
c8202f21-c209-4ef7-a4af-ba1aa154e854,0
c82c5114-6519-4c61-ace0-4d328e73b43d,0
c834d2c3-d0d8-4633-83bb-943a371c8462,0
c83d41ce-2d91-4bca-afc1-68a2b2f56533,0
c845b7e3-3a5e-4cd7-891d-d32bcffe32d4,0
c84fc102-3260-459e-b240-b0d3506a24a7,0
c8551aca-4a53-4f6c-bdd6-895a66beb6f9,0
c85ea1df-9dfc-41d0-9df1-66c748fef668,0
c8686028-1f03-4ebf-aa82-129fab955bd4,0
c86e2a95-b757-48bf-8d47-06388927a439,0
c87a09d3-8778-45c3-9d24-1d930c7d3041,0
c8808a91-12a6-4bb6-9bae-8399d11dc7fe,0
c8853c27-d672-4209-ae72-772439599d36,0
c8879d31-e0f1-462c-a034-5ea5cd6a1ed4,0
c88f8348-f998-43ab-a376-73aa4bb17904,0
c89698aa-9072-4cc8-a84e-be9ac24fb7a0,0
c8a04015-63ee-4c39-8ba3-c6d595717ad0,0
c8ac5446-0c5a-4e79-9536-f3dd59f584ee,0
c8b3ce37-17e6-49cc-968b-ed4990ea5346,0
c8ba76bd-d593-49d9-958b-f17ccfcedf45,0
c8c2cc82-ac0a-4f04-a0a8-507d7ef53374,0
c8c94ddf-f215-4f7f-921d-2ed8c4f3dd4c,0
c8cf632b-6d3f-49ad-ac35-f3ebd3e092c6,0
c8d6d76d-9e9c-4446-8f7e-00271069b4e5,0
c8e1437c-a7c4-478c-91fe-88bb77fbccb9,0
c8e83bcf-1be3-4f50-817f-c71a91fab7c5,0
c8eff6e6-17da-44c1-a04d-da64b2669ac9,0
c8f75402-ccf4-4ea7-b82c-13944416ca52,0
c8fda221-77ea-4997-be81-cd688e3b4f24,0
c909c92c-6dc7-463a-95b6-8b655621898f,0
c9111a3e-12dc-4749-bfc1-ae06ba8ff7ae,0
c914b19d-4ab7-4bfe-965e-a235c463522b,0
c91c1e26-732d-4817-8096-7db89c07d8c6,0
c921c0e5-fbf5-49c1-8a4d-873b197bed2e,0
c92837af-4cf9-4ee5-b08d-8624d261eef5,0
c92b73a5-0a11-4f0a-81a8-b2cac1412aa1,0
c92e6428-7aef-4784-af1f-4e8c976e4edd,0
c936b073-5123-45ed-bfba-71cacffa06ef,0
c93da81c-055c-408e-96be-c967d53f5be3,0
c9448a00-de9a-40b5-a553-2886f60475f9,0
c94b45b3-0769-49a3-af25-df12b9498625,0
c953e526-868e-4cde-8b19-0360b4b6b05f,0
c95a1841-0e92-432f-8f7d-91503273f6e4,0
c966bf13-1f63-42e7-b2d1-4b5236ffc80d,0
c96b11db-2b31-4323-ae93-1e1e2717c5a9,0
c970e9dc-a3ea-4afd-b8c1-bb17079554bf,0
c9778156-9589-4711-b3c9-58353707ee72,0
c9814f29-56d1-4ee4-900b-a2bedbc74082,0
c98750b6-98ba-48c3-afc7-098f3d22613c,0
c98f6ef9-5c61-4bff-87ac-d91eb0b8bb4f,0
c9977594-0af2-40f5-8ea4-4bd569d89ab0,0
c99ee9c0-8f9a-4de8-9c5b-367227f30979,0
c9a729e6-3aa3-4b65-8086-a1d37f63c152,0
c9ac200b-9b34-4f7c-83d2-6afeabf14126,0
c9b11cc8-4411-493f-be18-c575a2fcf492,0
c9bb96ed-2073-4488-aba0-979388648037,0
c9c34e40-4f6d-4b2a-8ad7-fae4c507c6fa,0
c9cbdc41-5065-4f2a-976b-be8570de2d79,0
c9db5d55-8f25-4035-8259-1c927c28207b,0
c9e4b853-3785-4d79-aafa-25ae59ea22b8,0
c9ed2f08-266b-462a-a594-0acc40ea6672,0
c9f817bc-9d01-46c3-9641-1ed95db625a1,0
ca008897-e964-45b1-bb75-fc71aa4c4167,0
ca0720d6-9caf-408a-a1bb-c5023c269332,0
ca0e3f44-a700-4aad-84c6-4e5845646aaa,0
ca139419-fe34-4d24-a3fd-1400ca8c4f11,0
ca1edfa7-33c9-4ccf-bfa9-79d17dfcf333,0
ca2394ad-afcd-40b9-8cfd-07fb754ee7e6,0
ca2e64b2-0c1a-4c87-900e-b784c6643932,0
ca38db45-2900-436a-8be9-f7d0b23b5e1d,0
ca3ffb17-7cb5-4765-b21b-a72bb73fc1fc,0
ca4697c4-e56b-447c-bdf1-a51cb6c64e4a,0
ca4dece2-ae4b-4c72-8ac7-ad3967a1b73a,0
ca5775d3-3179-4af2-9adb-975646491eef,0
ca5e8d55-e5aa-4063-97d6-d8622f86a406,0
ca6606dd-24ff-4851-b3c9-2ec8ca543f00,0
ca6db8fb-5e5e-4c0e-9058-c2c5abdd9134,0
ca739863-bb43-4d2b-95d2-7774853a237e,0
ca7c59f4-b5e6-4b8b-bb82-bfd02522927e,0
ca829f62-5405-4478-9832-532e08d991ad,0
ca8826f5-b33c-4d2e-a941-74dc77a26c0e,0
ca9290b3-3e75-4193-80f3-4381e8c00283,0
ca97ed08-e528-4302-bee8-3c5f9350a883,0
ca9c97be-dd15-4e5c-9d41-82888bc542b9,0
caa2e250-6f17-4e18-8cfd-8716121ce8f1,0
caa831a8-84b4-40fa-ad55-cffeb8ad5b53,0
cab6933b-4d2e-42e1-918b-7696e16afd7c,0
cabb8144-1610-40ae-8b4a-2965d5e24f7c,0
cac25a66-bd11-4fef-b1f6-5125b1351365,0
cac90282-3111-4855-8b7e-83e41947c8f0,0
cad024bf-0178-4de3-87fa-b36218e979b6,0
cada9969-042d-4dd9-8f22-c2e55a2792f7,0
cae422eb-fcf6-45d2-aaa5-b7c635a1b68c,0
caebc2b7-02ab-488a-930f-97d68782eb2a,0
caf4384b-5bd3-4812-bb0c-ea83ac7b6293,0
cafc8530-887b-4152-8e36-fe8c7556511b,0
cb07990d-89e4-4521-8ddf-af9ef62f20bb,0
cb146ec9-603c-44bb-a42a-276080beb15b,0
cb1c93bb-740e-4a2d-9ab6-67fcf5f203a6,0
cb2698d4-95f7-497e-ac6d-d7d3bd47265d,0
cb2bc2a8-fb90-4e99-9057-7befcc4aee69,0
cb3abfbf-3250-416e-8e8a-b162be9e5210,0
cb4286d7-fcd3-4814-a4c6-58482ad50bf3,0
cb4a13e7-0b9f-49d3-85e5-aaf12b4ffd3d,0
cb4f39de-b295-4a0c-8287-d200f8b1d4dd,0
cb568e17-7217-451a-9efa-2be5232edea0,0
cb58bef8-4cf7-497f-941d-a22fa468dbb7,0
cb6090f4-c2fa-4007-bc96-e79f44f4be8a,0
cb675556-c2c5-4ed8-a6c8-d99186f4e152,0
cb6ee9ba-98d9-4682-a0e3-7f9957efbff1,0
cb7590ca-f2d8-48c6-a52f-c757c3bbbbf7,0
cb7b9601-15f5-4b88-a8b4-cbe0353b566c,0
cb81cbc4-df86-4e1d-8344-30c518f7316e,0
cb89ac0c-9e5b-4da7-a67c-d1a05517c67c,0
cb910cbe-2da6-4072-b85c-e8fb0a7499e8,0
cb97237b-9682-422a-86a1-d6e51c0e088d,0
cb9e80a8-f62c-4b92-973d-82f95c561dae,0
cba50b62-6e1a-409d-a8ce-86ba2110855b,0
cbab848b-7263-4973-9b2c-3a513d8e1b75,0
cbb0e52b-6e41-4f79-a2aa-cd93f9600ecf,0
cbb8dc04-d32f-46b6-a54f-869d5ec483db,0
cbc37fd5-242e-4afb-9fcf-1ad9d96a3e14,0
cbc873fb-d90c-4678-ad20-3553d438cbc7,0
cbd117a2-0abf-4369-a5c4-a7508704bc14,0
cbda51ff-056e-4e77-8827-f42b632c82d7,0
cbdea419-7ff4-477e-823f-ead78114415d,0
cbe9cc09-4cd8-411d-81ce-84982bbd24db,0
cbee2c40-1925-431a-a9cd-815c890988a3,0
cbf8b95f-4675-439a-8042-7bcb7dac1a4d,0
cc0113e5-bdb4-4e04-b33b-533c1ebd6ec7,0
cc093760-d392-4d67-9e8b-e5e93d94fde0,0
cc114351-4989-47ee-adf5-879b890be793,0
cc1842a1-77ae-460b-82fd-a6e17c0e0d64,0
cc1ddad1-12e4-4fb3-b700-38401e0e5803,0
cc286703-0dfa-4a42-ac92-b1ac44c143b4,0
cc3071bb-0f56-4438-8d85-9ea4759abc79,0
cc35c1f1-fd73-4c2f-956c-425e522cd4db,0
cc3b9d16-e887-44f8-8432-d4a9ed318705,0
cc4087ca-afc2-4f63-ab80-c6a4c6da8d67,0
cc4a99ed-464e-408f-94ae-53573507ccac,0
cc50ee6f-8fd1-4113-ac49-3c6d37269fb8,0
cc56a38e-d3d7-452e-9912-9bec8c08f741,0
cc5de247-cfd7-47fe-88f2-65cf61252748,0
cc6745a5-b58f-4e49-bba0-d00c97394ff8,0
cc6e8f9a-b6d1-4e83-97e8-62b5894e6ba3,0
cc770f1c-356d-44ed-881d-859dd88950e7,0
cc8164d4-e5bf-4ee0-8495-f461a2cb9ab9,0
cc89673f-93f8-4944-a039-4301f93339dd,0
cc933ceb-8950-43aa-9e3b-60b2ad7f43b3,0
cc994988-cb44-42fe-909a-15ac7c46f16e,0
cca1a27f-5d5a-4d97-8f28-fab7385406f1,0
ccaaceac-cbbd-4088-b8c2-09a77cecd3ea,0
ccb7dfdf-49e7-4488-9fc9-e2d8f031a7c3,0
ccbe3a0e-fcee-449b-baae-05f6319b2b64,0
ccc60477-c756-41c8-bba7-85d716ca6371,0
ccd0963e-a4c8-41bf-9c6e-1e0b8712d505,0
ccdac71b-d1dd-4774-b994-340f80bcaedb,0
ccdff4b4-8300-4416-88fa-94d299b5bd17,0
ccf03754-7159-4863-be93-a2f3b3af8932,0
ccf66b90-97f9-4748-867e-6380f0986f78,0
ccfe4042-56f4-4ed1-ba9a-b6b06a673558,0
cd01dcc7-efbd-4fb9-8611-19bb0e8078bb,0
cd100e99-7380-47bb-a9ee-13c2570e0328,0
cd136c10-7bad-45da-8ff0-8a3a3018e7a4,0
cd1a48bb-c9d8-4120-baa7-ac71bc23c3ff,0
cd21172f-c4b8-478f-b165-cf724475f90e,0
cd281b72-123c-446f-a935-e268adb99094,0
cd2dca18-7bd8-46ee-9bca-f878e72ebba3,0
cd35f7d8-e158-46b8-9a83-9b47226878c6,0
cd3f3e9a-20b6-4928-9a9b-9057cf71ccc5,0
cd45e3c5-95c8-4a96-a559-9c41dcfe01ec,0
cd4e8595-24ec-4d16-a036-0c501c6394d8,0
cd548877-333f-4329-80f1-21cc64631184,0
cd5bd869-c5eb-47b3-b9c9-aa187cf78dd0,0
cd61fc21-155d-4b75-b449-6afa4771d2d5,0
cd682b8c-fdd3-4699-a48f-a0c41f365e46,0
cd721bd8-3e27-40a0-b21d-cdf6f13acb17,0
cd7a10eb-d4b8-4a47-9ab8-d9b8e58cbe8b,0
cd825313-06d0-40d5-96e2-150b9ed12e11,0
cd8c6cde-7a7f-452f-b123-be5d5c795714,0
cd96220f-51e6-4883-b168-e66fbc1c823c,0
cd9d1649-f33b-4633-96e5-e0e753a94909,0
cda81c22-acc3-4037-b00d-6e278eefbae8,0
cdb0e7c8-138e-4593-871a-86b9d024647f,0
cdb9b196-cf2f-48b6-a158-02c50b7324e1,0
cdbf025d-3955-43c4-87fd-9024b8d0668a,0
cdc671a1-8696-4c42-896b-38af9172d796,0
cdcc1aad-e994-4aff-ba73-f103e50c97b2,0
cdcfecfa-caf9-4126-871f-7e3f2ef0ed8c,0
cdd7cb15-b6a8-41ff-b744-433d636efad4,0
cddce43d-43a6-4feb-ad91-1c7ec61b148b,0
cde435d0-7d39-43c9-8ea7-05e230f9ffba,0
cde8cd81-284c-41b0-b66f-de76107b4571,0
cdefd0f9-904c-4484-89fc-82bbfaa23f9e,0
cdf67f3c-6182-4832-a634-c1050f16c29f,0
cdfbe977-950f-44bf-a26c-3e9fbd086154,0
ce04bf3f-b00f-4617-9239-0e36eeb98d77,0
ce0cd221-353a-4dd0-8c5e-9762e2251078,0
ce135378-3a5b-44f8-9289-84cb9aba0153,0
ce1ddf35-5aa4-4e11-bea1-01884c38f79c,0
ce2ab0f5-83b7-4ef0-b3c2-61ac23242493,0
ce3472bf-94ea-451f-9513-50eebfdaaefe,0
ce3dc1da-8efa-42b9-ad77-be220afa9c57,0
ce41bc3e-30cf-4d0b-90eb-ca22b4dfa533,0
ce45e278-d1d2-4175-8608-04b60c51fe63,0
ce4defb2-9f55-4752-a907-91eee9bc4d58,0
ce53f414-61fe-40d0-99b6-e6ccd6a35cca,0
ce5e0d89-4420-4537-b9f9-62338d5c84f0,0
ce67c115-53e4-483f-bdec-81e84b438b63,0
ce72da75-ab39-4f46-9f83-8141db145c44,0
ce79c550-5d2f-461f-8d2d-5321aa2afc8a,0
ce7f0506-a4c6-4219-ade6-25f79f1c9dd6,0
ce895a08-1279-4b55-a3c7-e97014ab9a23,0
ce908789-76ff-4dfb-b60d-bdbb7edcc28e,0
ce9933ec-1a7b-4139-bb5c-598651ea20e2,0
cea3df0b-7654-46f7-8f0e-1e13893ec16d,0
ceaba448-429c-4248-954e-a3468c30ddfa,0
ceaf3739-ae6e-4ff6-92ad-e62e74ffa677,0
ceb6fdeb-04a6-4a5b-b816-f3885070ea63,0
cec3e8eb-ad9f-45b8-9988-55f595716044,0
cec81441-63f6-4174-a703-f81eb3400dce,0
ced22b8a-60b7-471f-8656-e302f66fcfe3,0
cedc29b5-260f-40f8-96b9-ed644e618960,0
cee1bad9-0390-4d54-9ef5-3a9f59e02441,0
cee519da-810c-481f-92bc-28fc6571a99a,0
ceeda6e1-521b-44f0-91fe-2cf879482c56,0
cef3742d-4498-4d20-b31f-97700637ff9b,0
cefbd1af-518e-4015-9b60-fb76bcac6f1e,0
cf01a3e7-a2ee-4448-8ac3-e6219cd22ee5,0
cf06d85c-37c1-4de6-ac04-fba4e3ca76ca,0
cf0ebd01-1cdc-4151-85f6-d5f643a02d8a,0
cf1a964b-a582-42cd-a0ae-8c365e911371,0
cf269ca6-0f4a-4f89-9d84-c46ae3e361d4,0
cf2f9754-35d9-43c8-813d-2e0a2055489a,0
cf3960b2-7912-4ab1-867d-3c3df90a99fb,0
cf3e3870-0356-44a3-8b75-3ecddd33688e,0
cf4351c0-4e8f-44da-b4aa-ffc8f96fb432,0
cf4bd9bf-a755-47a3-8628-f53c1401b395,0
cf51f543-f14b-4b9d-a2a1-cdf66a469c64,0
cf58bd7d-72ce-40bc-b04c-876e69028f3a,0
cf65d8ec-9a76-4331-b808-f0ab80f337e2,0
cf6d6ad8-0a64-40cf-b190-5c704eef23a8,0
cf74683a-a550-4976-8004-b775c05b9108,0
cf76ec68-3b27-40eb-99d8-89df752345fc,0
cf8352d9-88fe-438e-845a-a54e730bc7d6,0
cf87e0d4-26e2-44ff-a5b5-4ba02abe57d5,0
cf9178d7-a322-421b-833a-3f6b114c8ca7,0
cf9a5d00-8846-4ae3-8c34-d76951494cc6,0
cf9fbcf3-6393-4021-b2bc-3306635ce2eb,0
cfa64594-1198-4d5c-a010-6ea204765adf,0
cfaf3aff-43c5-4654-ab9d-5832453df21b,0
cfb5df9e-dd6c-40b8-8df8-985655467153,0
cfbe5fc6-0ce5-4b12-be8e-72ff8f9aa810,0
cfc92513-81e1-476c-b68d-582bd33a8490,0
cfd40f98-711f-4214-b36d-8c722b47caa3,0
cfdc7267-c755-49a8-9f3e-8849fb9c03e2,0
cfe656cf-4d48-4ad1-a591-f450af6922f9,0
cff582c3-d052-4661-adc2-7a121dcf6cd6,0
cfff4621-827c-4340-a1dc-66c878a9c821,0
d0072be1-19f8-4cef-9d89-f9594248e8ae,0
d00b0700-3bdb-4e22-bb57-abecf2bd1b68,0
d0167844-158e-4e35-8b68-b8cedc955160,0
d0211f5f-2fe3-4fd7-8b0c-f38b139dbc60,0
d026e585-59b6-4e37-b962-a0dd003a96f1,0
d02c3719-8621-4199-9fd7-75dd232db74c,0
d0335f0a-04b3-4d9e-b1b9-f47a4b6764ed,0
d039bd84-3c5f-4a24-bbe6-f6156618572e,0
d03ed92b-7288-4624-b30f-a2378055fada,0
d044f617-3a20-4ebf-9e67-e441136d8317,0
d04b132d-c982-4ed3-afc1-7ef226dea8da,0
d050925e-dbae-469d-9f71-d038ec8b6ca8,0
d05ed998-99d0-45b2-8107-cf32319d6760,0
d06875d8-490d-4d51-a258-37ec0ca5e996,0
d071650e-080f-4945-9c38-f20a13a5ce11,0
d079ea74-0bbe-4776-9605-94dcd606153b,0
d08449ed-e8e1-4969-bbc6-6e62dfac8e5d,0
d08d0161-5107-4964-8e9b-4e30aface55f,0
d094fea2-978f-4efd-a6d6-8c558b118ad1,0
d09f9d61-3e80-4bbf-a807-c8288961d27b,0
d0a4d687-0d04-4ce6-8fc2-c5c0f42243ee,0
d0af3bf7-60dc-4a7c-b018-9ac680ec8494,0
d0b73fb8-3a31-4882-868d-9ae83b6431fc,0
d0bef6e9-19fb-4a6a-81d6-a601dc9387b9,0
d0c95cc9-fb30-4d20-8ffb-58dbe8dab02e,0
d0cf5b47-38f8-411d-9078-d5e1e23aa6cf,0
d0d95688-9390-44eb-a0c1-88a1835558f0,0
d0dd6994-c853-47b9-bf7e-76fa6f100e6a,0
d0e22073-40d6-4665-9207-eaa66048ce63,0
d0ea6bbf-5b8b-4136-ad9a-8b1fac6d1232,0
d0f1c875-d1db-43bc-a849-50ab20fbe38c,0
d0f7b87c-4e39-4ddd-a678-1359ff9bf833,0
d0fda7d0-a62b-4ed2-bc60-b35c8ffc9eee,0
d10918f1-ee3c-4a8d-8b54-b80340aadc8f,0
d10e88c6-8fea-4479-bfe8-41be0eca0a05,0
d11579c3-3369-4c61-b73f-3962782c0302,0
d11c1c79-cbbf-429a-a04c-756d578d50f1,0
d1214520-bc84-4c78-8913-038ea718668d,0
d1287af9-d907-43b6-a532-dec962f970fa,0
d131e455-bb69-4659-964e-32b5c6b759fd,0
d13d7504-062c-41e8-aa17-f7887bc45cf2,0
d142b7fa-4ca8-4229-a1f8-79fafbe997cb,0
d148c945-b36b-4916-95a2-2537bb891ccd,0
d15050f5-8893-46db-82cf-836d90b2a1f1,0
d15698a2-4262-406d-b838-8b39f4a03e1b,0
d15d1c38-dbd9-4563-90bd-8829b0225027,0
d1662581-bd2f-4b1d-940c-efedc4d8d56c,0
d1703ad4-f349-4e3d-b2f3-fe38d04a79f3,0
d17a06a0-7a4a-4e65-957d-876dc0dbe78a,0
d18276cb-d6b8-4f1e-bc9e-89cd338d859d,0
d18c074b-8c9f-4c14-8bab-352661bfe191,0
d1946baa-394a-4374-b974-ac189b83ca6b,0
d1a36b7f-d47f-435f-bbae-de5315e1ebb0,0
d1ac75ae-37f7-40ea-bf14-62b0adfdad53,0
d1b63663-7af6-4bdc-ba92-18b96b2d445f,0
d1bb83bc-9ac5-4968-9305-bd233235ccd8,0
d1c2ab63-bf91-4ad6-b49b-18d09ec189bd,0
d1c8a5a3-b3b2-4277-9783-3f63016d3768,0
d1ce6904-3783-4080-8edf-e27a78d977f1,0
d1d9157a-11ea-4ed7-a322-e99fbd9e1b9d,0
d1deee33-1b5d-44b3-97e2-ce33f777bc73,0
d1e70d07-3322-4a41-aba4-6f50489742af,0
d1f2b707-45f4-4755-8d66-a46abc2b668d,0
d1f8d1f0-aa14-4604-90fe-d5b1764101c6,0
d1fe03d6-1441-4783-8395-d92125921b39,0
d20abfb6-aee5-42d5-8329-b9207ea25972,0
d2112865-a2e4-423f-a961-f2577b18b364,0
d21ba24c-08e3-4d9e-b71e-9f62d22fb75d,0
d223b74d-3a4c-4ad0-869d-2777f9f4685f,0
d22c576b-40d8-4deb-bfd3-dfdd6c76f81d,0
d2321c74-713d-4e83-8b82-974c6b16b2d4,0
d238d04f-e1e6-467e-9799-34f95d324d9d,0
d24682b7-bf49-495e-93fb-529a6a9b81b1,0
d25104f5-e808-4487-b2c8-b26dcaa62564,0
d258dfe6-73b8-4586-ab42-62671ca4e9e2,0
d25eb174-0e09-414a-a51e-c8eb2cf13766,0
d267b072-f684-4767-995e-d8f3de492d08,0
d26e1e90-6d45-490e-9f09-3c9e1d6b5f53,0
d278d4d9-aa74-489b-9f8e-688ba779aa53,0
d27f3529-00e4-40b8-b980-e520060e2cb7,0
d2858f73-b324-45c9-a009-c7d869610da3,0
d296bec1-0b69-4905-ab87-ee9d7d59db33,0
d29fb15a-4716-429d-af8e-2d3877d58c83,0
d2a607e4-edf2-4a5b-9252-b99508cb32b1,0
d2a9fa57-d0bb-4e83-b294-25fbc65ad1ab,0
d2b3a0a6-3873-4305-8412-3cdda17b6c9a,0
d2be6eb2-9e6c-4c9b-a02e-e9c6a301af01,0
d2c613c3-8f4d-4eff-96d6-9e7bdd9c7656,0
d2cb961b-3c2f-458b-9811-b7c78768c5b4,0
d2d4ae0e-0ece-4df1-a2b1-def1c34758b0,0
d2da5d93-4da0-4d9f-b985-120c2dad9959,0
d2e0637a-7883-4062-bd3c-efd8f28e5753,0
d2ed4640-2ae7-4f49-9dfb-9cd275f36cbe,0
d2f5bbb0-c2b0-4184-a4ab-a74185bbfcb7,0
d2fbf61b-f0a1-428d-bff1-e29c5ac70a55,0
d30105fe-660f-4b77-85f5-37db07f40fad,0
d3085b2c-1dc8-4d38-8e1b-40ba669b0591,0
d30e4f5e-453d-4321-a227-6d1dca2f7e40,0
d3183787-9966-4fb9-9206-8bf219f83d21,0
d3204a94-ac32-4aec-bea9-6ffd9f291d00,0
d32a0e07-bef2-4f80-b070-fa0fc8d7c364,0
d3305834-060c-408d-b317-6b21d877dc87,0
d3376cdf-7927-4cc4-a1d7-02b089dd5b1d,0
d33edf34-1a1f-4dbb-9343-d89b51560546,0
d3473650-8512-45b5-b0ad-ee74c201ecf1,0
d3523fb6-6d78-472d-9b5d-f2f0063f0ae8,0
d358cc1b-54f7-4c8e-8646-50f280b81b55,0
d365785b-0ea2-4984-8634-f9e79c021037,0
d36c64ce-8037-4c95-bbc6-5a0cf51c0006,0
d3790ea1-a936-467b-a652-2adf7f77a445,0
d37dd32a-02ba-47d6-a97d-bf07276f5237,0
d3839d41-3ef5-4769-9fdc-42e8d285d747,0
d389f1bf-95a6-4e62-8980-38c4c234c982,0
d38e6666-e810-4dd1-a2f1-b4a1289ed755,0
d394c21b-73cb-4d7e-a338-d8d4a7fed776,0
d39ca230-5664-4412-894d-76fba22c6b50,0
d3a8f0e9-baaa-4508-88c0-515ee1df2c25,0
d3b03dcc-6b3a-464f-b02a-98ae27ffe5f2,0
d3b889ab-afc5-42cd-9faf-9a7e50b05feb,0
d3c224dd-17ee-44de-853d-37abf79dad8f,0
d3c8661e-8d64-4215-a71a-85b8b686941e,0
d3d23460-e1aa-47ee-97df-57d97e2c876d,0
d3ddcdd1-e8f3-4621-8799-f3ed880b7c48,0
d3e59078-438e-40c3-a83f-b66eef98aeda,0
d3ec7b33-1993-4d72-9b7f-5b620ff209f6,0
d3f31e61-8dc7-4597-8451-65f9b7d4df4d,0
d3fa18e7-0cc2-48dd-ab33-f9fa264c1103,0
d4015593-04cc-4ec0-8112-6754a79e3669,0
d40a80da-8f10-4dd5-b300-1db5dec423ba,0
d4133a9f-abb4-45e5-ace8-4a3e2dfed4a5,0
d41d1902-4143-4c8b-93cc-e13d0b36e2ef,0
d4285a1e-c632-4410-8168-26b45d95dc25,0
d43138aa-9f14-44a4-a56b-914d924f67fe,0
d438125c-1459-49b1-b11c-3cc3a81763af,0
d43da268-51aa-45a8-aeca-4e53e6bcb7e9,0
d4452b0d-9d1f-4a86-8adf-2182757563a6,0
d44f1149-e01c-4301-a991-44a7e1e8ccb2,0
d45548c0-3ef7-4d07-985b-a5537151a098,0
d4589ddd-082f-49b8-a479-21ef7c5a0471,0
d45da46d-6d44-4e53-9a3d-d869bfbe4cf6,0
d464b502-c418-4aa7-bff4-d7bc69307ca3,0
d4700a68-1a5e-48ff-adc4-0ce7c0f21799,0
d47d5e76-4844-4d2d-86f8-d12593ca77ca,0
d48655fa-21ac-48f9-a3b4-cddfff8413ca,0
d48d0775-d182-4a34-a339-d4bd7ecf0887,0
d4942ca9-5d2a-450e-9b18-bc49c81cd089,0
d49b1ad2-97a9-4f31-a199-048abc9169b4,0
d49ea1a1-bd7d-461c-afa7-4131574d3f7a,0
d4a65509-6402-41f5-ad4a-c73c220e1d77,0
d4ad4bfe-798e-438e-9c38-7417fcf2ec0a,0
d4b2d9c0-1c03-4973-91e4-adcba80b59e1,0
d4b976bd-9941-4cfb-aa93-ac4a2057315b,0
d4bf50ee-2929-49f3-a152-95a98b2cf52f,0
d4c32be8-ce6a-44f0-82a1-590092875669,0
d4c869bd-393b-4fb1-abf1-b31a98e9b021,0
d4ce8071-5867-4d95-aabb-1b388c047b3e,0
d4d28b95-82f1-4be4-96a1-e2744d3d78f3,0
d4d677ff-baf6-4421-b6ed-9a40f3d05657,0
d4df74a9-e392-45e4-88b3-fa71d62e9ce3,0
d4e7f192-2036-451f-8865-56270c2d1116,0
d4ed7123-d1b5-455c-886e-c812dd91204b,0
d4fa064d-ee21-4d42-b27d-6aa07a3d57a9,0
d504b03c-ff33-40c3-9612-afa59b8a4c44,0
d50c1a55-fd14-4e4c-9a7c-f841138eb5bd,0
d5150350-1250-451d-9481-61211d568257,0
d51a0e50-4bf3-4f12-bbc3-9eee4dce7416,0
d5214b5a-07fc-45f8-b916-e550bf4251a7,0
d52e7441-5123-4ff6-b6e2-3257392563de,0
d534548d-3aa1-489d-ab29-14d9a099182e,0
d53a3b93-ce7d-4cc6-8df3-c39633041899,0
d54361dc-2e82-461f-9f38-5d4200ede8f1,0
d54bbc12-3c19-4789-b848-16db52f9fc41,0
d55801c1-2ab5-4580-b353-bb5e699a53b5,0
d55e661f-6351-4c44-be94-bfafd68ce2b5,0
d5633d4d-5a6d-41e4-801f-07b73ea7c764,0
d5688af5-1d83-4cae-9dcb-eedb5275dccc,0
d571cbba-a84f-4122-8226-525fb5298806,0
d57a02c4-2472-42f6-9949-c5bae2a8be1e,0
d5808a49-f59b-49da-8613-f4bf6261b2b0,0
d5880837-4e2c-4a3f-8406-48719288ea83,0
d58fb25f-bacc-4188-b2b1-b8bdc4b8cf9a,0
d5976fbc-d922-45e6-ab5b-acfd52c82740,0
d5a1720d-7559-4adc-95f1-936022e4be81,0
d5adaed0-0b4c-4842-95ed-cae1b4dc4ef5,0
d5b69ad3-f07e-43fd-aba8-90fde69b04db,0
d5b95a0b-aa59-424d-8eeb-4c91f1c6b925,0
d5bf2913-e967-431b-906f-85378425c917,0
d5c30a83-cdc2-46f1-82bd-49a53a10a577,0
d5c901e4-f142-4dc0-ae68-6b0860ba096e,0
d5d3468c-522c-498c-862b-dcab603829c2,0
d5d8f6af-264e-467f-be5b-8eb4c4a650a2,0
d5deebc6-954b-4b76-aec4-6a36db2a83f6,0
d5e3e372-59a0-4aed-b442-be2dbe1788e0,0
d5eabf4b-4265-468b-8263-39ffa6d9924a,0
d5f1398b-f3bf-4edc-a4f3-27c8962a4f46,0
d5f845a4-309f-4966-803e-b3c9ff43a7f6,0
d602297a-2b04-4556-b205-9a48499e72df,0
d60b0e7f-f7b0-4f50-a3da-ac60c1ba3494,0
d613d9d0-6a1a-4a82-9009-b3e55e0f48c7,0
d61b84fa-eaed-4b46-981b-4248905e2bd9,0
d628b183-349d-404f-98a3-0ffd0257cd74,0
d633b4c4-e7fd-4e5a-9680-52acac1e2014,0
d63bc7bc-0645-42de-818b-c72ae8a1aaa1,0
d6421bfc-ad5a-4d68-948a-be874fb4358e,0
d64a8337-5e63-47ee-99be-f9430ecafc70,0
d64e8da0-ee4d-4051-a66b-5696b31cd0e3,0
d657e039-ee4c-4b69-8fed-26173f61250a,0
d65cbdee-f9d9-4050-be76-df15a0d02378,0
d66c1228-bc08-42a2-a930-f964151d034c,0
d6723320-84e1-422c-991e-0ca88dbaa348,0
d677c273-13d1-41e1-9cd6-6784238eef79,0
d683c396-4c9c-44c3-8861-e8bdd2a3f744,0
d68f6886-eaf0-4fa2-92ab-949c5210def4,0
d69c3c66-141e-4928-bf91-273ca243ef72,0
d6a6412a-ec15-4b75-b896-49788d6dc737,0
d6aef8bf-7843-44bd-aaed-69d8d825e056,0
d6b881d3-f2bd-4a9b-867f-b474ea57dafe,0
d6be1a74-6a1f-4221-ba51-c7868482e4ba,0
d6c2961a-929f-4b76-9cc4-6259d655a81f,0
d6c91d2d-95b0-485f-a00a-e2d78c199c1c,0
d6d4ad6d-b11f-4a11-ae71-a2859095a740,0
d6e00ea5-a960-4633-93c3-6441f9bb6363,0
d6e68349-e11d-4aee-b8c4-11be1edabb28,0
d6ebaed2-a27d-4251-ae68-973666f7c985,0
d6f3ad48-b7ae-4127-9419-fedce60788c0,0
d701f18d-c26a-445f-a289-e2ecb0534dca,0
d70a90c2-86f5-49d4-bafc-f74da6790e07,0
d713628e-6918-4cdf-9c6b-8ad48f740a88,0
d7238563-1451-48cf-8e1d-69f74cd0a484,0
d72ad6f5-310c-4215-910a-7de8cd6e4c98,0
d72fd245-a37f-4c44-a7e6-ecf5f7e19884,0
d7394824-e48f-45ff-9ee4-f76b90eeb5d3,0
d73f5e31-50c2-4650-bdba-f7f57853309e,0
d7478272-6cc8-4cff-979e-e91039a9632b,0
d74d7a24-5fca-4d8b-b1b8-d5c6e04784b2,0
d751d6e2-f845-45e2-9d82-859926aa8f23,0
d75a1d49-aed7-4a97-a7c3-c231567734ef,0
d76368c0-4e7b-4313-9a46-6ac0a86184af,0
d76bd40a-238c-449b-826c-bd615c9e2b85,0
d77677a2-a7f0-405b-ae10-4d20019dfd46,0
d77df547-1fb0-4109-b445-7d4559e9d237,0
d78719d0-ff11-43d2-98c6-17a973276c9f,0
d78f085b-4508-40eb-bcc6-5bddfa648ede,0
d793c162-3035-450a-9061-22f908b8b188,0
d79c435f-333b-4034-a995-b5c9db43dbfa,0
d79f8a7c-b5c3-4bb5-ba21-56a1149aaa18,0
d7aaa182-6671-4b01-b808-c87d90f382f7,0
d7b27ffb-0e8d-401f-8e46-17713e699214,0
d7bedb74-5bfd-4ab0-b356-b144aaf4d0c9,0
d7c4c2f9-fd7d-4698-8842-d189ee8b8c06,0
d7cbfebe-3217-4c96-b4a2-838d7b641883,0
d7d2e75d-07e2-4782-8724-b1ce902a574d,0
d7da7bd1-d797-49a7-a6ef-42ddda4f27df,0
d7e59a84-2d9c-4ebb-a5ae-29fe5e675b22,0
d7eddfa0-41d1-48cb-92b8-77e36789f54f,0
d7f60453-aa10-44e8-b82c-81ae942d8c97,0
d7f9d4ec-c37d-4f37-a578-183ce009fc48,0
d7ff487d-8193-4bd2-ab76-b73c1b0af508,0
d807d33e-af97-4587-9683-3da4067279d6,0
d80d8db4-38e5-49cc-92a1-aed206516a88,0
d813ad19-95ea-4184-9297-d2848a48f2c0,0
d81eb0b7-24a7-43ee-bd66-175477ebe24a,0
d8282729-7833-4368-bb55-18eabec7e7cc,0
d82d9dd2-4451-4609-a641-a69a3a50ad6a,0
d8357ca0-280a-46f4-bcdd-bf6a1bd4aeed,0
d842311c-f0b3-4c0a-8a99-5349dc1fab68,0
d8481a11-6c46-4757-8c23-9178d2c55870,0
d85164f8-e88e-4aea-ba26-3a9f4044630f,0
d85be18f-b8c3-476b-b97f-20fd70f11370,0
d8629df7-bb82-4122-9d54-61596e0598f9,0
d8699185-5b0d-4c6d-a409-64fee4cb4090,0
d870b107-7096-49a4-853e-a060e59c0b6a,0
d8768c79-49c1-4fce-ab37-f6e4a791212b,0
d87e1437-2df1-4b7f-a3bb-6157e9f5c4f5,0
d8861ad7-d3c0-4b8f-84fb-ba78a042b06d,0
d88e552a-3280-4f0c-aa03-603e3a1b49a8,0
d8932f21-f3b0-451c-934a-b21b68c58b11,0
d89e5dc0-108c-4440-ba57-23b54817c448,0
d8a87cc3-c263-4d66-8504-429ada2691ae,0
d8b24411-9e57-46f0-b6a4-91b2b237936e,0
d8b91ab0-3af0-407a-9a07-257120dca69e,0
d8bc5788-e4ce-4461-8950-b4896d91eee8,0
d8c3ad43-4d4d-4c0b-87dd-8623343e9431,0
d8ca4131-e5d2-4182-9029-1baa1eb13310,0
d8cd5a9f-6996-4758-b6dd-0f566859d483,0
d8d32556-09e6-432b-9633-4651b364093a,0
d8d91514-62e7-4e43-a1d8-3a2de33504ee,0
d8e44413-9fc5-484f-a23f-f14d6e74e4e7,0
d8ebd948-bdf1-478a-bc8b-da7bb333bf72,0
d8f1f9f8-d52c-447d-8597-599529ef4549,0
d8f80d39-6240-4cee-9f44-b620c012a447,0
d8ff0170-37a7-4382-90bd-1e2b4feae752,0
d9067bd6-f69b-4744-a6a7-68e6b406a48d,0
d91186e8-fb62-42f6-a744-01e70509d21c,0
d919ec85-f7bb-403a-9140-28b83d842043,0
d9225c24-be29-4bf1-8e05-19ba1848916f,0
d9288685-675a-46b5-9f64-5a98a54eda1f,0
d9325fd2-85ad-483b-a466-b489d52fdeb8,0
d9391405-5cd9-4f2a-9d97-a2df308bef4f,0
d94648e0-155c-4c71-b700-114010d4c8bf,0
d9509309-95be-4111-983b-3e31b93d40c5,0
d956e07c-5151-4b63-98df-ae8603665257,0
d95e93f9-6da5-4035-8e6e-eda6295f946a,0
d965828b-b632-49f2-9c10-809961636478,0
d9700948-a5ff-4589-87c6-b58f9c2faece,0
d979e8bd-6b3f-4c68-a4f4-20cd0a6737da,0
d985324d-2cb9-4c4c-91df-37dafe4ed2d8,0
d99004a0-b46a-443c-8455-87caf64d2613,0
d9972296-81e6-4f2d-ad4f-4863ce625153,0
d99ceef5-3360-420c-9aea-c28f47898c2c,0
d9a3036c-bf89-4d4b-9689-257988f675d4,0
d9af432b-61db-486d-83a2-9e8fd0972a3f,0
d9b645bb-bdfa-4527-8c82-822e997f3361,0
d9bb0208-2f55-4f74-8893-706e3bfd5c1e,0
d9c8062d-d818-483d-8fc1-0503cb9f451b,0
d9cbe5ae-b380-4b36-8f62-60b03fdffe1f,0
d9d56676-a22d-4d9e-954b-fc4926748a42,0
d9e3f9ec-57db-4837-adf2-28a594dd1a9b,0
d9e7b2b4-3981-451e-8212-9624b1f9e642,0
d9efee2f-94a6-476e-8a8f-82c152cfee7e,0
d9facda2-0244-4608-84cd-6a15169a092d,0
da016d53-1c1b-44eb-a06c-fd48f8c52358,0
da0bc1b0-9e52-4660-8cba-b0f00d112084,0
da118c46-dac3-4fc2-881f-917c9deb38c2,0
da16f94e-45ba-48c1-a018-cb772f6d7985,0
da2142a1-f58c-4170-a663-19610626cbef,0
da2bdae8-33b9-4c0c-8c1c-d14a4207bb2b,0
da3827ea-2831-4478-b703-84adf9ec79ae,0
da3d0fc6-de56-4cbd-9929-8b4fccf2c949,0
da46a092-ca11-4b49-bb52-e0d5976f86d5,0
da51a0d8-187b-4e9c-bd78-8aa15b56e392,0
da560797-a57a-4e70-a035-f3f9ae3cb42f,0
da5d18f6-152c-4fb1-a3f6-ebe1bec89c36,0
da68301d-ace5-49c0-8025-fc12f5c54795,0
da72d5e3-7955-4071-b592-0941d3a04412,0
da782a3b-bc11-4b5c-9ae2-b0715411ae95,0
da7f8b5f-d1c8-479f-a12a-376347ebef34,0
da8a763c-a662-46d8-be77-30ea3c8d3252,0
da93c8c6-f1a7-4281-b689-96d40e0e009a,0
da97ebed-a658-4824-bfcb-327825241573,0
da9e0574-6351-4b14-9f2b-9adb879a3da4,0
daa1c47b-13df-46da-b42f-0d47c0be67cf,0
daa6c0dc-6944-431f-9d00-4a0dd906f19c,0
daad2db1-a71e-4390-b4e1-f9c1737c98c1,0
dab72593-472c-427f-8f24-db72e977d445,0
dabdd3d6-d4df-406a-ba66-812c535e9a34,0
dac82494-7ba4-47c5-a66b-3b983b228dd6,0
dad00062-cc0f-4bcd-9800-633882e58c23,0
dad91553-d697-477d-88c8-bb7510b2c1d3,0
dadfb1dc-e2ac-4e25-a18a-25a024d87f73,0
dae77ff1-7853-4620-8532-c8b28a9fd86d,0
daf2710a-6dfe-4a77-8aee-f7d8e61d15a1,0
daf8b73b-070d-483b-a474-5563e7c67181,0
dafffb6b-0d8b-4a71-9f58-d29b2651166c,0
db08e6e2-2950-4fcb-9d70-32697e055a63,0
db0eb72f-807c-4e3a-859a-6cfdb38ab371,0
db1afd48-d0b9-42d1-acdb-ce68114a6202,0
db20cf1b-a403-4993-8736-b3ef781de597,0
db2c0894-60b9-437f-ae53-d3a970a83872,0
db2fe675-66b1-45b2-932d-0eb2244a3325,0
db34ce2f-ffbd-42ca-862d-9d52898af43f,0
db41f4d0-95a4-4e3d-aafc-8e74f3cff51e,0
db4efdc4-7c61-4c32-891d-8527a051f201,0
db5550fb-7b45-4faf-a0cc-c8fdf5b24ff9,0
db60a992-080a-4c81-8e2f-36553cd977d9,0
db6da375-08f4-4b84-a9a1-4bb8c9a4a97f,0
db74896f-1aba-42c4-9b74-827188f48608,0
db7fcf30-996d-4f9a-aff4-e9ef9fa03141,0
db86d027-c025-4a15-b5f0-e44f301662d8,0
db8ec6d7-b354-4216-bfc7-433b0a07292b,0
db954b4d-7394-4a7b-826f-ad3a00a51eaf,0
db9ae05e-d1f7-4667-b81c-ad99022a40ca,0
dba0381c-1c65-4f1e-af43-25c5f12a82bd,0
dba56c25-417a-4baf-8a48-9a591f2b035f,0
dbae8abb-fbdb-400e-888d-bbffbe414fed,0
dbb4b0a0-7df3-428c-8ade-139063d820ea,0
dbbe34a1-94f9-45ce-b1cb-cce2740c0c35,0
dbcbf92b-92b9-41f3-9092-23f74858826e,0
dbd5f668-a9c8-493d-b886-5e0c8e022096,0
dbde5690-1994-4942-8178-7c9c7e415dd4,0
dbe9c2a4-9470-4221-8099-1b03e40a5070,0
dbefa331-b477-41d4-962b-a00db67cee61,0
dbf8a33e-0ac0-410a-93fe-db42161d08d7,0
dbff78fc-8dff-495a-b73e-0186576f70cc,0
dc07762c-300a-42c1-93a6-c2bf6193bd1b,0
dc0df496-ea41-42db-bdf8-cd69b77d9c82,0
dc15dfce-fc99-4c80-8549-2007aa903aae,0
dc21ad16-0148-491c-8fa7-70af2348cde4,0
dc27cceb-d1f7-4737-91a5-3d5b19e4e7a2,0
dc2f9624-3f70-4937-bcd1-6385e6fe0010,0
dc36acf0-2e2d-4bfa-98cd-b86adfb5a35c,0
dc47a932-e6e8-4eb0-9e06-fd7cd51e5dde,0
dc4cf298-a990-4c1a-9ad9-23c5fa0fa111,0
dc57c500-3e82-4a38-bebc-eea9a65f3bfc,0
dc630148-c8b3-446f-bfec-940def2eee0c,0
dc6ca1e2-8c43-4f08-99f7-e0ea2cd0fa60,0
dc75e89c-4dbd-4ee4-be5e-55d9e7a6d62d,0
dc7d096e-d49f-46b7-b33f-b8576d688318,0
dc838396-5e94-4149-89e2-00af7c4d993c,0
dc8b43b7-bc17-420c-8949-7ef74be89bbf,0
dc95f435-0d86-42fa-9050-9bfad610ccc1,0
dc9dd676-691c-40a4-805c-b30946408722,0
dcacd3fc-f2f3-4bec-a600-230f9cd435bd,0
dcb249ce-6701-4fb6-952f-bdb4797cbffa,0
dcc2a1b7-9503-4604-a51b-4d60061042c3,0
dccadc7c-6cc5-4f39-8a00-49836768e8d9,0
dcd14b3d-f50e-4408-9477-ef6507fe19d8,0
dcd958f4-a6f9-4e26-b814-2c7803df5180,0
dce568e7-e582-48ea-8ecb-325d14214eb0,0
dcf4bb0a-939b-4152-b422-ffe823ff8642,0
dcfa8da1-5199-4a23-898b-73b2f4a39bdb,0
dd08c8e2-28cf-42f8-9005-3baaad6c0790,0
dd111d9c-1837-47f8-8ada-6420756ed58f,0
dd15d22f-61cb-4011-b8f9-46a2f5734bab,0
dd1aaed4-a642-4444-8aab-468bbbeef6c9,0
dd24e389-acc5-4a10-9c2b-a5fe435d5b8d,0
dd2de319-b5a3-414e-b51e-69142872fbe2,0
dd355e7d-a08a-4297-8a5d-fa1ea443ff71,0
dd3e6c42-e70f-4238-90bc-3a80a1f3794f,0
dd4998dd-797d-4e86-af30-e25080ad82f0,0
dd50fdd2-93e8-4a2c-a02e-e6f6bb5c230c,0
dd59e6c3-ae0b-4081-9ab1-409bacb2b932,0
dd6046a6-1b0b-4ebe-8edb-deeefff02498,0
dd658b5c-a46e-47ea-987b-0748627a20ab,0
dd6c195e-2bdd-4ade-8944-9ad33463e0fb,0
dd79843f-e0ff-48bb-b0ae-b9c19ea4a2d6,0
dd7f8c54-3e4f-405e-947c-f3bb816e8a19,0
dd849ddc-af19-4aff-ace1-b49f72ea5920,0
dd8a1187-ce4e-4c8f-9997-50083b7d5188,0
dd91e42c-d7da-4b05-9766-8ba0d597d5f1,0
dd98719a-6de5-4eba-9566-f9af6a893297,0
dd9f44cb-6cbd-4702-a608-4d36c4362cc8,0
ddaa02ef-e2f4-4301-a2b2-570fff5a2970,0
ddb27c5a-e426-4688-ab35-1fcfb43ca1a1,0
ddbb881f-74ee-403d-ad7e-906d2639f8d5,0
ddc23631-7685-4f51-9f85-8d0b2963c1d9,0
ddcb5c41-34a4-4300-82cf-39bbc58eca3e,0
ddd3baf4-f55d-4de5-a4be-acd769d34184,0
dde11329-901d-409d-8917-f2f43e884670,0
ddea8f0c-4fd1-44df-9594-edcca3e205bc,0
ddf2fd58-2c57-4b3d-bcb0-4690006decbe,0
ddff9117-8365-40f3-90fb-7202e48a4615,0
de0970fa-22cc-48ff-8925-12648ed2d487,0
de12ea25-2ff1-4cff-9cbb-c1429942b229,0
de1c55cc-5718-4d81-98eb-c0a7aad4381b,0
de262ef4-c0f7-4185-bd00-606f6e90df7a,0
de2c3792-2245-4252-ab6c-25e64905fb32,0
de34ab21-0214-401a-84ce-a8c70dd361a1,0
de39f195-5edc-4724-a825-3d0c90b84c9d,0
de40220d-32c9-49b5-bfee-6165ad2f37ba,0
de43abfe-0e73-45d0-b5b9-436142243378,0
de486b89-8e51-4a3a-b7d4-75f1891b7d82,0
de4c51ed-e82e-4eee-bbcc-f11109ef7dc2,0
de583ebe-1346-4e2c-b46a-65347fdddbd4,0
de60fe49-9214-4b7a-86e7-f896b36b0479,0
de65fbcb-c3cf-4828-a27c-ce3ce92abe89,0
de6fb4c5-d63a-4ead-8851-e968b9af0c6b,0
de75f2b9-e87d-48fc-8850-d4bc557acf44,0
de7afbb6-9cfb-4f0e-b4e6-d12f9e7cbe36,0
de7e3acb-ab52-48f6-a4c5-e60abfa6f4a0,0
de87d3f1-ecec-4057-a864-d83ac1eea55a,0
de8e10d8-cfae-4d16-ae8f-1f9062162eed,0
de9c04a2-a59c-4dbe-9070-1ef75f406c6b,0
de9fa1e6-245a-4fbb-95dc-f8c78971fb21,0
dea7de93-7b4a-43b8-8680-a815e522eea4,0
deafddf3-be26-4c2f-879e-1b21c21b5ac5,0
deb97491-efb7-4910-9c2b-39cf93587bbb,0
dec18a5c-1de6-4010-a9cb-ce5b681999ea,0
dec7b9d5-0839-4caa-a4c8-a78154ccd1a8,0
decd20ce-5d44-469e-b57f-f8ba88dfce53,0
ded22d32-7582-4736-adb5-e2a7cddb3fc0,0
deda5f55-f2fc-4650-a648-7dd77aeb4c63,0
dee19178-b362-49e9-9343-7a2d5c157a6e,0
dee66025-b789-44ce-a1aa-544631a04255,0
deed1eee-cd0f-48c8-8168-bd6a8270a4dc,0
def4cb52-cf51-445f-8e1a-e6dcac824829,0
defa6bb6-838f-4f90-b1e1-ceea28f259c8,0
df0051e6-2be4-48ef-b8e6-c147dc562d07,0
df05aaf7-65b3-4b88-9439-76a435914079,0
df0fc2dd-b81e-43a8-b65a-db06db943ee3,0
df195d81-b932-4605-a820-11134550fd70,0
df212eea-1a6a-47c2-886f-5904835dfd65,0
df28575c-c8f3-4f1a-9c34-b440a31fc143,0
df2ec88c-f9ec-4309-b4b2-317060340071,0
df389229-a417-4840-91b5-f5884d15a964,0
df43426b-1332-406b-bb1b-0d1068b13064,0
df4843bf-34a6-4b89-94a1-ff5d8781b37b,0
df4f5507-2e65-491b-94e4-0e5abf6abe79,0
df56a63a-a390-4091-8d5f-2bb1831e43d3,0
df5f3ab1-fd50-4b9d-b935-51c5ccafa36b,0
df647735-198f-4596-a285-279708364c50,0
df6ca803-8f17-4ac6-8ff6-995e4468b408,0
df7431e9-49ec-43fb-9cae-05c7939e7d6a,0
df7e8ce1-05c2-4a74-8346-be7487eefb37,0
df85842f-a415-4650-8477-6cf6b4fc9478,0
df9389fc-837b-4cf5-b596-12b29e1e4bde,0
df97c571-8eaf-4d2f-b0ff-cd280eaac930,0
df9c4b7d-e25d-4eb6-ab45-75f712bcbf5c,0
dfa27a38-e1d8-480a-9986-551bbf6e08a3,0
dfa84c5e-82e0-4951-a7f0-5de6472fbd32,0
dfaba80d-9cb2-473c-8488-c9511053f61b,0
dfb3493c-b2e7-4386-9f72-80293ecd6b38,0
dfba92d4-04a2-4c49-b911-f2201828ada5,0
dfc4650b-7535-4442-a299-cb529489bdf4,0
dfcf729d-fb63-482e-b1cb-8d163f53ddac,0
dfd4f701-6c0e-4c2a-97f9-ee82bb6420f9,0
dfde66ee-d289-49a1-8f0a-b298133df68f,0
dfe501fa-cb84-496c-b483-5e4480e4eff6,0
dfedc6b7-af9d-4cb3-9176-03cff2c77078,0
dff79510-4fd4-40cb-aad2-f3d1f2fe0c79,0
dffe3fc4-230c-47bb-96cd-af85bbf49659,0
e00345f1-b633-4380-8695-86398ee542c7,0
e00924ba-6062-4174-88a1-43922a779253,0
e0122737-9c51-4867-b288-11ab186a47c1,0
e01650b4-cdf0-4181-89f0-19129160f6b5,0
e01ecf21-d93b-4e51-8b5f-5c902a82788c,0
e02b3956-da98-4ade-bc5e-57dc062f64e3,0
e034f48d-d8b4-4b14-8f39-07049bd5119e,0
e03ad76b-4146-4661-aac3-012e3415dce6,0
e044b947-0870-4028-a7ab-68794658c876,0
e04ca3d1-6cfa-4b5e-9b44-0f07a0e6b96c,0
e0571ed3-0f8f-400b-aac1-6735736b7180,0
e0613ec1-9368-4a98-9770-229ac024cb17,0
e06dfe97-0d0f-419c-92f6-fa9238b7e026,0
e07398b6-e835-463d-9c7c-988df43c14a2,0
e07b05a3-99ae-470a-87a1-f488e4376e80,0
e0833196-d8ae-4d42-b090-cfc8fba8f921,0
e088e2ac-b74c-4d2c-9168-f6f3da7c2aaa,0
e08f56cb-9f0a-4f1f-b93d-e6069a1b0b1e,0
e0977c40-9887-4669-8f95-8d389b7b8c71,0
e0a2050f-6699-4bfa-8dc6-6c2fa58a25fa,0
e0a75ff0-3c84-4444-a9ee-bd854e8c7dc2,0
e0b422ff-e097-4cb4-b128-1843043848bf,0
e0bd7989-9d83-4ece-a9b1-4d142c5015f3,0
e0c74c70-74a2-446d-9fee-01b4e7c79a4a,0
e0d3fd41-724d-425d-842f-58e3b801c898,0
e0dbbc99-48e7-4bf6-a960-c768614b5502,0
e0e26032-a601-418b-bb22-c0e9e7243ffd,0
e0ebd073-6bfc-4738-8987-416c1cd5292c,0
e0f487c5-694e-40ee-a299-5fa9436ef402,0
e0fccb69-21ed-4dc3-b910-9c866f081e85,0
e106e781-1dee-45bf-b6b5-f99b87e80617,0
e110fb6c-063c-4268-af8e-dcd2ed476672,0
e1193583-6522-478f-b2a7-fa05694b82e3,0
e121d0c4-9a69-487c-82eb-31b487113fcd,0
e1276fdc-d340-4cc4-b771-65b1e6048b36,0
e12eba9b-094d-4a77-b716-a6532ca178c9,0
e137030b-e17f-4e14-9248-cc33d7dc1f99,0
e13d7276-381a-4446-a445-600a125bf5ec,0
e14510a6-09bd-4e0d-b8c3-8d331296ffa0,0
e14d9fa5-942e-41bf-97a3-95aa436cd93e,0
e15463c7-3373-404e-81aa-f8d8936d6a64,0
e15df229-8ab8-4745-b1a6-71167c312ea1,0
e1657c8c-f7aa-461f-8aff-775889340eff,0
e16b4976-0e76-4da7-9d78-e15295c6c686,0
e172339f-fd94-4ea9-8ed3-aa19e010ca64,0
e17ba20e-222c-4b7f-857a-8720696b4564,0
e183ef5c-8cad-4258-bbde-76a873a7405f,0
e18f2b1f-2d30-40c2-8cc1-02b2d614b814,0
e192ab11-14a0-445b-a5e2-a746273082b5,0
e19a79e9-7fee-4440-9228-0a89670b7d82,0
e1a1e860-cff8-4a4f-8f55-4e98019a5add,0
e1a933c0-0f96-482c-91b7-e2fa3fd8987c,0
e1af86e6-f74f-40f1-8c31-b77f60f5ee04,0
e1b64e14-282f-4942-9750-5651cddb62f3,0
e1c37426-a3a5-49c4-95b6-1543bf4dde62,0
e1c7f1e6-d22d-4c54-83ed-14689a6bb81f,0
e1d14304-8e33-4ce4-9f56-e8f4e73cec75,0
e1deee79-129a-4630-8820-f483b7a6c46a,0
e1e45b18-0830-4c12-a236-9d91b3807e18,0
e1eadca3-a97c-4269-a50a-9c0e456f3282,0
e1f3c2eb-b648-4f11-806e-113512be3e58,0
e201978c-c15a-4bdc-8ad0-99f57efa237d,0
e20cae38-091d-4581-ac91-f9443657526e,0
e21672e2-13b0-4f95-9c1f-0735d33b709e,0
e220091a-3507-45f4-95cc-2381e2cc2ac2,0
e2268a22-7c31-46c2-8bb8-d0a0f4661ba7,0
e22cb11c-aa68-47fb-90ee-757e973a5418,0
e233925d-9a98-4d0e-a5fa-9a1cafa6664a,0
e2397701-b5f0-4127-89df-ca44fd2d0b7e,0
e242ae0d-eaee-42e2-937f-43bf2fc3bc79,0
e24a505a-a77d-4da5-aab3-547d3caf26f3,0
e2502ff6-b787-4cdb-ad25-7cf1f572ca29,0
e2553afd-d543-417a-8ea2-8386a2d4fece,0
e25d3474-11bf-4f63-8da4-15ff8b75281a,0
e2643361-1c56-4705-bcaf-6f4de35492ee,0
e26fd356-d61d-468b-a666-772f9092a3c6,0
e27ac5f0-921d-4890-941a-d3e9794d3e8b,0
e2819a3c-b7ae-4f7c-b524-065a4579441f,0
e2883493-213c-48ac-8200-e6e2f9a71614,0
e28b4f3a-7631-462d-9f45-b6b75d6eefc0,0
e29224b3-18ef-4455-9ec3-0a90643b615b,0
e2971e31-7127-43cc-9e58-8f0e5b4faf3b,0
e29e6073-7f65-471e-b811-7c130c9f9a25,0
e2a79783-0317-420c-9189-8aa30be0b826,0
e2ace6c9-32b1-4212-8e24-c9c86c35a450,0
e2b27e10-ae30-478f-94cf-7ed0aa1a35f5,0
e2b8894c-1233-43bf-bab2-2bd39c957b1c,0
e2c0c15a-9ea4-4bb0-977b-0abe6cdfd7f6,0
e2c6cdba-f8d0-48c1-8325-0c14e67e7d78,0
e2cf4ae7-f607-4158-b90f-aef1dc6d6056,0
e2d5d8df-6197-4a3d-b28c-9bb4f651ee6d,0
e2dd67a0-81fb-4735-ba22-f2958bfc36f6,0
e2e4a91d-4f3c-433b-b262-55a95d9c9008,0
e2f460fa-da4a-4578-bf33-d22c8882d562,0
e2f7bb5b-1b93-4dca-a171-667e395d9527,0
e2fc1f11-304e-4bc8-aa0c-8753346294b4,0
e303fe59-6b25-4cc3-8b8a-d2d970fe3f69,0
e30d3a9a-2fad-4e37-bad9-ec1285156e40,0
e3114ada-bfee-4070-aabc-b0653660d5b3,0
e31a7569-6d83-4bae-8b98-0880ddfc09c6,0
e3224c26-b74b-4dc1-9ec1-4bb4662786b1,0
e32a1be3-c733-4c91-b0a7-72913994a925,0
e330aa31-bdbd-4aeb-8c26-d2be6ff3c0f7,0
e336cd54-bf95-45b5-a5cb-3b8a96ddded5,0
e347a72a-fb3e-4665-a374-8f6890dd1045,0
e34fd5b6-9891-4e1f-b057-4237a752e8fb,0
e35de4f6-aa96-459a-92ff-50622c839a6b,0
e363f379-c776-447f-8aef-67374226f1df,0
e3697c10-3b9e-43de-ad4c-5a9bcf91337f,0
e36e29f4-bf09-4dad-b5f6-75789a55ff1b,0
e3769b34-a963-48d3-92e2-b1e3c7cf39bc,0
e37dbb6b-10ab-43b7-80b2-4b9edaa35db9,0
e386ee00-6238-422e-8f97-3c26d2439a34,0
e38f4e54-31f2-4a0a-b9bf-b8706de61528,0
e39727c9-eb78-48a9-bd0f-9ec8f8dfcb0a,0
e39bea07-f4fb-43be-925f-1e2bf7ba5602,0
e3a4a1ef-c4f2-4555-aea8-ee0104d41749,0
e3a99030-9dfc-4eae-88ea-0b58f5f80b12,0
e3b8baca-7f5d-474a-afdd-4874ac2ed0e8,0
e3bebecb-3d18-48a2-8f3a-ccf4eda1ccbd,0
e3c8927b-2474-4745-baa2-cce920873fef,0
e3d3d5b0-73ea-495d-bfc7-eba5a8f1d0ca,0
e3dd77e2-0a07-44fe-bac5-1c0160bbed15,0
e3e2caaf-59fd-4b69-af26-d9aae7bbdfd8,0
e3e71d0a-811b-4a22-bb27-83f5ec7ddf6a,0
e3ec8700-a772-4410-b822-354783d17ef9,0
e3f05879-2040-49dc-8c29-8903adc0e0cc,0
e3f835d5-ccb3-4b13-a7cc-80b428ad37d5,0
e402c105-7f64-41b7-8fd7-b2e043885df2,0
e40a1aeb-732b-49bb-999c-a264ebfa7986,0
e411a488-118e-494b-b247-c42352e2479a,0
e417074a-0903-4bbf-a72c-2aa366565036,0
e41dbf11-6a2d-4c3a-bf79-b3ede66d4ccf,0
e42513c7-0178-4e2d-a9fe-987c1cd32556,0
e42ab010-8fb5-4774-b6fe-693dd34325c8,0
e4331eaf-1193-4f6f-8e6c-996dfa9abff1,0
e4392d30-5406-4436-9063-fc77486c49c2,0
e43fdd03-1e08-46db-8cb0-116788a24958,0
e444e293-ee7b-486d-b178-626a60132e50,0
e44e8ae7-fa13-4ad3-82fa-fb2553286471,0
e4548aa9-8ff8-48de-8e05-f5d3a75b4bc6,0
e45cbbc2-f918-4dd9-9427-e83d08765340,0
e464c95a-5a01-46c6-aec2-a5bf7d99c509,0
e468864f-c478-4748-a234-b15152fa5a64,0
e47200a4-9606-458d-aa5f-cbb482c8be68,0
e478868d-0f58-413c-9e02-f865d1abbbb1,0
e482977b-57bd-4229-bf3e-64a38893adc6,0
e48be340-95ba-4cee-aad4-f5bd6c2be6f6,0
e490122b-c1c6-4a67-b41d-ac9065168d73,0
e4957b51-d9c2-4d32-9121-e3f63e568085,0
e4a0c404-1ae3-43b5-9517-c672b662afa1,0
e4ad3568-84cc-40dc-8983-4735489d57f6,0
e4b54ac1-ab51-4d8d-bc09-62e8cc6bc6fc,0
e4c208f0-5d6e-41be-abcb-2d3b6c145eb0,0
e4c8b320-f83f-4722-86da-240cc5fab03e,0
e4d0539a-a3cc-44ff-8ad0-8f2cc1a893cd,0
e4d65505-6756-4516-ba91-7b473d9c742f,0
e4db6f99-225a-471a-8d4f-2e5999c831b9,0
e4e6d2da-afa1-4d34-9e8b-be3b89b9416d,0
e4ed06b2-e830-4211-911f-a48216fdcdca,0
e4f41c20-24a6-4a99-ac67-b376c48ff90d,0
e4f966ef-818f-4e68-8d38-14024c7af518,0
e4fe4eb4-00ba-453a-8305-5a33ed3346de,0
e503cf8f-aa8d-4476-b76c-25a852330dc3,0
e50aaffb-c2fa-43d1-810f-3edec915f266,0
e510ee7a-a9b3-4ef0-9b5c-71c5c88818e6,0
e51a878a-ca34-4e06-8c7f-668bc3f79fcd,0
e5249a65-5a0c-4f23-bf04-30a12faec5cc,0
e52c165c-c6f9-4cb8-a1a1-1f5368daa731,0
e532d8ef-b102-4079-8549-171c8b598805,0
e53d8594-f1bc-4a7d-a2b8-da2579a9c92d,0
e544b93e-bffa-4df0-a1ad-f42527ac9e8b,0
e54a4c89-09b4-4c9e-823e-9479800ba769,0
e552964c-880c-4bb8-a2c2-86d833779569,0
e557b472-0505-4b01-bef4-16e2b2a1a42c,0
e55e0d9a-f529-4f0c-95b2-98f1630fbf62,0
e5673919-35e6-468b-86bf-b0b71e07b57a,0
e56aad83-1e32-44fd-8067-4da30c040729,0
e5729c6e-523b-4d26-96da-2edb9fc83b57,0
e578b3ab-3bb1-4142-b574-dfe5e531d4f2,0
e57e7ec8-4dc7-44e9-9c05-d007040b5fb9,0
e58af9a2-8b1f-4d6e-bde2-3226f8499e2e,0
e593a6d4-0393-49f6-8f6f-fb3a0ebb9c90,0
e59bd359-0dc5-4a86-8fa1-76f95722b4c1,0
e5a4c431-0a7a-4473-95ca-1388a98b52fa,0
e5ab97aa-4243-4373-ad38-c1568ff9167f,0
e5b2ef71-84ef-4f51-872a-ca2f653ba33e,0
e5bbbc48-ac1f-407d-a3d1-1d8dfc5e1336,0
e5c2e823-582a-4c97-949e-03be483d611a,0
e5c9f02a-e4fa-420e-806d-e3cbcc8a9d80,0
e5d1eb01-1fc2-4ded-b6c6-b63b006151de,0
e5dba3c8-a891-4371-95d8-3ea07827e405,0
e5e0e252-30ac-4a6c-b598-0cd1617af1e4,0
e5e57679-bd4d-47ad-9f5c-9996ebf37f9f,0
e5f159ad-a349-4b83-be9f-5b2b63822bf5,0
e5fdb0be-4d99-4c37-8707-997807e94157,0
e6061e5b-4482-4cc7-b096-c26dc0b720cb,0
e60cbd7c-bbaf-4b69-8e3a-9a58a4c45452,0
e610a3f3-2026-4839-bf03-8b129f5a242c,0
e6147403-6e70-4ce5-b967-f0f396f5aeb2,0
e61ccb60-cf51-470e-8537-7280b49aa77a,0
e6263e95-cc12-4e11-9b5d-cd754d87e1c8,0
e62d40ef-76d9-4891-9854-2968fbf5bb82,0
e6372793-aa57-41b0-959d-55534c37c6b7,0
e63b624b-f854-4b1c-a7d4-5b178279cf91,0
e63fbf3d-9b1c-4413-b197-8f0d5d11a2f0,0
e64f3236-4cee-4640-bca1-58b77462eca2,0
e654f4af-5288-4dbf-a379-048d56c85636,0
e658b4ee-fe3f-45f7-af3a-f574e88c18a7,0
e661b6d0-bdc1-4b57-8d8f-de9303b6c7ca,0
e6699fc5-a7ec-4e4e-be0c-af4f72d96541,0
e66f9ac4-bb81-42a9-b561-e4130c890d34,0
e6775c5b-e4c1-45c7-ab15-3d5a853f6598,0
e67eaa8a-313b-411b-a931-cd59518488b2,0
e68274e5-63e6-453d-a9a0-5763b9b1b583,0
e6883555-0cd2-40fa-9775-f519840f28f8,0
e690b4e0-ce11-4c26-b170-d59220bf6cb4,0
e6963a67-b67f-4d33-8232-8c9303299702,0
e6a2ba9d-f757-4b56-9207-c88a128c5379,0
e6ac1b31-8bad-4de3-8061-490e23a2219c,0
e6b4bc55-51c8-4ca9-8d1b-16e18111aa12,0
e6ba3d7c-7930-4c77-a2f1-d2663570424f,0
e6c5e2e2-b283-41a9-ad73-089f1b0e2a3b,0
e6cae5bf-83a3-486f-a0ca-da81924bf238,0
e6d3c3fc-67de-423a-88c2-7b6fdc07a5de,0
e6dca0d1-77fc-4a1a-aa60-aab4ec4320fa,0
e6e378e4-ba30-4e3d-a587-1c8f58ca5276,0
e6f0d9fd-76b6-4624-b48a-a7993558b9db,0
e6f74c3b-43a7-487c-b1a9-74d11f7c06c2,0
e6fef555-6e38-40c0-a01d-c1bd4415baf8,0
e7067693-1c6d-43f1-bc7c-e935b13b4a60,0
e70ecd0e-ee1d-448b-92b9-7c153813c181,0
e7146cfd-9d82-4174-95fc-847cb5ad9ff6,0
e71fa033-c00a-464e-8c3f-0deee76025ce,0
e72a7929-aa78-400a-a097-6f311e9b8b4f,0
e7352fdd-27ce-4c89-b7fe-ddf8df7fe677,0
e739a023-d8bb-49d8-b10f-453e21202f38,0
e741789c-2e7b-4726-b08d-df7a91e5f127,0
e74f97b4-ff4a-4296-8050-0cd9b08515f2,0
e7554bf0-0b08-463a-a837-84dc48f00bac,0
e759b218-6b06-4f25-b9ef-d60223e12b93,0
e761ec80-43c5-422d-86fd-3e3f0a594032,0
e76a8a15-7ddc-4065-9d66-2bd13f429746,0
e76f7e91-5d83-4a26-856f-c860b018bb2d,0
e77518fa-5df4-4380-8c29-cb5f6cf00415,0
e77c5063-03d7-447f-8c3e-9a96a21c0ac7,0
e784551d-b109-4ed5-9c53-61e86952bf38,0
e78b939f-2652-4e87-9293-730011e0b9af,0
e796e225-8441-46f6-b05b-7ea1ed7815af,0
e79ae49a-be97-4f8e-97e5-737c790c251a,0
e7a33b56-f5cc-44af-a584-e39a063b6782,0
e7aa9cae-73c4-425b-83df-3a7e6d7650d2,0
e7b1648f-050a-492c-a12d-62aaf07355e2,0
e7bbd3ae-3660-4bf3-9df5-42c9b2f4bc0c,0
e7c02eeb-5fbb-4c29-b2ea-6c2ea0308058,0
e7c69adc-2927-4369-b8d2-64b0bfa18f9c,0
e7cd4f85-9a33-4380-9c72-942e54230d51,0
e7d7a8a4-d079-4893-848d-abfb5ce8939d,0
e7e137e7-d1a4-4712-9d80-0d7f03683585,0
e7e82ec1-a38a-4016-a66c-b3bba459a306,0
e7ec9410-7340-4ba3-8d0d-092feb80adc0,0
e7f23a0c-ce93-4124-b108-2c6414f4bb38,0
e7fbd737-fa1f-4260-8fd5-9fe59b855cd0,0
e80256da-ea91-4250-bec9-377cfe389832,0
e80c54ab-9034-4cfa-80e1-4d4d82dffb99,0
e81562f4-5c14-4cf3-a30a-828cfbd07817,0
e81dfd7d-1ef7-4325-bc53-66a611d0ca72,0
e823fdc1-fc73-4970-b105-62d5df07eda9,0
e82cef4f-0019-49a9-939d-03bf60dada8f,0
e83391f0-bf48-4520-95ef-4bf9eca2f0a6,0
e83b6220-fed9-4f68-8238-bfbd75b505fa,0
e845792c-bd70-4cb7-a400-bb91d7f00e65,0
e84ca315-67c9-4e04-8627-0ec863a5e2e0,0
e854414d-acff-4a67-9499-06fc1781b1e6,0
e85dbc99-eca2-4466-a318-12dee4485bab,0
e867c894-83cf-4561-a27d-40e0dc764738,0
e87059df-bfe5-4224-99fb-f23e4193b032,0
e874b4aa-d88a-4691-b65c-be9030c7a601,0
e87bdaa6-94c3-4269-bdb6-cb12dd464911,0
e8861644-226f-4d67-b915-117c648a7adf,0
e88e507b-794c-48d4-b8f9-39032b0fb928,0
e89daf7c-e8d9-481a-8921-9454caeb4c34,0
e8a5cf84-674d-4b88-aa14-ce38d336c640,0
e8ad4ecb-6571-4579-b4c5-f00164bd0e8c,0
e8b5302f-647e-40b3-9cc3-9b78a85356d8,0
e8baeebd-4a81-4119-b12e-8aea7e60d677,0
e8c2bc87-3991-4bcd-a0b3-cc1dd2066db0,0
e8cd81c0-9c75-4742-bb1f-45127dfd7074,0
e8d34d0d-f8f8-4dd2-b021-da67d1941c9c,0
e8de4253-d3cf-413d-ae7e-d529ad75e195,0
e8e48fc7-acc7-4183-b78a-a4edd12fa996,0
e8ebff44-0500-4d1c-a08f-f2123f9a78b3,0
e8f0e546-745c-48bf-a8a2-210b29af4eaf,0
e8fa2421-adce-4b27-99a8-ee4345594628,0
e9039a47-8125-4d46-ad4d-fe4d4ce1561b,0
e90c3ca9-2e50-4cc8-80b5-908055883b16,0
e9131a14-0bec-4579-b026-deafa86bde38,0
e91b5f67-272d-40ca-912e-e1d86841f5e7,0
e9231a4a-85b1-485a-9a3e-38f0ed922f00,0
e929979c-303e-4f74-bac8-e5265817959a,0
e9320734-c4cd-44ae-8930-a4094a9299ee,0
e9378338-dc13-4223-a650-5d85e218e618,0
e93f0bcf-d10c-405a-8b65-1cd03394a66c,0
e9500ca9-4eb6-4b1c-9e13-694462852ce3,0
e955a65f-7f6b-4e02-811c-c148d24fdae0,0
e95cce20-1ab4-4a6f-baf4-0326918ea5cd,0
e968e0ae-1f0b-49cc-8de2-afa3dd5a4a57,0
e973418a-c96d-48da-9c2f-2ad8b7eef892,0
e978ac90-3ad6-4609-9638-92cbf4ffbb04,0
e97c8353-a2c0-47da-b818-65d4443a1ede,0
e984bb08-ad8d-424e-8f33-420be7a52dab,0
e98d2fa5-3589-4f44-adb1-776b66982da7,0
e992da2a-9d30-4337-b695-72aa44627466,0
e99da9fa-2b6a-4302-ba15-68e7814a4423,0
e9a3e067-21d0-4d7e-be26-009f9398954c,0
e9aae2b6-6be7-439b-ac6f-95097cae2948,0
e9b25f1a-c20a-4315-a7a2-3f3ebbe7c79c,0
e9ba51fa-5d04-4092-9e7e-21733b146326,0
e9c4e5eb-298b-4542-a59e-d6c0051fd454,0
e9ccf84e-eadd-4351-8689-82059f7ec579,0
e9d1e9dc-40a4-4eb4-a499-35bf9a3e06a2,0
e9da9a5f-b33e-46d7-9cea-7d602586c418,0
e9e2dfca-6d65-4f0b-b817-6d13ba3199ed,0
e9e8b3eb-49aa-4304-8380-4914cd501808,0
e9f0f370-5e36-495c-b0c4-01baa8c8aef6,0
e9f97bb4-9e55-4f61-8432-ed77eda4f90b,0
ea0009be-3429-4646-abe4-fb21c2347357,0
ea0bd446-dd27-4053-969e-a9ca2200f87d,0
ea1dc0f2-2d50-4226-b861-d0ff987a45dc,0
ea2a3688-d54e-43c8-a593-c0889f293518,0
ea353092-21c5-4329-ac35-340c931035c1,0
ea3cf5e8-5650-4af3-a4c3-938a75785603,0
ea48b73d-f4ef-43fe-9f58-b8edc2ab12fb,0
ea4f0d3c-5114-41e9-838d-6e1892e6ca87,0
ea569ae4-d040-40aa-a5b6-53622e0dbe14,0
ea5c549e-2773-4319-90a6-5ca25ef04df1,0
ea64bdd8-8a83-436f-b424-878a0c8f4235,0
ea6a7bdb-74cb-43ea-909e-f1711dee9f32,0
ea7027fd-d1e0-4f30-ae66-66627ff0966c,0
ea79158e-01a8-4578-b9c1-b44e5a166f44,0
ea7f9979-8cb0-4379-a009-146efd962bb1,0
ea89bced-5968-49dc-a7ab-df9f9b3663d1,0
ea90663d-2a3f-46c6-a13a-4ff957c3ec82,0
ea996548-bc45-499e-924a-1109470df619,0
ea9f8dae-3dd3-4007-80da-4627f1c7f14b,0
eaa5530a-6ba3-4782-a982-6c12cfe20037,0
eaac59fb-31a6-4861-90f0-2f08f5898c6a,0
eab22da7-99f7-4c97-ac6d-34e2d641daae,0
eab87578-7176-4d34-b5dc-be1fd9f61e3e,0
eabf5b12-8ade-43b1-99dd-6ed8e5391fb9,0
eac6ab7f-92bd-4f49-ada3-8d307f7021c3,0
ead20f7f-89fc-4225-9bba-240c0beba62f,0
ead92b57-2f2c-4fb3-9095-475589a4c6dd,0
eadd246b-a35f-4ad8-a32b-8949ba39718f,0
eae4cb45-bec0-4eae-951b-ae56d59f2569,0
eaef1e46-62ee-4d75-be98-9db3235c70cc,0
eaf94ff7-13b3-4bfd-8286-b00ddc914a3c,0
eb02b75a-487f-4b3b-9561-376b1583187c,0
eb0acc1b-b406-4d7c-a001-c8439aa59724,0
eb160713-a13f-4d67-9d51-357a171920d0,0
eb19ae9a-5dd9-4892-94d1-fbf2fda4c42c,0
eb22aa09-8729-4e09-8556-5e48637293b1,0
eb284f1a-7252-4069-b630-7525223d66a8,0
eb2e96f0-69d6-4d9e-9b78-1c43c540176e,0
eb342e68-aee0-482d-b42c-073126b49454,0
eb3aa08f-216d-4790-9cad-f068da76f95b,0
eb41c723-567b-44ac-ad6e-68e6fd8f5803,0
eb4b1a72-e02f-4262-b421-e5c9830d9e85,0
eb51b268-cd02-41ca-bf14-d76e94ce2040,0
eb5bd91f-2ece-4787-aa62-adcf6fbe127f,0
eb69139d-0a01-4a81-8cb4-bf1cc08db4d1,0
eb71ac4d-7a64-4932-ad4f-72aec5c67212,0
eb7b3f70-0c21-4eaf-bb25-1d95f9d81282,0
eb83e0ae-27a3-423a-8d57-ffcd3510829b,0
eb8db09d-4f53-49a0-95fa-d4e641544b51,0
eb92e891-4e02-4c63-b9a5-2a850561bffb,0
eb9ae539-20f3-4a17-86d7-08d073ba7d6b,0
eba26b56-1dd2-4ff8-a0d3-eccf7a3d5858,0
eba8addb-6312-437a-a49c-4fd203b6e1ba,0
ebb1bd1e-02fc-42f8-a601-55e256726de3,0
ebbb6f07-a4ba-4ea8-baa1-16363c911151,0
ebc6b277-0982-4158-8a42-c1f4b30983bd,0
ebcc1097-c300-4a12-9a78-13ed9b405d9b,0
ebd44f4e-66b0-4ec0-af19-e88a7ee271d3,0
ebda50c2-aae5-476e-821b-395d98e93c76,0
ebde1972-6773-4d5c-ace4-4f6847bd6583,0
ebe4ff4f-29e6-4daf-b7b0-cb63165c72b0,0
ebea4eaa-6f55-4b08-b7a9-41a66480705a,0
ebf18afa-21d7-4094-8888-b1ca38a4b90d,0
ebfa2f44-769d-4bc4-855e-479b442c6c5a,0
ec0253f0-0013-4f7c-9e7c-eea6ad1be8da,0
ec0814ff-b31a-45e9-b243-a7705b109ef9,0
ec0e4ffa-b066-4b4e-b1c3-dbbe9682bebd,0
ec1547e9-eeae-4fcf-baa2-cb2f16bdd36e,0
ec1ad348-90a6-4640-b21c-246fad5f9f54,0
ec24c854-f581-4902-a3f4-2dbdc1afa76c,0
ec2b38bb-1c79-428a-bb75-0797424c01d1,0
ec34df3f-d7aa-4e05-907d-077873a03b69,0
ec43bd64-f2f9-484d-89c2-2dfcea81c228,0
ec48ae2b-568a-4564-b5ab-b40bbce0dc7f,0
ec51c2ce-1bd1-4f7e-901b-9d262c291eb8,0
ec58756a-134c-47cb-9455-20096a64c463,0
ec60e497-fed8-468a-9b7a-32157f48d812,0
ec671057-a22f-4711-9806-f084c333225a,0
ec6c6f86-336b-4855-b25a-1bad19ab4631,0
ec73eb56-12f3-4e96-bdb0-0e12488ddd74,0
ec7cf7a4-463a-4486-862e-8628e3c69786,0
ec88eb75-2f6e-4a85-97f0-9b01b36697b8,0
ec9778df-80e3-40c4-933d-edc872eda439,0
ec9f2ab5-9c18-4607-9927-235d441fa50a,0
eca7640f-328d-406e-ab79-15570145271f,0
ecad50a1-fd56-4e4c-9141-428e12a00a74,0
ecb9535b-af51-49fe-99da-cee5994c8366,0
ecc3fd5a-7c1c-4089-ad0b-24ee0903bcfd,0
ecc9e7ec-6aa2-4769-8330-661320b820be,0
eccebbec-0a57-47d7-9d5e-34e67807b928,0
ecd941e9-136f-47bb-86fa-1bb103a83b72,0
ece0d6c0-95a4-4163-b363-4abeeb725f46,0
ecec3d39-3d63-46c5-96d1-e77fd6c993db,0
ecf07658-685d-404c-bd40-363e46380803,0
ecf7e6bb-0af3-494c-a151-32302ad62a2d,0
ecfd281e-1c65-4269-9bd1-dea326cdf493,0
ed0756c8-9a81-4443-8c68-7beeee622016,0
ed0b5ad3-13e2-4fdc-9cef-50cf7412e7ea,0
ed103905-7168-413d-90b8-5bb26772c44c,0
ed1527da-3800-4e17-bfbb-b97b66ea6b05,0
ed1996b8-7fc9-42f1-8f68-534b0129c908,0
ed1fe1e8-aa6d-4503-930e-896fa698c329,0
ed25060c-dbfb-46e0-801d-d1fdebccb851,0
ed287250-ae32-4c79-9164-507cc3d44194,0
ed318e47-fe44-4afd-8f0a-c0e28aeda29c,0
ed3a0b83-f01a-433b-9c56-455ba0d0e20d,0
ed4272d4-5dfe-4be3-beb7-8b84a2fd7ea0,0
ed498101-22b2-46be-b6ae-36a5f56cd699,0
ed4ed59d-44d4-4ef1-aa2c-9c9fedb59c15,0
ed59cd98-ef82-4239-9897-16aca58fa505,0
ed5faaed-ca9e-4962-bf14-07114f6aaf80,0
ed6934fd-ef21-4fd0-9c4e-6cd56a81fa3d,0
ed77c6d4-ab3e-4baa-93f0-02a98a2854c0,0
ed7f2ff2-0951-4b6c-8ea4-62e8e2d11ace,0
ed8b3590-16f9-4c6a-8f5d-9743415efdaa,0
ed94b28c-841b-4500-bc15-30f219a56fe1,0
ed9b8638-483c-4258-ba0c-ea9376302c1c,0
eda1a3a1-ce47-44a8-8995-e5573dfd020b,0
edaac183-96ce-4963-9383-98250b1faee9,0
edb634ba-e7dd-4282-818a-c5d9757b4003,0
edbb26d9-045b-423e-9132-43c475252623,0
edbffdb7-2860-4c7a-8c0e-3ba46ea67daa,0
edc75900-7b86-4830-8010-24d27af32b23,0
edcd571c-d16d-4c8b-9428-262e63b6ff25,0
edd1d55a-7d69-4253-93f1-d528ead68e61,0
edd64cb8-5d68-4c68-acfa-33be09859fb8,0
eddcdaa6-cfed-48d6-9f92-6ebc380c91f2,0
ede38110-9e6f-4533-a703-df7cce3a310b,0
ede87371-ff6d-4fbe-b593-079b9bdfb635,0
eded8a48-3034-4af2-b53c-d91a6eb2ae8f,0
edf38eab-41f4-48b4-8ca2-fe829e9cc21a,0
edff64c2-0ab9-4c8e-b1d0-88207fdf5565,0
ee084b88-08c2-4567-bf73-6fccd3cb2aba,0
ee0f4d44-a9a6-4736-a382-7308c1ff1f04,0
ee155766-c36e-42ea-b80b-49df0465b156,0
ee1af8b0-6803-4356-97e4-642af7637786,0
ee200b23-debc-4e51-98a6-faf7dd0014d5,0
ee25dc8c-9a7b-4776-ae38-fb34277697ee,0
ee2d1765-1a79-4251-ae04-bf455bef268e,0
ee36fce2-cf86-4383-99fd-a3b1b4e427ee,0
ee3e6878-4e66-4e73-8d4b-20aa9a336e9c,0
ee44a568-6c2b-4b88-9209-3ad3ad04703b,0
ee4f0ff1-d5f4-4189-92ca-bde805268015,0
ee5c8723-28e8-49fc-85e4-4c1e7ad53de2,0
ee64d22c-e551-44a9-b56b-114ef5726c23,0
ee69acd0-5986-43fd-8eee-adbc75225d0b,0
ee709651-4ba6-40c9-9713-5f64d72216eb,0
ee7cfa11-bbd8-42da-8265-bbd8923ac598,0
ee80b08d-17cc-4667-8135-0a9af5728413,0
ee8413c4-df47-41c2-bdbb-03994a5c9c8e,0
ee8c8cca-a890-4ab3-b09b-765329b1bdf3,0
ee9094f8-a139-4b4a-a40a-e053ce4f441b,0
ee9dbfee-54d2-4dc6-b745-d8b03f2ca59d,0
eeab43ca-0397-4945-893f-51ec8c95b0a9,0
eeb26a33-7ad8-42a9-b9c3-3e9a88658d0d,0
eeb7e012-0b77-413e-97e8-3ea00b961c3a,0
eebd7045-a4ab-48dd-b425-b072b034fa94,0
eec4bc42-cd2b-4327-b594-77d6e3029535,0
eecaa476-79dd-4aa3-a394-7e4f8217ac1f,0
5193c884-dfd5-4ccf-9e07-f12f0ec31af1,0
519d4262-809c-4242-89b6-1420e9ce4d8b,0
51a29861-1fe7-43e4-a366-1c1465595516,0
51ac1195-d69a-4358-bf2d-6079522f5526,0
51b2f845-3eb0-40ec-851b-a729d33a9a32,0
51bb35db-f8af-4767-b2fb-40d831a78236,0
51c250a5-67e8-42a0-b053-50a25f66bdd4,0
51c7f757-0c40-4715-94bd-d1a3d2e9c6b9,0
51cdec89-0739-4249-bad7-0991efe72839,0
51d9bcf5-3d2f-4192-bdfc-4929164d0bd0,0
51e0ba1f-b615-42a0-ba65-eaff41b5fa8d,0
51e9c654-615b-4df0-8a46-9d4af99c9e90,0
51ee5f84-11ef-43f2-85bd-c3d1384969f2,0
51f5ed52-3106-4081-bf9d-21cc4b129bef,0
51ff48c1-c6cc-45c0-8b33-595527036da9,0
52052911-d15e-4e40-99da-15754439b3c5,0
52125496-f7e4-4c67-bef0-a3f8bb6aee2d,0
521c5f3f-f15f-4bdc-8e4c-629425949736,0
52276961-2f3e-4f06-9da4-55b1026b3058,0
522eb9b7-c53c-4c32-803a-5e6ce45940a1,0
5237ee54-3df4-47f7-96e9-7c254c8d8cdf,0
523d7dc6-b549-4d02-bb3a-54bc90fda3bd,0
52463e7c-bb42-4f48-9472-faf645ff0492,0
524d5d35-2c44-40e8-a1b0-1c6a8242b52f,0
5251ce18-e130-4a56-a800-880db574fa80,0
5259bdd5-c8fe-4d8d-ac4f-c4faeb49fb96,0
5263e50c-2332-4372-bc92-3e5b835a37dc,0
526cd7eb-d11f-4f19-9745-87ddad70fec6,0
52754db2-cc76-4435-b7e7-f00eff850e05,0
527a0f26-b66f-4a8f-b990-df2fc6e611c2,0
52825c0f-bcc2-4f09-98e9-f3f3cb8c9aff,0
528a9c4a-dcba-42c3-b499-f0e8b4dd6ded,0
528ffd10-bd58-448a-af00-e7d38f283f02,0
5294ad76-0c34-4b6f-91cb-36bec63911ba,0
52a05a84-4991-4963-bdba-8f3f60906599,0
52a63f85-56ec-41be-bab2-3e0134371c4b,0
52b01460-997a-416f-b254-7ffc686fd5c7,0
52b76263-6f30-40df-b4f9-25fd6b4f8a7a,0
52c51e14-390f-4753-b3e3-ef1ab82b15ba,0
52cf5486-7f47-408f-b04a-812da28b7363,0
52d36393-f4fe-46dc-8594-60b13f9dc4e5,0
52db1216-502f-4d3f-b697-3bd9078d4102,0
52e2e5be-2027-4353-959a-e6e464de9fc6,0
52e8ea3a-f457-4051-9e08-000672f05137,0
52ecf7ff-ab33-4fe2-9b62-449a87c97944,0
52fb75cc-1c5d-48a3-bbbd-b8a5d0cf3c4a,0
5300b3ab-3b15-448b-b2fe-d54cfc8a25b2,0
5307816c-d8c8-4e15-9137-3d5da2c17c0e,0
5314131e-e65b-4a9f-96f2-81eff6ae35a7,0
531a6f82-6346-487b-8553-a3d239c1bd80,0
532488fe-484e-4c66-bad2-bc402bb2604d,0
532979d7-299b-47ad-8e90-dce4a7c91478,0
53317bfb-69ae-4083-9dd3-4ed0235999f0,0
53378403-e1c2-497a-8ac5-2c29be20c22b,0
5341e8b5-ed63-40ce-b694-4a40aa863e67,0
534977af-b80f-4548-8b21-7b830117f992,0
534be59c-01ab-45b9-be87-363ce5b3967c,0
535185f1-bd78-40a7-ab07-94955779b25a,0
535b4153-5601-492f-9a9e-6b0bc94cec5b,0
5362461a-6428-4e02-821b-f2abe48bab08,0
5367aaa0-536f-4635-8cb1-2524fc994eea,0
5378d319-81cc-48f8-9ea4-655d8d89f0e4,0
53818d56-0f5a-44a4-97fd-b4b71d1fe4e4,0
5385c73a-0f6e-461d-a249-d98c3fa1ed69,0
538deba9-3c30-481a-a83f-47ed2f31fbaf,0
5395be37-eccf-439f-8634-4ca49ce63499,0
539ee5c3-44ef-453e-b220-3b40c2d9ec2f,0
53a789b5-a454-4547-9708-6e46f28dc22b,0
53ab53a5-b126-496f-8eb7-e73ebddfe2e5,0
53af6c4d-528b-4c55-9942-be9263e2845e,0
53b9a2ca-5e16-46dc-8200-ee8efc13b95f,0
53beaf36-53dd-42e9-a983-aacc1f4506ac,0
53c82e58-7360-45ce-8d2a-4e0486d60e05,0
53cee80f-48d1-4ba5-bec2-9667ac09db10,0
53d48a48-48db-42b7-b7d6-019202a21c18,0
53db838f-ac8f-477c-8fca-f67f78c9ffb4,0
53e0d28e-ec2e-447f-a085-ac4b0017d1fc,0
53e5a573-6f25-4c63-8574-6088af8cbbe1,0
53ea2b07-a6e9-40d0-bae6-15a372615bb2,0
53f24d6a-9663-410e-8f4a-1df7b6d9972c,0
53f83a6e-36e5-4f20-8365-c588997ea33d,0
53fe9d60-6ce6-42f1-b33e-05a90b1dd174,0
5404986f-3c30-4afe-b0e3-71e764ae7a94,0
540bdfe9-2ee1-4cb3-b8bf-c74ee8dc91de,0
5416002b-e6ae-4c7c-9798-141db8fe1014,0
541ff4d6-2990-4d02-8cac-f5510a5efae6,0
5427f92d-110a-4978-8825-6adcd5fd7977,0
542eda95-d655-45e3-9d01-5f813488b63e,0
543b17dd-7ba8-4d0d-8ce1-45153d9ce55d,0
54437bcb-af96-4b8c-be60-27d6a8645de1,0
544abb70-47db-4ecf-99ce-5517c75ae3a5,0
54547a3b-ca42-44d8-af5f-7fa1b805dd01,0
545a7cb6-8128-4ab8-9c7a-02e3cbc083c0,0
54637340-14d7-49b6-a17f-e21fad5db283,0
546a56d6-2287-4780-b494-6fcb2a849006,0
546ea941-89cf-4a63-839d-4e96de3e6711,0
54749a4c-7540-4de6-a4db-6b5d9f2fe392,0
547b52c7-59a5-4c30-889b-e2f0d71ba0eb,0
5480e9e4-fc33-48dd-b275-2806b4c06b7a,0
548ca7de-f9be-46ec-b3bc-53790c1b5880,0
5497ab3d-0cdc-49b0-b107-34a5c9f9870e,0
54a0a1d1-f92a-404e-92e7-e101fad939d2,0
54ab34cc-832c-410e-8b52-7405a960784d,0
54b0c383-18ca-4a69-b8f1-ffd6e312354d,0
54ba8b51-cc64-4074-8c3d-ab00d7d60359,0
54c486b8-b167-41e4-babd-a68997f71017,0
54ca614a-32bb-4536-9b74-c883a5e20d8b,0
54ced3ff-02ae-4890-b934-4881fb4c1695,0
54d80889-8e37-4275-9607-92b69147c96b,0
54e3bd91-cf34-40c7-a735-3e53a8b4567d,0
54ea59c6-6d1a-4747-8046-1fd90f770bbf,0
54efe308-b0cf-4ed8-a925-e0166f3ee55c,0
54f5beae-a14a-4426-9a5e-8e4bc7931b40,0
54fd5795-b89e-46ef-8152-b37bafc89925,0
5503a86d-a94d-4729-9332-e857d8f12e34,0
550ba50c-a153-4e49-9ad0-7b2641aaef90,0
55118c17-ef72-4df0-8f3d-374bff05b93f,0
551c63f8-490a-4f88-abf7-0f4f074dbede,0
5526a48e-393b-468e-87e8-3f0983762e01,0
552cd134-2f73-4bbd-b2c1-f64aff4e62ed,0
55350512-b821-4a92-9443-a631bd14237c,0
553c9950-50ff-4957-966b-70c289ef3ba6,0
55450b32-15ec-481f-b21b-4442ee2f5bb1,0
554f8344-35e6-4bee-bb00-8886059380f1,0
55595b60-a11c-4d11-8fff-b337ea217acc,0
556027da-5589-43c9-9420-dd4d3d608164,0
5564e23b-4064-4d87-9983-e84c7e136242,0
556f850e-5aad-4a62-942f-18ebd21fa27a,0
55775378-9e38-4589-9238-0978f8042948,0
5583f3a1-578d-481d-9f8d-3715d43cad29,0
559132ce-f682-4a5f-a6b7-d891513b1b82,0
5597667c-0173-4f38-ac53-2c631534c706,0
559fcbde-02b2-4478-b6e3-fe45135e1217,0
55a712b9-336c-4ed7-bb8f-a0900109f773,0
55aef694-7896-4d59-a241-7bf83ea5e223,0
55b4946a-dac7-4f01-9de1-955f794abcce,0
55bb29dd-12dd-418a-959f-6bd98d3a8d54,0
55c688ee-255a-4db5-b860-98494345eb6c,0
55cabb5c-3fd1-4153-8353-22f741f8d16d,0
55d2de82-cf7d-48b7-a74f-1285af8dd9d5,0
55daaab0-e881-4811-8676-4e46da07de37,0
55e18f26-8e0b-4d6c-85ac-7b0c02d3d68c,0
55e82230-18ee-481f-a52f-56e30e9485bc,0
55f343d7-6a35-48ac-941c-ca15119983b5,0
55fa4ae5-e643-4086-a0d9-6891d8201779,0
56011c6f-c480-4b42-8e0e-9bd0768bd997,0
5607c025-8262-4f76-988f-813d3e14158f,0
560ac258-c06a-47eb-b5c0-294c2c1e4178,0
56153cb0-05a4-412b-9d43-d7bf91a95898,0
561cc58d-cf78-4553-ae3c-f4c82d0f19a1,0
56288e65-aa21-4993-ad54-744fed5079f7,0
562ec40e-43ec-45ba-9249-c2e1b5431c53,0
563c5abc-93b9-48a2-a982-55e9eb2b1fe9,0
5642f177-bed5-4071-9521-2fef185b7e81,0
564c413b-739b-48a0-b6c4-0251e4b7e8bd,0
56534cf6-a4d3-475f-9e1c-e88e598a0007,0
56585a14-d6be-4642-a17d-ada2dc907a86,0
565ff1a9-4df6-456c-8f88-001b095edd6d,0
566b7a2e-3c53-48c3-87d1-fdef9fd95370,0
567b4586-cc94-4e3d-99be-b248d8c30961,0
5682d226-8ca2-4623-a290-e11ee5e6c6aa,0
568c45ea-6aaf-4d94-9f17-66aa16ce178c,0
56928cc6-243b-45f5-bb4a-e02b539e527f,0
569d5113-0702-4f54-980a-4b21d2d4e9b5,0
56a57a17-edc5-4c4f-9c8b-4e4a5803f655,0
56b01cc5-dfba-4872-b563-6bc2c5751688,0
56b77a38-ab1c-4025-8a66-2abc36a053f5,0
56c2649a-4b47-4d4f-bf55-a81bd3d69666,0
56c85723-0382-4c11-ae0a-09a7c6e4bfa9,0
56cdf8f0-50bf-4df8-b8d6-da62eb2717cc,0
56d52b9b-dea3-4566-98f5-c40b84a1df0b,0
56dcf4e8-42e8-427c-9ccd-80c60c2ffa04,0
56e35137-3e25-4f6f-926b-2afbd4372bec,0
56e970d9-3b64-48a4-afda-b1b5f5c63bc0,0
56f01e61-78c7-4e24-b329-573c2935f002,0
56f7bee1-d6bf-46de-b75d-02019d66e3c0,0
56fc00da-bbff-4eff-8426-4145d5e35884,0
57092564-3d2c-403b-97a1-338cbe916670,0
5711fcac-9023-4567-a4f0-d2b157881322,0
571715b2-1859-4a66-bf56-695da6a5457a,0
571f5e9a-615a-4a15-8766-72b47342e536,0
57233917-906b-4580-abf7-ee0a89d6ef26,0
572b220a-2688-49b5-a69c-6b6a24ade2f5,0
57328e59-68af-4e12-be2f-7f2984199375,0
5737461e-2126-4e1c-8482-0fda45e25230,0
573e7c51-bb63-4ad8-8e67-bd084cc6e8c9,0
5742cabe-a35c-4160-bbb4-61718a412a3b,0
574c89fa-b0e4-4e9c-8d34-454549d2de0c,0
57569b03-f67a-44d2-ab0a-759ed061dc3a,0
575eca6c-94a0-4365-a949-f52d472fcc22,0
576735ed-f8ef-43fd-8283-19d0eca7299e,0
576bee08-011d-47f8-b9ae-f8fc2bc96bba,0
577a78b0-2530-4a09-97e0-c2db8d48218b,0
578100a0-a2f0-4f79-b14f-73924be46af4,0
5786be42-d8e8-4691-ad87-5f1ba3b0e026,0
578d1d89-cd8d-4e98-97bb-97632d6b35e2,0
5795f579-70a8-4c13-8290-a9478e04d3d8,0
579d3559-f920-4258-9889-39c1b5f94dd3,0
57a6db55-d63b-4444-8e64-4f23e72f25b4,0
57b0a7b4-23d3-4cfd-8842-1f2075280dc1,0
57bb4593-fadd-42a1-972a-0c261da52804,0
57c1dfe7-c5e5-4d75-a07d-ff9b80d12599,0
57c9318a-4c9e-41b4-b88f-649ac316994f,0
57d21c8a-e179-48ec-af2f-c0a9644736ea,0
57d92abb-e122-4dbc-9fb6-23991fe7202f,0
57e00a40-7b83-4e14-9d7b-7bff0c2b9539,0
57ea551c-30d0-434e-86b5-69fd133798e2,0
57f46cae-60ec-4dd2-ae85-320462c876ff,0
580189e8-5e0a-4b1f-a93c-ca2f82c9259f,0
580984d4-ea68-4185-9a75-5ab14aae9d40,0
5813e334-3daf-4bd8-a2ad-2509cda23ee9,0
581a7fdd-799d-4728-909d-d96a265830bf,0
58230892-c33d-462c-aab5-6352cb074095,0
582fedeb-4f7a-4373-a59e-976ec5409a60,0
58355871-f77c-468b-8816-f0b4a63dc172,0
583a1211-2e42-4d4e-a183-e2d96e53f7c6,0
5843029c-42a6-498f-a8e0-23442491fa3c,0
58497f2d-3674-4616-b91f-58b903711a08,0
58544fb0-695a-41b1-8ca3-f719cfe599b5,0
58594504-6d60-4e12-80b8-88a6fa193324,0
585e8c17-e990-47c5-b3f0-8703fbb157a0,0
586533a5-700f-4cfc-abed-85ec5d619f0e,0
586be2af-ec59-4492-934d-4cecfe069f7a,0
58769b6f-59a7-4947-9176-0a93f17263f8,0
587dcfe8-db35-4a41-b20e-ecb77b04bac4,0
588526d9-251f-4279-8bc9-1531b7e591d2,0
5890cfcb-5a77-4c89-9753-1084a013cdcb,0
58959de1-114b-40cd-8d2e-52a18aa84101,0
589d5d4a-3947-4da4-91da-09d3c88c0814,0
58a2aa2c-7e9b-4fc0-86e5-06ac92186237,0
58aff421-99a0-4b7b-be8d-c81c051476a0,0
58b6e988-646a-4ac7-8d40-b61695c49685,0
58beb864-8d9b-4380-8780-8c65538f5be3,0
58c777bb-1edd-4491-985c-6f4a8f5de4a9,0
58ce2210-dc14-48a0-93b0-35ceb00d58b0,0
58d78d26-e3c3-4e92-8bc5-cbb5f4678941,0
58e0896c-256d-4fad-a1b1-db06ca93bb9f,0
58e7aa8f-83db-485f-a935-820d7b1e6201,0
58ed51f1-03eb-41ee-af03-94930635eefa,0
58f55245-9d38-4091-a05e-94399bb95fd4,0
58fc0472-2f6b-43f1-9ca3-649753979337,0
59041b49-c71a-42d9-b518-963f94795d88,0
590d9cba-8f5c-45fd-967e-5ca6ccbe2c82,0
5918b740-bc82-4194-80c4-014be7ed053c,0
591bb612-795a-4586-b925-928efed0976e,0
5923ff66-2364-4b94-b71b-1d8ce24eaa26,0
592b6d14-3d84-4c6f-9480-c1fdad6f82ae,0
5934a4cf-afed-4985-84f5-9dda0395ed85,0
593dc58b-8491-43a0-943b-bd0b69c6cd2a,0
594b3e87-47ee-4653-87cf-5ef9a8692976,0
59520dbd-4216-487f-ad67-e70ab2cee776,0
595a6b69-6730-452b-a43e-b10a60cd22c3,0
5960f1ed-5d8c-40c6-b969-68d42332fb25,0
5967a447-3c34-46a8-a430-dae7c3ad7575,0
597010bf-af95-4f2f-be37-d66b6c6172e4,0
597cd770-b2eb-4d51-b80d-29f5e0091bd9,0
59833d93-f7fe-49e8-95b5-aff4dd50ebf6,0
59886a3f-ad0e-49b9-b848-33aff658bbba,0
598ef30f-73d4-40b6-a90d-099583e86d58,0
5998ea58-934c-4fd2-9405-4e45d6d2989a,0
599f908a-e278-48ec-8c21-9c8c2bd39225,0
59a8b6a1-e3dd-460c-99f8-1776419b3c10,0
59afdee5-59f1-4528-9c29-1e4ea8e9ef6e,0
59b33189-4c19-4e5e-9bd6-e79e1355ae1b,0
59be2ae6-2d04-4883-a78c-ae0fcc8a42fe,0
59c4ca83-d132-4be5-8754-2832582bf1f3,0
59cce4c8-7098-45a9-8104-0989b6f327c5,0
59d80227-8c49-4c3e-affd-081e5ff3f082,0
59dd24a9-71d9-4e33-adc5-1ff7fd8a6bb2,0
59e90423-7882-43f4-adcb-17a217880cbf,0
59f139c7-1c63-459f-b4b8-1871b6a51c70,0
59f937ad-7836-4a5a-ba13-3d9b6e943d2c,0
5a05a71d-4ff0-43ac-8723-a1b45d05bd7e,0
5a0b77e0-1ff7-4227-9ce0-0246492cc1d0,0
5a1369cd-5057-4f1a-84af-5741a3120c43,0
5a1f7d23-233f-4512-85aa-e29798e74ba0,0
5a252a9e-fa22-4bd4-ad84-58af0ed21f15,0
5a2a3eb1-7c2b-47eb-8c5c-9c07edb21cf1,0
5a3409ea-1cae-4f35-b27d-e31aa3275cdb,0
5a3ac616-07ad-4da7-9b60-45f547a9c428,0
5a431424-dc12-4145-8ff3-850445c300d7,0
5a47f8c0-5812-4db2-a136-4fddacb3085c,0
5a4f4665-fab6-41f3-b146-d9b4057ad5fc,0
5a584430-7a69-44de-92ca-51084997fa1e,0
5a627798-ad2f-4f18-9176-27e79ac66fdd,0
5a67959b-2449-4de9-ac87-8ddc9f743760,0
5a701250-a01e-4526-89f7-7edfc30a9a8b,0
5a75a798-8e63-4481-80c6-139749f90fdc,0
5a7bc17d-2939-4661-b66d-ad941654344e,0
5a802191-a153-46af-8654-431a458bc45c,0
5a89279f-aefa-481d-92e5-c04432a1d490,0
5a8feda9-3deb-49ed-b920-244902f4de50,0
5a9536c6-c086-4d0e-8df1-63f545d87e45,0
5a9aaa19-bd4a-43ee-9185-7249029a522d,0
5aa2acf3-52f8-457a-a0db-e84fb2220954,0
5aaf12b3-5de4-444f-8671-84894487ff06,0
5ab37195-39ea-4a1b-b14f-d90884a11265,0
5abb091c-f384-487f-8e7a-085e904a8d28,0
5ac41eaf-1dfd-4986-b88e-be1fd77b3698,0
5ac9bd4f-933a-4406-9134-5647471d0bbe,0
5ad44462-fc1d-4990-b74d-56e20c74a0ea,0
5add987d-ec53-4281-a777-7365d1da05c6,0
5ae4a3c6-e66a-404b-a647-7efb172058d6,0
5aed9564-d7ef-4f5f-b47e-5bf5592fde3c,0
5af4ad89-1d27-4b2c-8d06-71e594e8548a,0
5afc8532-ef4b-4e91-91b7-3729ba2d7058,0
5b0678f8-925c-48aa-9c9d-cd939fabe7fa,0
5b0a6405-d05b-430a-84d6-23c990b408fa,0
5b13550f-c9da-411f-aa4c-6541bdbbd712,0
5b1b38a9-f14e-49f4-9c81-f7b7b6c6f9a5,0
5b21a36b-d11e-484e-a43f-c557764809fe,0
5b330f3b-a7e6-41d8-96d0-bc2fc0c9efa5,0
5b3cc800-0547-47ec-865a-1627b40f0287,0
5b434a10-6015-4520-a4c2-733f6e0bcffe,0
5b4f7293-483a-455e-9d7b-c5605d633080,0
5b59d8a8-09e1-45c9-8afb-b391f45594b4,0
5b64764a-3b3e-4c32-9559-d3c12126c12e,0
5b6ce26d-2513-4265-b925-3a57afe0a68f,0
5b729c69-08d8-4547-8e37-eed2d3b93ad4,0
5b7f9d9d-d62c-47d6-b68b-9fe990fa137e,0
5b8ce27c-7bee-4683-a4bd-161e1fed1a9b,0
5b94b92c-25b9-4420-b679-0f0cc3fcc1fc,0
5b9a9f74-0fde-40a2-91cf-663b92185126,0
5ba14aa2-1898-4d48-acf0-a4a99e765f11,0
5bace9ce-d77f-4bcc-959b-4509cabcc11c,0
5bb43f11-129c-425e-8a6d-3f26a5852fa6,0
5bba95ec-e1e3-4318-8692-a7ed8c9a38a0,0
5bc4422e-8d4f-4968-b4ad-2a6821039eee,0
5bcb22b2-569b-465b-8019-e86757c7e462,0
5bd3f89a-0682-4b5e-90a0-f57db3b7402a,0
5bde1533-fee2-4097-ac10-05e936fe4daf,0
5be57e91-791d-4075-a53b-566f91e50427,0
5bee7d2d-e506-48e2-9762-a2be5b104648,0
5bf81abf-8913-4d99-aca9-a2f05b891c1f,0
5c03a21f-d740-4de2-9553-ed9a6090616d,0
5c0935c6-66f9-477d-b511-8678db7d8620,0
5c116d15-2c4d-41f0-a45c-31cf5b1e3e15,0
5c18181f-197a-42a9-a8fb-3e4bee22c1b2,0
5c23d674-a8f8-4dc8-aff7-1c1ab1e50440,0
5c26f2f2-ae67-4fc9-8960-cf1202a918d2,0
5c3012d2-1367-4157-aee5-586771b8437a,0
5c357e65-708e-4284-bd6e-dcf58f159111,0
5c3dff68-713f-4ae0-bee9-4e48d12e68f8,0
5c473ce5-bcef-4da4-b995-ab7a7f1f64fb,0
5c4e01e5-0b42-4878-b458-050a77a0f106,0
5c53ca4c-fa3d-409a-9ce0-ff2010f7815e,0
5c59dac2-00e8-4efd-9a94-90f34a400e19,0
5c60209c-37cf-44ea-9ea1-f6b0df0cffa6,0
5c66f00c-8a91-463a-b514-5eb362e64b56,0
5c71c49c-3604-4806-a1a7-2a1e79f27e8c,0
5c7d784c-7be0-4ec5-9e7d-87a3412b91bc,0
5c8aa1b0-44d1-4920-92fc-8439a34b2304,0
5c92b144-13f4-4b80-a823-efdd7838489b,0
5c984b20-8e4a-4bf4-b068-0e341dc9b6cf,0
5ca11559-9176-49c5-b2cd-1d399b0413e3,0
5ca80a1b-7f73-4bc2-971a-60c373d62d3f,0
5cae5ce7-6476-4c35-8e58-945751c013a6,0
5cb396ca-0aec-4097-8124-99934cf0ca88,0
5cb74d09-a992-4863-b17e-59f8c958b91e,0
5cc02928-ca5c-45fa-8ac7-6e32d4f3bd96,0
5cc8adf4-0461-4290-920c-7d51b8b76145,0
5cce99f7-25fd-489a-b182-b7e9225a45c3,0
5cd5905e-8a72-4286-b119-3200fb7cce8e,0
5cdda424-10c9-4b0e-9f8b-833663887c48,0
5ce2f2ed-81be-4a3e-a355-547d42d1707c,0
5ce82ee7-fa8d-4d7c-9bae-d4736861e335,0
5cf2a9fb-5096-468c-974a-a4e29eb28667,0
5cf89ace-1dfe-44e3-8173-245bce3c415f,0
5cff2cdb-6069-4dec-8cf3-429d53a4ba5d,0
5d06909d-22c4-4317-a900-1aab921cb8f2,0
5d0d1c8e-b08a-4fba-afe5-d1894d5851a0,0
5d161a25-f618-4c74-8442-23371f147f7f,0
5d1ec9ed-5f72-4e7f-839b-5278a2c15872,0
5d25fe40-3c1d-451f-9fed-215fcceeaed7,0
5d2be11c-a48f-48bd-8611-57d42479a60d,0
5d307e89-577c-4fcd-95b9-b59f1274a606,0
5d3701d7-a267-44a8-82cd-88b7ffef314c,0
5d3fc0c8-ed90-4f96-b071-75013a654502,0
5d47fb89-a100-4cb1-a26f-a4998d91dda5,0
5d50de05-c245-429f-9f85-a5b4320389d4,0
5d584ae5-237c-4d16-9d76-6c6120d9ba7e,0
5d61a078-be67-42cb-9167-d0965c754951,0
5d679555-1c05-49bc-9c7e-039653ad712a,0
5d6e44cd-0a8f-4078-a5a4-f91c972b06c6,0
5d73feac-90d7-4711-8ce5-232d42947d2f,0
5d7ace2a-f4b1-4613-9b20-7f52c76685f2,0
5d83b9b5-1826-44eb-b4bc-f533c50b9aa2,0
5d8834f3-6197-452d-808b-bb2d0e968d68,0
5d92d959-c059-4541-885a-9e25b9b40566,0
5d9bc023-a412-4d2d-907a-c5d5c97fb3a0,0
5da42e04-4f96-4b13-b7f3-be86ab4f5eaf,0
5da9d85f-d24c-4db8-a118-f6f81d55ca4f,0
5dafdd42-697b-4a73-97a7-7d309d934a21,0
5db80a03-eb39-406a-bfd1-ed403b41513a,0
5dbec306-13d9-4587-9a05-c3e3b2310a54,0
5dc67c25-f386-4225-951e-a083a01b212c,0
5dcae7b0-44d3-4778-82e0-3abaa28feae3,0
5dd28ec2-c627-47fb-be18-33618604a0b6,0
5dd86b3b-4796-4355-9ce2-d497e4430e61,0
5dde19cc-36c6-4ce0-9425-35f01b2ceb16,0
5de9c71a-7bc4-4f44-af2b-192c8988decb,0
5df05924-6273-4a44-a193-91531b3706d6,0
5df8a6ee-0ac4-4ba0-98a4-6a4d6e7d652a,0
5dff0bc8-f4eb-4d31-b5cb-48fb506e2255,0
5e04e6b2-9df7-4c1c-b87a-997e3c513d30,0
5e0a03ee-18db-4fcd-872c-41fa857afe87,0
5e0ec95d-8647-4673-a62b-7b3549a885f7,0
5e1387b6-93a1-49fc-a594-17f595956484,0
5e1ab79d-9907-44d1-b295-037cc3b79ce8,0
5e202f66-6d18-4615-b9c5-2df7253e3c72,0
5e29c99d-883c-401b-b18a-1169536f95f8,0
5e305dd3-8540-4527-9189-048d5f0ad52b,0
5e35ef1a-1a3c-4fc3-b486-d1e932ba37f1,0
5e41d0cc-5bd3-4c1b-ae6c-f76f6bbbf87f,0
5e493e98-9e66-45b1-8fe0-a4f0e1e5fd8f,0
5e50e671-0207-4292-94af-cad27a536af1,0
5e579ea2-ca20-4107-b65b-7d0594fa47f6,0
5e5f7fe6-044c-40a1-92e7-34493de661b4,0
5e67652c-3e65-436d-9252-b80cb1c6e2ac,0
5e6e1e06-1ab3-4ea5-a5ad-a0909a4492b6,0
5e755828-4c57-4752-af7f-1f338960ad53,0
5e7d82e4-a695-49b6-8b83-4a5188c5e424,0
5e82a0ab-decc-45c5-a3cb-b42efcfb8daf,0
5e8b091f-f06e-4f17-aa04-57e7265e57e8,0
5e9627cc-fae1-49ff-a5ae-dac82d1eabbe,0
5e9da889-f2d4-4f88-b851-6a19f50e8c5a,0
5ea9fe94-22b1-422d-b0a2-13dfd9659d46,0
5eb1df09-0458-456e-8661-b4f6a51a9e28,0
5ebaef39-ad00-4b76-b433-6ecccd105586,0
5ec0d871-52ad-4b9e-b0e2-7b2e102a121a,0
5ec6721e-dbd9-443e-bade-c6b0cb9bdce1,0
5ecdd249-243b-43ae-85b4-6743ff6cf51a,0
5ed58097-585b-4f82-b300-a90ce4eeec11,0
5eda3e3e-24d6-45d9-a6e3-5fd1414cdb53,0
5edf23c9-e761-4d1e-b1ae-9f1f996d3ab3,0
5ee35ad4-9522-43d0-9769-d0aa3cb763eb,0
5eefb08e-a4c5-4228-87c0-6be9e301c9b6,0
5ef62d72-9858-4712-8c09-87e5113a18c9,0
5ef9fdef-3238-44fa-bfc3-0bb0f390c580,0
5f02ff37-6abf-44bf-8df2-c3a874ab0d41,0
5f09ee39-3b94-47fb-a657-0ecd0a2ab132,0
5f109855-14d3-47aa-a371-eacc841582ca,0
5f194e30-9ac9-41d5-8dcb-ded431a099a2,0
5f1fb637-8eae-44af-a37f-9ee7227b38f4,0
5f275e9c-7865-40a9-bd41-5621cf283679,0
5f2ef257-4207-49fd-8768-f50f85aeb79b,0
5f32bf6c-9fdc-488f-ad18-e3bea7470a9a,0
5f37df97-1873-4ccc-8176-2b02bb204f06,0
5f3f2a4a-e281-488f-91c9-2d9f396da695,0
5f46cd47-3e0e-4ccf-abb0-720b7500b7e1,0
5f4c14df-c6fc-4d33-86f2-b53b9d856cb4,0
5f5b05c6-363d-44da-ab47-f88d2ca11488,0
5f615e10-5908-43d7-a9df-24b23742b1ef,0
5f6a66fe-7662-44bd-8b07-749c9a4d29b5,0
5f7190e0-ac33-4806-87bd-a8aa4ebefc62,0
5f77435f-fc0a-402f-9895-e2a21e7232ab,0
5f7fbebb-3b25-4040-9213-7d76f3a378c9,0
5f842a95-b4db-4586-9b7f-6b31dc8aeaf9,0
5f881cdb-f0ed-4035-9d92-127bb30424bc,0
5f938d75-152e-46bc-9940-78b3c88e11d9,0
5f98b2ae-2560-49a3-8012-1530820a006d,0
5fa1408d-299e-4d51-9c1b-c2fa69f91172,0
5fa9a999-f62a-4bc3-a19a-685c8015ef63,0
5faf86ed-2e64-44a2-a8f5-49fdb7a2c42f,0
5fb7b1ac-bde2-47a6-9d3c-ef809ffa00cf,0
5fc00e82-9774-4c78-99a1-4f17ba083840,0
5fc8ca3d-7286-45af-9068-824d9bde2793,0
5fd2b352-74db-4f1d-9e23-4cac041de561,0
5fdd3a22-12d8-4080-9e52-16ba031e0a88,0
5fe5a879-5f9d-4b12-8dd4-84d7811bec7e,0
5fec1e8b-e5f9-4eab-9316-d5b5f71f5238,0
5ff72c23-7537-4b1b-91fc-d34671a3109e,0
5ffa2436-e63c-4018-9ade-8103629111ab,0
5ffd71b8-314b-495d-84f6-1a11321ede3b,0
600580fd-db3f-4d09-aab2-dba2e3582ede,0
600f5103-c029-4aa3-abc0-c77eea1b9a5e,0
6015799d-76e6-46af-bad5-4baafccb9e44,0
601be9b3-1370-420e-8b57-7018f896b625,0
6028f54e-4a1e-4276-8c2d-cb52f2851fbc,0
60300dfa-9c94-4ae1-b9c7-fd29a435d5c9,0
603c6b35-54fa-4ea7-a5bb-7b19ab541929,0
603ff9dc-3ce4-4433-9246-3913216f1b21,0
6044d7f6-bfe2-49b4-b468-8e7d2f819abb,0
604b6e0d-8271-48c0-a860-c461490a9fbf,0
6052daa1-71db-4efd-a1d2-9a51805cb77d,0
6058041f-3d4b-455c-a155-5cb9ef3e0435,0
605e8363-9923-475f-a77f-33104f31315f,0
60680936-b3e6-4875-b7b8-a9da202a3caf,0
60705894-919b-4168-a4bf-4f59094ec0c5,0
607cf874-cd86-4b10-8a08-f0a28d2abbac,0
608107c2-bde9-4138-b8ef-4afd8dd59ad7,0
6088991b-5e81-4322-ab5c-4eb50f6f6239,0
6091957e-b043-4f0b-bd4a-7152c006e855,0
609cb716-8da9-4e12-8766-7d1c0caea300,0
60a62c59-d38f-43a3-ba32-8193ea0d2652,0
60b09b61-526c-4cdd-ae7e-df2a7b68b851,0
60b8b073-0506-46a8-b784-ba56871c146b,0
60c0ae20-9d4d-45a0-8a29-6d2e0d2f4da5,0
60ca03d0-237f-4560-9ed7-749531d12c71,0
60cc9948-f624-4300-ac52-4fefe7a54b2b,0
60d48075-190f-4496-a95f-59a73d67aa0d,0
60dc69d2-b33e-4c06-9f3a-44087a14a67d,0
60e59731-3110-40fa-bff8-1926e623fe31,0
60ed2ccc-5aa3-4571-ba9e-ba62930ded51,0
60f15699-62d5-409e-8c54-fbfe772a538e,0
60f9f6ed-087e-4fb8-8575-21050ee36c96,0
6100b8ee-de1f-4766-8bb1-58e7cfb9b74e,0
610beca2-8644-4446-9fd6-baf4e513712b,0
61118ab3-c01d-424c-9cf3-dbe08e6112ae,0
6116e827-33d4-451c-a897-83399b879534,0
611ebdc5-7bcf-475e-806d-706ccb9952b3,0
61296d2c-a6b7-46e3-a4cb-d14ab3ae1d5a,0
613030ec-ea72-4c34-aec2-cf83e085233f,0
613ed657-8b5a-467a-9baa-155b9669627f,0
61474ba4-b8e8-48ca-a27d-372311aea3f3,0
6151236f-26de-486a-9348-0de8eb61cce2,0
615a2c17-0f7d-423a-98a9-9c5bc8b97bf9,0
6165c98b-5876-4ab0-9e97-4211f7648361,0
616d32da-663d-4be9-a6be-762af11db90e,0
61706a4a-19ef-4e8f-a57a-710cae36c4e3,0
6179ce70-56f6-4b50-8136-769f27c0753a,0
61821ded-142a-4b32-8d09-5dfd1e5c972a,0
618a26a9-61a9-45e1-82dd-12147b901217,0
6193d352-89e1-476c-a0e0-a1d83f1df354,0
619bd1c7-6ef8-4b72-9b38-7354f10f0ba1,0
61a26bb6-afa4-47f5-a688-e9cc282e7313,0
61a7f7fe-7e1e-4d2a-9689-bbc3a9f0682e,0
61ace9db-27ad-48c0-b1a5-76fc946d63e0,0
61b6e1ac-cd6b-45ee-abf2-e0e8964c6b7c,0
61c16f69-04bb-4cad-8e95-7ccfb82b3d21,0
61c3fcdc-a66b-4932-bab6-4307d2129a04,0
61cfb767-f6c2-4822-9ee8-a75dcb42708e,0
61d3dd32-5f46-46cd-840e-6d2e0967d87a,0
61dd4ab0-c00c-429b-aa5e-c489ec23ffc3,0
61ea969b-3ad6-45a6-92d3-7ae3a0a2d68b,0
61f78de9-8c57-44ef-a507-ae9e9f2b1baf,0
61ff2b4b-dbd4-4e9f-82e9-800ff0eb2238,0
6206aadb-f54b-45ea-b0f8-892c83199923,0
620e8455-bf0b-4b23-a045-ff8d949b9ae2,0
62166c89-e4ec-493b-a463-a4f4432e05e8,0
621bda6e-d5db-45b8-a5cd-47eeb3ffdc51,0
6225f4e9-71a4-44a2-b234-91ccfd1829be,0
62317997-867e-45bf-af7f-804215f4d2b3,0
623a7606-e20c-4e9d-b87a-fd9ff449f32b,0
62430a8a-4f17-48b2-83f2-d958b4424b4c,0
62493bf2-ffeb-4d85-acbc-ed5e170e8ddb,0
6250bccd-dcb2-4de0-8e47-7364b610fbcf,0
62577d68-78e8-43cc-b2cd-4ed7cad00c38,0
625f29bd-75cc-4d77-b781-9660b19cfea5,0
626a75f4-6b5e-4288-b9e4-60f85948faef,0
6275f948-6c34-4243-ad97-7607bb838bb8,0
627c79fe-d63c-4aba-adb7-c360e10d90c7,0
6285f65b-1e7c-4aa0-aa60-e4431a91c843,0
628be4c7-ad55-49f5-bc44-34c25a18f68f,0
6296bf75-9fb0-43be-8ad5-f55ae20e021b,0
629e0855-e31e-49cd-a077-acde312b0974,0
62a5609b-08bc-481c-8b35-51b296e4d828,0
62ae25bc-bfcc-4234-936e-91833401d93f,0
62b580a7-36db-436d-908c-4bd10ef43191,0
62bd7776-eed0-44c8-99f1-dfbac56c816a,0
62c462ac-0df5-42b6-abb2-9a10e0511afc,0
62cb2cd8-0227-4fcc-84bb-a899d678d69e,0
62d3ed22-08bf-43a5-895c-6e1e83af0688,0
62dda202-20f1-4590-84c6-a0102afb4433,0
62e1483b-ca85-4c8c-bede-c0fb7ee6b733,0
62ebd112-cc79-49c3-9a76-23035e1fbf4b,0
62f537d0-cc2f-4b44-a228-d374236ace16,0
62f95d85-7a13-4d76-be1f-6b18733f3ad6,0
62fd6161-c034-4272-aa43-3ecb9cb71286,0
63071c15-332d-4c13-beb0-cfc346cd42b6,0
630c65d5-eec4-4755-b0cc-01d8c2b3fd33,0
6319a828-d969-45d4-a8a1-46c10887c893,0
6323fc49-4d3b-4a77-a414-7e2375a8de42,0
6329baa5-3ee6-4ce9-9656-87aed440273b,0
63303863-b414-4609-8f39-8eb31a280938,0
6334cca2-a32b-46fb-bad1-c6a2690858c8,0
633aa2bf-6372-4624-8ed5-e15d84fa2636,0
633f6e5c-043f-4ca9-aec7-0e6dc75a4351,0
6348b79f-4f51-4bd6-8748-4de286b7dd3a,0
634fa404-a771-4401-88ea-2315aee04eae,0
635c3354-6a87-4cab-9760-44388d08d9a6,0
6363f5eb-d8ab-4301-8f26-af64f8c0150a,0
636a5f72-31ac-4b04-97f4-f09242edbc64,0
63717ada-f5ae-4dd9-a560-d07a3374c026,0
6378339c-d060-4fd6-90e4-d4b042690cf4,0
638085d2-8cf6-40fe-bf7a-faa32d7f1456,0
6386ccb0-3c6d-4349-8db1-c3fa17ea0781,0
638d0f93-7f28-4ad9-b5e9-082de6a80a26,0
63963541-2b56-4f12-8b67-c09d980a7ce7,0
639a6f64-c653-414f-9040-de735de10836,0
639fd847-a8d5-49ea-8718-a2e565b42cb6,0
63a809b6-ceac-4180-8c66-6f0b558fe4a3,0
63ae77f2-d460-451a-8a53-9f0d99aaddc4,0
63b703f8-ae49-43a9-a67b-db35caad5037,0
63be11ef-3093-42b2-ab9a-1847dc198189,0
63c21293-9c8b-46ac-bc44-c6845a044123,0
63cc73e4-0bfc-4b30-80c9-805ea332cfdd,0
63d53d9c-570e-4eb8-a5c0-feadb86941a9,0
63e353f9-41a5-4a04-b0c7-2bbf0c85b806,0
63ea56bf-331d-4072-90f3-83f5de811902,0
63f3d5f9-0470-4e6c-88b0-6c89d1ada0c7,0
63fac6b0-ff70-4dbd-9f99-d7e6b74ccb3a,0
63ff7090-075a-4e83-a56b-378ce38b5d77,0
6408592b-75c2-4413-b7dc-d71441f35a68,0
640c876c-d2f5-406c-9218-1d84dcdae269,0
641ab6ae-e5f6-4fd4-8069-73ea7474a83c,0
641faeb5-4d0e-401e-9986-489bef3a7b2b,0
6429524f-3a48-43d6-9212-9fc37e7849da,0
642dd579-76c0-4946-b8df-8797a9cf309a,0
64327539-79e5-42a9-a7cb-fa85c359b4db,0
643f0095-6bd1-4acb-a249-8e7dd21d9c74,0
6445ffe1-2e96-4cd1-a25a-4ecf3f165f64,0
644ed1d6-f8f1-4f53-88f3-93d66915590c,0
64576edb-fe58-47ab-93b1-ccd8eefe84a2,0
6463257c-e533-453b-bbbb-8c540801dc10,0
646d7d8e-b26f-482e-b0a5-988237656503,0
64738184-4537-4a2b-bc05-4013f09628f0,0
6479bac3-75b0-4306-9651-759516a61369,0
647e3db7-7975-41c5-8dc4-94279a0c1a50,0
6485203c-bed4-46b8-8b7e-ce6c143d752c,0
648db613-b841-40c6-aa27-2a3e62f0d950,0
6493003e-fd4e-4569-baec-dffa698adefc,0
649dbffd-49ec-4afb-b01f-3b6e506d3817,0
64a61a05-6670-4e47-a5f6-4784df33b889,0
64ae938d-ed59-4063-9d97-e9ce7012ba96,0
64bbe6c2-382e-4748-8ec2-4ff0676fd278,0
64c4fcc8-bf9e-47dc-ae13-5f3f74a0dd37,0
64ccbe08-88d3-4340-957c-8414593cff3b,0
64d3fc7f-6754-4327-a3a2-584eac6710eb,0
64d93ff1-7300-4238-b209-e382ffc756c6,0
64e9d68b-3ecb-46f4-85e2-bd6bd6fe20bd,0
64f492a5-e375-494f-98a3-9d5f0a6712c8,0
65005262-9422-4507-bdb0-1aba7f4586df,0
6506b230-fe1e-4b30-9f5d-74ac7e4c72fc,0
650f76e5-25b6-4ba5-bb1e-9e20acb69d46,0
6514fdfe-50ca-4bff-865d-c0229fad6042,0
651aa000-3508-4dd7-b4ee-3356189603ee,0
65227986-cc4c-4da2-9f20-9adf127074a8,0
652a4c58-2315-46bb-9835-384cb405516f,0
653401ec-8e48-4ce1-a58c-beb201970ce6,0
653b903b-3458-4bb8-ad5c-a15508491e29,0
6540e528-f516-46af-92d6-3107991830a5,0
65465671-07f7-441e-aa3c-a0d76a9497e2,0
654b937e-a08f-4c2e-a21c-5e5045739cb5,0
6551cb8e-b133-4081-a04e-ea7cdb22297a,0
6556b43b-9b30-4d24-9252-e1587b6c02b7,0
65615ecc-872e-4111-869e-bf96f5d946f5,0
65681cdd-c1ed-48e8-9d34-6168bf633453,0
656e2895-021c-4cab-b651-58d73a88d7b7,0
65773313-172f-4ced-a3fe-f5b0a9245975,0
6585737e-1255-4e6e-b0a8-0d82cab55fb7,0
658c984e-5ed3-48ec-a3f2-4f34d0e3e7f4,0
65942625-280e-46b3-bc12-806ebdaa1fd8,0
659b1672-c848-4f5b-8829-97e388581806,0
65a69117-b43f-4588-a27d-a6be863ad7ee,0
65ac84a0-6742-4059-9a52-05b09b0f9afe,0
65b4abc3-0054-4ed1-b987-43c77757d678,0
65bddcb6-d5c1-4e88-8569-e654bd290023,0
65c61be2-948b-46a1-916d-c8f45da33d52,0
65ccd5ba-0ef7-4599-a8ca-3fb8c243ad7e,0
65d14778-83bb-4d78-bf7a-5545a0060db4,0
65dace8f-914a-4483-8bab-3c5f54fc50b4,0
65e0f672-1ab5-4b83-a813-6db3b4fd0423,0
65eb397f-73e8-41ef-836b-aeff8510c791,0
65f06f5b-6c72-40d6-af96-67b597527482,0
65f8ba3d-01fa-49b0-b858-66b77d0330ac,0
6600c8bf-efdc-440a-88f8-b1ac6bdb3445,0
66056b5b-bf08-437d-84ba-8e831131d363,0
660d521f-dfdf-45ac-b0ad-c0c3e77741d9,0
66126683-d884-465a-9db7-1a054971842c,0
6617a3b6-48c9-4949-aa19-3f77ad7abec3,0
661d98a1-42c9-454f-9cb1-3f9c1c012165,0
66225786-e437-4bcd-b4e1-2d38cd299d0d,0
6627e83f-7328-40f1-8869-65787b66188f,0
6630fd06-db3b-4f79-a77a-e63987f92547,0
66386cd7-59e5-4fcd-9e24-a63419580548,0
6641d028-b9bf-464e-afcc-ced9df7ed7a6,0
66489400-4146-4e1a-ae86-5b6bb37b30ad,0
6652e624-26fc-4b92-b9db-59f6d00f0147,0
665d975f-f59b-45ce-9fb5-b95d257140cb,0
6665da65-69b0-4a1a-b3c9-7001d6e37c20,0
666c5290-7d97-48e1-b333-27368af9868d,0
6676da07-836f-4dd4-9b17-7eb634caff17,0
667f5934-e99a-4827-9460-a066ed3d1fe7,0
668b57d1-020e-4a6f-bd2c-c803e31060a4,0
6697c9e0-29a5-43b1-8c6b-bedee194fdba,0
669e0c2c-be87-4345-9733-ac580d270733,0
66a41207-e5f1-48a2-a778-5c0c0ffd57bf,0
66b0e04e-1f3e-4cb6-ba41-8379e8f7a055,0
66b6a9fc-da17-4b1d-8390-064819c65a42,0
66bc6c7d-fcec-46f8-91a2-5683d563a4c7,0
66c0fc33-f109-4c1f-a968-6c0f22ee7789,0
66c7ef10-cf34-4ae8-8f27-b904b0a191ad,0
66cca988-edb6-4e33-b2cb-8f53fc2cb332,0
66d24549-54b3-42f7-8ab0-3836788e460d,0
66d82238-8a7b-4436-8508-16fbda8a2c8c,0
66df8b41-20c7-490d-98da-9eaab2f663fe,0
66e546f6-af38-42cd-8008-7a3b873a5a13,0
66ea96b6-64f5-45cb-8332-f825c43d3f1a,0
66f2ae47-30e7-4537-95fb-64819f300efa,0
66f52b66-88e5-4b01-ac42-ef760f9509d8,0
66fea39b-b962-427b-8ff4-50fa6365dd75,0
67035aff-6baa-450a-a0fe-7bf296317aa7,0
670f7854-277d-49d9-b445-a3a92294b1fd,0
6718fd7b-bd90-4c62-a6dc-f39458c8d516,0
672130ca-b241-416f-9e36-9d48e477382f,0
672793c0-005c-4d53-9268-d83a5b9fdce4,0
672ef09c-180c-4736-a264-be1f33264ba1,0
67357cb3-d552-49e2-8eb9-3172d02d20e8,0
673d337c-0a9c-4eaa-9280-8ede80823229,0
67484e9f-8a97-4414-b2d2-b7ac979c9ab7,0
67528fba-8ad6-475e-b4bd-e7d21c97ac89,0
675856fb-897b-4b9e-a0f3-d0293c5926d2,0
67630fe1-4cc5-4bd9-b674-0db4db5ff593,0
676a311c-4587-4304-9f62-0b18eaaf01b2,0
676ff2e3-8e36-47e1-b7bd-0bc155f0c06a,0
67789a0e-ef4f-495e-b8df-d07b05bb60c2,0
677ef904-0661-4a8d-a197-57ac6ad3200c,0
678ca7b2-9a38-4215-a609-520906810f90,0
67915fc8-58db-44a5-9a13-e9091abae741,0
679ea895-2341-4ae5-bbad-a426384c80f0,0
67a629b0-f217-4063-b706-11be8cc413f3,0
67add112-63c0-46b6-8fc9-d5090f9b6d53,0
67b58889-60d6-4d4e-a3a4-5b4c492f1a95,0
67b93698-9f7d-4a58-a117-ad15cc5cb07f,0
67beaa59-afda-419f-b158-4e0a1cd3b0d9,0
67c5aac2-a66b-447d-bf83-f5fc51709665,0
67d1558f-5897-4e0c-9543-9bb3f6e4f001,0
67d8e2ae-a3a8-4caf-b906-4546ab37c828,0
67de6f9f-22a2-4189-aa2b-d66828697e81,0
67e44179-a866-4d47-ba24-9e12540445f2,0
67e9dbd5-ebbc-4eaa-beae-095fe26d3dd1,0
67f1a612-f07c-47a9-a735-747e7e393c62,0
67f95935-edbf-4367-8773-fc65ec4a01e5,0
68089421-c8a0-4858-b83d-97893918fe68,0
680e4285-40ac-46a9-92a0-e94e8600d9af,0
6817be1d-2ca3-405f-851e-def95b11ca73,0
68208307-e6fb-4a7e-9165-eb8b5a20957b,0
68241f1c-21a2-4f34-bb6b-8972f0c9b035,0
682b704b-d5f7-4877-9aea-3c218a93beaa,0
68302af2-ab70-4ef4-92d0-ae7518462f00,0
68390d54-58ea-4048-803c-af79ecbb084e,0
683f6625-a3f6-4c1f-830f-e7b7ddf0d798,0
6848330d-9067-4eba-9d2d-a2c5307ab699,0
684f039e-f6bd-46c7-b498-227bb67b772d,0
6854ece4-fb6d-4b5c-beae-f67cebfcd66f,0
68625439-0c67-4ee1-b089-ee35cbc1c0b2,0
686cb3bf-cfd5-490b-9ccf-008da8f62554,0
6877387f-9b3f-4b17-94e4-1fe0908862f9,0
6885575d-fcb8-468d-b18c-c3c3e6b6fa55,0
688fb0f8-5f72-4ca9-a1fc-eaebc7ee0e3b,0
689569cb-ae85-4ed1-bf61-4172f854c382,0
689de8c5-7f22-4c39-9146-7ea8324b0fbd,0
68a3731f-b67a-4015-a754-5810b700392f,0
68acfdf3-147c-4f58-ab6a-465a2633de7e,0
68baa222-a852-472c-a665-2ebb4b4984f3,0
68c0ea02-780c-45cb-b593-cbe08ab7ae10,0
68ca3731-45d6-4cf0-8f30-19c7bff6f1a7,0
68d18958-3827-415d-9491-3be8cc3bda1b,0
68ddf5e0-54c6-4c43-a8da-602f7146121d,0
68e28240-0f10-4d98-be17-bec5d7192dae,0
68e5c912-b04f-4bd6-8182-2c7535e2d742,0
68ed6d3f-544c-49d9-b5bd-9f1aaf363dfc,0
68f4135c-4777-4c56-be1e-174a847a5a37,0
68fbaa28-e80c-4127-843a-0aaeb1b1e985,0
69033d1f-ad46-4980-a320-61daa1ba39d7,0
690f43c1-4d69-491c-a8b2-4646df59d966,0
691a58a5-4b7d-427e-abdc-10c2776359b7,0
691e89c3-6aa3-45f1-81d3-1a38429272e4,0
6922a9d3-ceec-44ca-b40d-8063ebadba4b,0
692823fa-b514-4731-96d3-588df0be2627,0
6931bdfc-bebe-4ebd-9223-97681cac877c,0
6936ff03-da0e-4c7f-b267-6d00c436ffca,0
693edaa8-17c7-4786-a1fa-8bf31fc10923,0
6945f425-64bb-4547-8a30-ea891848cac4,0
694e55e9-affe-4f95-8ad7-e097ee8d9f9d,0
695585f2-f96c-458a-95c3-64ef2c9ff10b,0
695dfa3e-901a-499b-bac5-1a76e271d4c4,0
6967b6fc-8caa-424c-9a8a-46dbb9cce864,0
697151ed-93bf-41ba-a297-49b40e356d39,0
6978cb35-ca01-4b59-a8a4-8eb24c655245,0
6982c9f4-9540-433b-a67a-8bf50cff8dd5,0
6987a829-9090-417e-8683-cf0b994e8fd0,0
699725e0-97e6-44e8-997e-2fdda8107944,0
699eb3f3-df35-4daf-ac43-0f3e644097c9,0
69a3c49b-dbb7-48a9-9933-7e24f1b57708,0
69a8da4f-ce6c-4776-a129-d3589ff4e8b8,0
69b3d84e-d0a4-4a44-b0b5-f059a7beffa8,0
69b9ad78-4d13-448e-a5c8-ebdb10c76d13,0
69c3c0cb-579d-4a69-b0ab-7ee871cc8b5c,0
69caf943-44f4-4a3d-b713-2bea9f55855d,0
69cf4f27-7455-49c4-9656-e3f2f19e4d4f,0
69d529a8-edb5-47d9-8d6f-8cf673beb3ce,0
69daff83-4ff2-4a83-98d9-95de48173c35,0
69e27082-0038-421d-a280-926affdecad9,0
69ebd337-9bb1-4474-a0d0-f865616d8b1c,0
69f24bcc-8d83-4260-b225-c94cec9cb69c,0
69fbc464-554e-4c32-8e57-cd0941fd2655,0
69ff3756-901d-4d66-978a-5953671a44ad,0
6a05ce2c-cfc8-4e4b-b063-7ce4553e8df1,0
6a105e6c-b3b3-4f1a-b67c-7d60ae98b186,0
6a14377c-2a1a-4138-9d63-4d336f5f4d4e,0
6a1e5924-059b-4aca-b587-ee31ab31891f,0
6a24b2cb-9896-48b3-9830-8637e0a5ab3c,0
6a2abffa-503f-4470-845f-53640b5f5654,0
6a2f2355-55c9-4a19-a3fd-f0da3e5cd279,0
6a378e2f-9938-4bb9-8104-efc01a561728,0
6a400101-b9ce-4478-a49d-cd440e28b61d,0
6a4a5fb3-08db-4ee5-881f-35627a20ed8c,0
6a4eb61f-d670-4cc3-905c-4cbece16da17,0
6a54f92c-056d-4f47-83f7-d6c02972a9c6,0
6a5dd6ca-380c-485d-9354-8a1f359add7d,0
6a64d7ce-b1d3-42d0-82f6-1c0ccf3b9925,0
6a6d7ba9-ea6b-47fd-9bb1-5d074a424c77,0
6a745fde-8a1e-41be-9830-c3d1d86a2da7,0
6a795299-efa5-4002-be49-859f49774685,0
6a7ef1af-546c-4734-a1b7-4ca51cdff88a,0
6a845e15-8f16-46d0-b766-a1d264b3fada,0
6a8aed3f-9a79-4ad2-9fb4-077bf9729922,0
6a91fe02-e1c1-4859-acc9-d4a7dcc7879a,0
6a9a733e-8f49-4851-ad3d-9685c4cb131f,0
6aa19eec-8b93-47e7-8d69-27914ec0d1dc,0
6aa954a5-be1e-45ad-9cab-c309188846bc,0
6ab198b2-cb75-48ab-b2f7-708040bfa882,0
6abd97e3-7ec1-4e8d-adba-331ad6e4deda,0
6ac85f06-d139-4ea4-ab52-af78c44f67a8,0
6acece68-d51c-4613-9432-47a024b4b029,0
6ad7022b-4b83-4709-972a-09cd9e123491,0
6addbdf8-c010-40bc-bfb7-aa6035368851,0
6ae9e387-d6f8-43c8-ad93-4c9d9d624546,0
6af40f71-b405-43bc-96b4-a7bb1abd27fe,0
6af88622-df7d-4b22-b91d-cd0e6a51a00b,0
6afe0f10-c82f-4d51-a18b-13c072e9741b,0
6b079403-d870-4a24-8876-c64c9a88a222,0
6b0bc3d2-cf06-49de-a2ec-d1f6c31354f3,0
6b10fdf8-b053-4c42-ae93-fd740d617c03,0
6b169082-2735-4a87-ba08-fd120c389767,0
6b1da3ee-4744-437a-a44e-5fd5fe63144a,0
6b251613-07bd-459c-9ade-03e968e4f236,0
6b332ffa-6824-46d0-b2d8-71b2896624bc,0
6b3fb83e-d3e9-42e7-969e-6e50b3c152c6,0
6b48e560-a797-413e-8f52-42a8e3673ac4,0
6b4e9d7b-5eb3-4da2-9aa2-caf2ff7b8c1f,0
6b567621-449e-43e6-b43a-cc533d52223d,0
6b5d3ea9-3f7f-442e-9aa0-eb548e8aa283,0
6b61b27a-5b98-48ba-818e-c8c503653344,0
6b69eef5-9fb5-4de4-aa27-97291dc2acd5,0
6b706c82-52ce-4b7f-bd8a-0a3a7d3f99f1,0
6b7823d4-e319-4d31-a3ff-bfc6c4e175e4,0
6b809047-6442-44be-ba94-509dec4f3354,0
6b881459-dfbe-468b-95e8-05cb6561caaa,0
6b92eacd-a614-4ffc-85da-ef684150b1d9,0
6b9a023f-c523-4e7c-8a22-7a6cf515d11f,0
6ba2de7c-ff9d-49db-a08e-7feff16edb8e,0
6ba92b0b-7c8a-4910-ac13-543a8b7ec980,0
6bae8cb1-161d-4038-abe3-6e7cfba57448,0
6bbd0d84-58bd-4e33-8cb7-534f8554a553,0
6bc6ca22-be72-4e10-bc92-7d9b786be509,0
6bcfe032-dd4c-40ac-8048-b78d1480f3e5,0
6bd63389-8c35-4f14-b514-7edeea1122b4,0
6be14547-0dd5-446c-a9c9-e864c474cc46,0
6be84f2c-b7e8-4ac9-8a16-0ba2e55616ba,0
6bf56d4d-afa4-42ce-803a-fb44a353de1a,0
6bfbd2a2-f15c-455a-9a63-0d82c678d01e,0
6bfed99a-51b5-4eef-8a13-89ea49d72b4a,0
6c09744c-643c-46e6-bcbf-549edd8df2b5,0
6c116437-6c22-4f79-a1e0-1ef61eae7565,0
6c1c995d-042b-4d3f-96e5-57d79d4d4c12,0
6c22139a-9c51-49ed-a747-ea016cd28d72,0
6c2a85ef-50a0-46ca-a0a6-8bfdb1b07046,0
6c32e6c9-8c72-43b3-b69a-405b34a1b641,0
6c390c7d-7b84-44f0-84ba-93b4fae0b0a9,0
6c3d3c81-b8fc-4a51-8328-b4f6eecbf5a6,0
6c435227-c476-45d8-842d-1f6d665fc812,0
6c4c5a09-082f-4792-a329-5cab1fa080d1,0
6c559434-717f-4217-8d8c-0cb3a5c35b6e,0
6c5c31b0-7c45-4ae0-81c2-7cfeab0255bd,0
6c5fc571-f521-40b1-90e5-3ee7b4e9eb8a,0
6c678c3f-922b-4b97-92e7-b7d703d12e2f,0
6c728947-6dd8-4be1-8c7c-20e67949fecc,0
6c797578-cf5c-4457-9627-e2e71456ef72,0
6c86ffe9-408f-4f1f-bacd-1f485538d25d,0
6c8f06b4-db6d-4742-b9a1-bf3aea84a224,0
6c94d40a-af0e-45dd-86b7-3b0ab56426a2,0
6c9b1e21-fafd-48ea-9f95-05ca74a32d43,0
6ca06d23-b685-41cb-9cde-9d1e3525bb04,0
6ca932a4-dc40-4095-b4f4-ccddcf43eb25,0
6cad5dce-75be-4bf9-9286-8dce6d8caf52,0
6cb4328e-8df5-47fb-bba8-8c26f017b026,0
6cba4e83-e7cc-40cb-b188-d46cae4fbe17,0
6cc00d9f-051f-44cb-93f8-89c416018e9c,0
6cc3ed61-55d7-461c-a3cd-32c4dd835160,0
6cc9c71f-b020-4e53-ae7e-a25959e062b0,0
6cce20c8-b252-4ec3-a235-333ec0b41474,0
6cd2be7c-5c37-49ef-bc6e-ad2b01c4731e,0
6cdd675e-4e94-4d43-aa7a-f9994a3d37d5,0
6ce504a1-aad8-4668-9d0d-832f467a49d8,0
6ceec0ff-b92a-4b6b-be18-3e81be965a7c,0
6cf5440e-d7c9-4c8a-9b04-e91d4549211f,0
6cfdb18e-f0ae-46e7-9761-21e15ef675cd,0
6d08b4f9-8681-4660-b8b3-bc5b389a2c01,0
6d11a863-00f1-40b7-bd0a-d448246191b7,0
6d187ddf-253e-42d0-91e8-d2bf48aea84b,0
6d21b7e8-641c-4588-98a9-1f5a28445681,0
6d2fb97c-3bf7-4042-94db-c46277cdcce6,0
6d372be6-b744-499f-9edd-816e67eee1a3,0
6d3c2bfb-df6e-4b66-8482-8d8e01097576,0
6d4150fc-bea7-4fb7-baf4-0958440f267d,0
6d4b427d-cea5-4da5-adc2-5ed2a070ed5f,0
6d51a7a4-dea4-428e-8927-44f1ac0834c3,0
6d5c6e3d-44fe-42fc-a880-1d5e79a94111,0
6d642854-7279-4b01-bf92-c48b20e93c40,0
6d6c47b4-352a-4c86-bc56-9dd2da25625a,0
6d76b52c-6ede-42da-bdc3-98e4d36c2a65,0
6d7ba8e5-571b-47e0-9c12-8f815213d988,0
6d82919a-d36e-4946-b63b-dc8d9f55aad1,0
6d8c74f2-98f2-44bb-97e3-391e2c7911d5,0
6d97b1ad-9bca-4d66-b6fc-3476d22c9b86,0
6da02eb3-959d-4fa8-888f-04ed22386204,0
6da613a3-2b06-4203-8a36-f5ccf15d3a0a,0
6daac969-7acb-4bc1-a73b-1a410c57ee7e,0
6db0a5da-35a6-46d5-9076-8e5adc35df52,0
6db7c37b-735a-4489-85a0-856d5dc574b6,0
6dc089e4-9617-4423-aeab-5a6cc9b2b227,0
6dc98b60-705d-436e-bd97-74ea09a813a4,0
6dd004c3-00fb-406a-9607-b980057945d3,0
6dd68f03-7d15-4fa9-a0a7-ddb0173f93ae,0
6ddd2973-e23b-4105-8ed3-9fdbcf8bdc9e,0
6de592e5-3453-4f74-8ed3-61433bc6525f,0
6ded3f5a-93c4-4d8a-968e-f57aee57f711,0
6df46c13-3756-47d0-8d4d-c65d9db2319a,0
6dfe154f-25fe-441b-a2a9-a412cf8525d5,0
6e0469e9-0d8b-44cc-bb62-0966a428a447,0
6e087a06-1e20-4dd6-b6fe-f008eeb77af6,0
6e137351-f0ad-400a-aa58-740927dccb4b,0
6e1c8374-7fe8-487d-93ef-61d2ee1ae91c,0
6e24250a-f683-49c4-a985-a311e41e223f,0
6e2bab99-991b-44d7-ac36-032748812c6b,0
6e331e31-b5cd-4eec-9a0b-91973c2d88a9,0
6e3ad352-3d9a-4120-a13c-5806fcc85fa3,0
6e471ccc-732d-4d33-b34a-0e9f9a03863c,0
6e4faf30-be4e-4133-bab8-bf42367aaa92,0
6e5a26b0-1f04-4eb5-a4b8-5683227cb098,0
6e66b65c-4b68-4a95-b9e8-a82f78020a2c,0
6e704d5c-e89d-44dd-8830-64a0df9dc2ac,0
6e79cbcf-7630-408c-a33a-14facb1286fd,0
6e81362e-65a3-441f-91a4-b73281e93a8a,0
6e8734b7-8f6f-4ea1-ae23-9c5861373268,0
6e943844-f6a5-4a2c-8ede-f946edd9b425,0
6e993aa1-6dcc-44e8-833a-c21b699a171a,0
6e9e4c61-6f86-4272-afc9-bc49a8c0dd62,0
6ea5d257-00a4-473b-b6d5-0338a0b95d86,0
6ead7e07-eb7a-465d-af86-b370713fff0f,0
6eb22390-f3d4-4501-a007-1f6029c6b742,0
6eb6caa8-08f7-4b88-8346-fcc5a72c77c2,0
6ebc7fac-79dc-486b-ba97-9ffa77f8ec2c,0
6ec89008-4e30-431c-9b3f-c84abab0dfbb,0
6ecde4d7-bbfb-4831-ac4e-458e725eb47b,0
6ed96c95-3299-4d3a-9ac7-683489d361da,0
6ee28eb1-ccf8-471b-aed4-4faf9900a9e4,0
6eea518a-6a77-4400-a638-9f32de5a4725,0
6ef4c35a-07bb-4e2a-937c-b61758cda0d8,0
6efe83d9-8444-4596-9ffb-9088cf1b4784,0
6f072751-7fda-41e0-aa6b-f4866c250963,0
6f10a778-ab96-4c60-8fbe-97b666338370,0
6f178d5b-39ed-4d95-baca-16bcaddddb99,0
6f1db1dc-817c-464e-9249-3d2d02e23df9,0
6f2603d5-2893-4ab0-8be4-2105cb957d28,0
6f2abe6d-2964-4c9b-9e1d-a4cfd67ece39,0
6f3565e5-28ed-4bd6-94d6-7c8b8187cbb4,0
6f3a5f11-d938-4169-bf13-6444d9288066,0
6f4451a0-88e7-4c5d-88fc-184456baaa7e,0
6f4990c3-8bba-4f1e-8b83-5d2a462a172c,0
6f4e60ed-9ddc-4c96-8820-f97f9c2ea891,0
6f5360b8-1336-4f4c-a3b9-e2f57ed42457,0
6f57f331-62f9-47b3-8028-38e4bb54cdb8,0
6f5e0fa1-f5f4-41c6-a302-3d424fc4101b,0
6f636319-9d14-408e-aea6-7bd7e4e3860b,0
6f6bdfe6-282b-4bfa-b432-9f189274532f,0
6f72b3e6-0445-472f-af70-f61c0b826458,0
6f7703cf-7393-4900-b581-5cc7691a44c9,0
6f7b7225-177e-4d80-9c84-221a69bb01bd,0
6f839227-77d5-412c-b9d4-efd7a44d16f2,0
6f8d2a2e-6925-448e-82be-08315accf648,0
6f943597-487f-4647-b1b6-6da053658958,0
6f9abbe0-445d-4db3-882e-a79e8863306c,0
6fa09860-ef2f-47fb-8350-bf0b8e88fedc,0
6fac2683-fea4-4688-b5b1-f7c58e3837b3,0
6fb27271-dd61-4466-8a04-2253e1552080,0
6fbcf137-1157-491b-899d-6dc92bf16674,0
6fc10d59-6d89-4b4c-9b1c-33d9f70eda3b,0
6fcb445d-9079-4404-a70e-108d6d8927ae,0
6fd5418f-6397-46ca-a9e9-832206b668a3,0
6fdc172b-efff-46a6-a454-00f681032f8f,0
6fe3516d-8267-4ded-a461-77e310a01694,0
6fec0e0c-7866-4dc7-add1-bca6958fd31a,0
6ff32959-9415-4c62-bf12-544c13bf3aee,0
6ff9a8d3-4784-4620-997c-8cd00b49ac1e,0
700470fa-9256-4d85-9db2-f82e43797b25,0
700a158e-d395-4662-834f-4e64c7be9245,0
70100a8b-eede-44ce-a5f9-d1002ef21d4f,0
7015c516-6875-48b9-8d86-280bdaaf50dc,0
701abd53-0736-49cb-b743-f61392a2bcb6,0
702179ab-2c69-405e-99f7-bf950b99f011,0
702bcc43-b502-4380-8a8d-1396699d7424,0
7039ae22-efd7-4856-a7df-30c32de09005,0
70434a70-ad83-4d3c-a3e9-69710d7886d5,0
7047413a-529c-4df6-869c-f049f7caa609,0
704f9979-43b8-4c33-bdcb-122c3543c380,0
7057edfa-ae41-4257-b3a2-f375c6bb9e14,0
705d6b1a-ac36-4314-93ed-6134ad1cedb8,0
70660e9d-525e-4e8f-b8ed-fd5af1bde604,0
706c244a-553e-4e39-a3cf-a4711d35a403,0
7071fa05-8e80-422c-8017-0d4dc34de911,0
707b7e0f-4d51-4599-96bb-5f81ea2db01b,0
70822ea5-73c0-45ca-bc4a-e6202ce91072,0
7087fdfc-2c67-4410-82b8-cb80e1c5c076,0
708f7f51-6307-4b5f-87b3-8a98d992592f,0
709a4a82-cfd8-49f8-b518-f7ccde9b4ca3,0
70a4b1e5-0fd9-4eea-9fe5-da1d77a391e3,0
70abdf9d-3dec-4cdc-96a7-c560cf4e0544,0
70b64cfd-8461-4348-8922-10702c4b37fc,0
70bcc0ee-61d7-43ea-aff2-0403e22439df,0
70c457b7-f917-4568-ba52-393c2fa6d67d,0
70cc4f46-536a-4f03-9c62-45efd5c394c6,0
70d26274-5d3d-4e50-bc9e-920aa014d802,0
70dc9577-89a9-4409-a184-05eefc1cfacd,0
70e0f7ad-db73-4a01-8a72-6efaa5fcbba5,0
70e6e7d5-7d04-430b-89ee-6d9f8c21e8c8,0
70f05c92-41c7-4672-a469-80a0811187f9,0
70f965a6-6b99-45df-b948-332605b95dd3,0
70ff9d27-1310-4518-a370-05318fbc4ab7,0
710da3f3-25d4-4114-8559-1933f7e06516,0
7114b4d0-0fcc-4172-beec-c6d3d62f35db,0
71204104-ec8b-4ec2-8872-9c48215f2395,0
712b2821-7ef2-4834-aa1f-35b89e8e9b44,0
71330414-48ce-4b04-902e-a0f2d3e8a509,0
7137e503-f2d5-4a4b-b5ec-caeb7f5f509b,0
7143f58c-f7d4-47e9-a623-cd96f15dd47b,0
714adb9d-613d-4208-bc59-59067141c263,0
71542a78-9741-48d3-a56c-8f7fda05d5fe,0
715b0e99-97bb-493c-8dc4-318edc28b53d,0
716331a6-574c-46fd-8041-9e0b42ae3dbf,0
716ef4a6-8a0b-4bd6-ad8c-f36c1ffdd0d7,0
7177bbd0-9b38-45af-949d-5f305c606de7,0
7184ac58-2c66-48c2-9a8a-4035afee301b,0
718e7585-ccce-428b-aeea-c08dbbecf848,0
719560e7-01e2-4483-9cd0-4697c272df68,0
719a0ad2-a2aa-4503-a847-9d957e5f5260,0
71a17723-a709-4ad4-8ca7-04076a66e8e3,0
71a758c9-6a68-45d3-b457-8ff02b3dbe0d,0
71af12eb-41af-468b-bf68-a9164353d76c,0
71b30857-9197-4cc0-995c-021cb4cc8464,0
71b7886b-475d-4c1e-91f3-5c48b89f75ba,0
71bd7100-77a5-4045-b7eb-1d053611200f,0
71c5966b-1d44-4b0c-9825-ac470dc063a8,0
71cd57f1-c537-424b-be31-d04997f6edea,0
71d50497-11a6-4a99-a615-aeb1e4839875,0
71df84c0-b5b8-45da-916a-3202f8677cd0,0
71e5fea4-3725-4e03-91c5-144a40690ae6,0
71ecd152-c973-43d0-869c-2366681ffeee,0
71f6d534-cf0e-4e40-a6fb-f7b15b73d145,0
71fd0395-94ca-4029-82cd-c757a6c5daf0,0
720982ef-f464-480e-8888-aaf18b87926e,0
720eed55-ca12-443a-bb23-fc21ede38d58,0
721578e7-bfbc-4a70-a153-ab8feb3e2a72,0
721b5ce1-1c5d-47db-b033-8b8f8b838a70,0
72273ea4-9668-4dbb-a620-1676ca2f3598,0
72328cb6-c716-4df3-9aa9-8f8ddb9af89a,0
723911c7-001f-45ed-9b25-f45343a62c4f,0
723f4300-e6cb-4fc6-990d-878d8f2850a5,0
72448b06-e94f-4b02-b864-1acf16ea9c39,0
7250c1c0-fc14-4119-8f6c-fedac57d9de4,0
725ad50b-facd-4b65-a174-a6099f1679e4,0
72653213-41c5-4835-bf09-463d0d69a54d,0
7269ad55-d815-47cb-a80d-e0d937af688c,0
72736f7f-f829-4052-81ce-10add4f5fc7f,0
727a0f87-c1cd-455b-9c3d-237277b2be35,0
727e5aea-fe8c-4ef8-a5db-cb56a0dfdf4c,0
728745a2-9f69-461f-ab2e-c2e4a0de5f1f,0
7293fe3e-e66b-4da5-a232-55bde2b3b93a,0
729bb177-a694-4b17-9bac-d10e643d1ea6,0
72a1a37d-b4ff-4339-adb4-c81e15ed6035,0
72abbb6a-97f4-43ef-a880-78b66b75882b,0
72b21492-bd6d-41a8-a5a0-615f9ca4ce62,0
72b82bed-7ace-494e-98a4-f29bdcf64deb,0
72c4130a-6295-48b8-a571-b4bd7d1720dd,0
72ccc1bb-d277-4cd0-a90e-55c7cf69d514,0
72d32a32-dd40-451b-a081-32c3d2b7ea03,0
72df4a48-cfee-420c-9f33-6f493795e4a8,0
72e7c1c0-5736-44f4-a479-92d91fa8ea13,0
72f4540a-21cc-4c3a-9b52-becfbcc04c40,0
72f92ad8-4eff-417d-be2d-c74bdf624caa,0
72ff6e1a-4c3d-4f28-938d-844bf1d81d10,0
7307e9d3-1df8-4b77-b781-05d2ce8e886c,0
731073ca-11f7-4ebd-8aed-b3c3cdd68bfd,0
73156452-7797-4d64-86fb-710907516cf4,0
731c0647-3fab-4ed7-8b3c-8050c3a64177,0
732256c4-b770-4901-b1b9-5b2326860053,0
7326dc2b-b3b5-4f0e-9f92-04a0330bf7c9,0
732ee548-a6ba-452b-a587-5c3ed2021ac4,0
733777a6-6d5d-4bba-96b0-dbb4d54975f9,0
73402287-f246-4a87-b63b-f9232a70245b,0
7345ad3b-f1e3-4a13-a4a9-2fbbcd9c1953,0
734db15c-f82a-4763-868d-e1ad758ae050,0
7353d85c-8721-4367-a058-670cdda0dd8f,0
73649f6e-cc8f-413d-959c-22ac2a44793b,0
736b4b65-7f27-4e93-8c7e-b9696c790b33,0
7373e9f6-b196-49ef-999e-efa776da12c8,0
737d5f5e-db33-46e5-bc4f-ceaa1f4e99f1,0
73820dd1-0eab-46f1-ab6a-7b3b852452a7,0
738c7d3c-e942-4551-95a3-9949816463d8,0
7394f222-1eaf-4fb6-8dc0-0ed014a39eff,0
739cec47-caab-4686-a368-73a14f02d666,0
73a18eae-cd10-42b4-aa58-e8e455dba700,0
73a545ad-14dc-4629-8175-ab0663807630,0
73aed378-62fd-4fc2-8c06-9d1d927f1a27,0
73b5fb91-fb70-41ce-8aa6-9dbcc09e5cd8,0
73baae2a-2d80-4087-b9fa-f1cef3e80901,0
73c28b6e-e04a-4b18-8f7f-ff1117a33b28,0
73ce9bd9-cbec-41fd-a771-4abd37beea0f,0
73d75955-4c50-45e6-957c-8c5730610cd2,0
73e05748-8fe6-4d89-a325-52030a3aba7e,0
73e726fb-933b-4660-9576-6fe6c1e3bee9,0
73ebc4df-65ce-4515-9c2c-43e968d70eba,0
73ef7b53-4239-4738-bb55-ffc8505b56e5,0
73f78789-ce1b-4ed7-a7c1-22ffd990161c,0
7401a629-819b-4898-a90f-bbf2ffe9441a,0
740a366d-5f13-4820-9639-9d123e12a597,0
7410e745-9970-45d3-8d7c-1c00d361b160,0
741bf533-e28d-455a-910a-8476721c46f8,0
74228c78-40c5-4301-a42c-6d3d61a9e785,0
742b5f38-ff38-443f-9dc9-8ae3aa0626ff,0
74336658-2aaa-4617-ae1f-5a7c298a72d1,0
743a681c-89df-461c-942a-079639c33dad,0
7444943c-6d6c-4fa0-9e7e-1702b53507d8,0
7448ee8e-bcb1-4b82-bff8-2dae4bec5ded,0
7450875d-cfb9-4580-8f14-3dff04ce5782,0
745a4b9a-6fe9-4754-a96c-9637cc1ea7b1,0
745e31a8-29f3-405e-b993-b8429e228acf,0
7467d83c-e59a-4766-b837-970461b75530,0
74704fa5-2fae-463b-88eb-d9511613ba28,0
74739f4b-396d-4dc6-86dd-3da9566641ba,0
747d8dae-127e-4c85-83c9-c2568b004663,0
74893662-cee9-4a68-8edd-6efb663efd74,0
748f304e-56b4-4b79-b72b-81c81713639b,0
749aae45-110d-4e39-b290-1cc361297a10,0
74a7ba33-532e-4502-b7e9-5c3a4743281e,0
74ac29e5-8430-492c-aff9-1ff5bb9239ba,0
74b3aeb6-cf09-4e80-8277-7268aa8b13d7,0
74bd093d-cbec-487a-97b9-8da2ab055014,0
74c33a96-4b25-418c-8537-0ecf864e6940,0
74c9d2eb-fa4d-4b85-a838-4a9da7451606,0
74d17370-d515-4f2f-b626-dccd8bbf98e7,0
74d820cf-b5bd-4162-8769-17f83a0f4305,0
74dccb25-81e4-45b6-8673-2039a8c6d5d1,0
74e3a1ea-a6cf-45d9-91b2-494024bd42df,0
74e9ee8c-5934-4ed3-8f5b-37e17aa7bb7b,0
74f18a55-81ec-48a9-bd20-b1d528aa6580,0
74f61f7f-7e58-405d-b8c9-f610a017cea2,0
74ff8c3f-527e-4df6-9ed8-b5d319af660b,0
750c842d-3030-4255-a37c-0b9a03caae25,0
7516a518-963c-411a-89ab-b8056dd8a502,0
751cb07b-ec01-46df-96c6-4db6bc1d15e4,0
752218ac-3e65-42e7-aae2-6fbd4ce47740,0
752860e1-ca09-47ef-befd-fc7fbd6fa935,0
752c6587-ca21-4e22-82eb-ace7d4f31c2e,0
75323ddf-4122-4bf6-b8b5-3d02ebb56753,0
753a8d91-ede7-402f-b9b4-8cc6dcc1cd09,0
75490eea-4f61-41fd-a5f5-cb81181a01ed,0
754e6f70-6e8c-401b-bab3-efb2d9798c66,0
7554f89e-f796-4ec9-b714-97def6663a48,0
755f2142-3609-45e6-80a6-4fafa707fb63,0
7564e025-7ad1-49b9-acff-b3de73cc0fff,0
75693804-29bd-486e-871a-ce57f2c00baa,0
756dfc54-ec3e-4f88-a0a1-b8e8f60d62ed,0
757220ae-b93b-4da6-8487-b9c69b589a03,0
757b8894-c66b-4f51-b7ea-09f2e0faf843,0
75858cc7-585e-4904-bc77-c3c3c6cd574b,0
7589db34-304c-4fca-9c7b-f03ab108477a,0
75931c41-cada-4842-adbe-4741b86cb1fc,0
759bd270-4699-4f34-abb4-43559df787fc,0
75a35fd4-a45d-4d3e-a3da-2abde48ca668,0
75aae554-d5d5-4a6c-b41a-e445b75e6029,0
75b132c2-c861-40d2-b494-2959aaa8677b,0
75bba08c-792c-478b-b126-890fb2e6297f,0
75c7c85d-ce91-4cf8-8692-78f4de25069f,0
75cbff3a-9841-492c-b5a9-ed5c989d0417,0
75d66b77-c263-4c03-9ba1-755bb40db5ea,0
75df0664-4722-4146-aa17-495ff0ffa19e,0
75e69721-ec6a-483d-afa4-5c6846e257d6,0
75ed4d8a-dfb4-4cd1-9feb-7062e8ca31e9,0
75f31a28-77d2-4c71-a20f-173e66d75a7c,0
75fa54d7-7ab2-4709-8ae4-3726d4ec6f58,0
7601069f-602f-4096-8cad-50109c7c073f,0
7606c788-6191-4633-a5be-85a1a2c74e17,0
760df2a3-0a5c-4c8c-8e15-53dd3c382132,0
76142834-b31c-40c7-8956-c3e6cf8dee4e,0
761cbf4b-c3f3-4636-bc03-22e40295ffec,0
7621f98a-f044-45f2-988e-b3532e88a9e3,0
76260fc2-f067-407b-8e5d-4a286e2f1b44,0
762da5e3-8391-4d55-b8e4-bf058da9182e,0
76331e1f-e5bc-496f-9e13-2e12dc0f5472,0
7642aacb-b665-4680-b574-dd11649c8346,0
764a5ec7-d228-42b3-8697-c60fea13e307,0
76523f55-3f9c-4cf0-af79-61024483dbd0,0
7656f129-af5b-4d80-8420-953157f79525,0
765dc499-7005-47b5-be80-13e5eda8aa3d,0
7669c5f1-2a32-4162-809b-2e5a80df382c,0
76725f3d-b4b1-4aaf-b423-14db7f42f020,0
76777f39-47ad-42b6-ae09-d922b4ab8fbf,0
767f0a52-20af-4709-831f-47b1a5e3b1fc,0
76848ba8-fd6e-469e-89eb-053a27daa0f0,0
76885407-aeaf-4274-aa81-9102005b95a3,0
76957248-3e74-4564-b390-ff1004505d95,0
76a0fa9e-51a6-4495-bcad-fe76c637664a,0
76ae72e2-bb0e-4688-be1a-844d501eea12,0
76b910ac-49f0-4e74-8c44-b257fc023c5b,0
76c33585-fb3b-48c3-8856-38acd5c0724d,0
76ceb4b9-9e82-4dc1-9e37-76ce7ff6dd88,0
76d5fc63-ec88-48bf-9efa-46cf883b0168,0
76dbbdaa-d022-4256-9786-53fd0776be23,0
76edea76-5b29-4bd1-bd4f-672680be1607,0
76f268e6-ac2f-463a-a34d-cc6a5db1f090,0
76f7ed3f-febe-4d3d-998c-eef9edb50060,0
76fd85e3-d298-453f-bea5-e2a693487187,0
77021858-24f9-422b-baac-b3434bfb130b,0
77082ac7-4016-4322-af33-5493f94249d0,0
77102e81-b1ef-4b22-b3ec-7646801b8a69,0
7714adbd-1f73-4234-9445-9f5eccc6c305,0
771c5c06-411f-406d-bfb5-02e0926366a3,0
772319e2-8cb7-47c5-af40-51bd2ec826c6,0
772dbda5-9795-4d95-9dee-d0d7396d7b4e,0
77307c41-a375-4f5c-b5a0-8e24b9944560,0
7735245a-3802-455b-8fc0-aa3ab8c1f708,0
773dae53-3aca-44b0-90a5-f1cca1fb99c8,0
77482ef0-8635-458a-904c-946d815ee3e9,0
774ded82-228c-4ccd-95fb-13c1434d90fc,0
77541b69-ecb1-4a91-bf45-f94c166ca86a,0
77614619-53e7-4f2e-9b22-b1fa3b82fa07,0
77690f54-07ac-4dea-b7e6-6d0095167ffc,0
77717716-e8cc-44f2-b55b-ebbe84a25731,0
77745c44-db55-41dc-95b7-455b66eb0e52,0
7779117b-ccf5-48a9-812a-435df42080e7,0
777fd20a-1bcf-4c94-bcc8-f73200b72df6,0
7784e84e-dc0c-4a2f-8822-3c3ee2468d98,0
778efc7d-5c65-4d94-ae3b-9174a7a44a6d,0
77964ac3-1e4e-4535-8ce1-463ac5367be1,0
779a19c8-6f0b-4bb0-8711-7bb9bbbe23cd,0
77a2c7b8-7bfc-406b-a3a2-8f52e0393508,0
77abcc7d-ef9f-494f-9464-ebbc64a041b2,0
77b7194c-153c-41c2-af28-c3759a48e15c,0
77be838b-97a8-4317-8edb-6f02b90c02b8,0
77cb4153-e5df-4e87-add5-e5c47602627f,0
77cee3ea-70c4-4594-82cd-8050656457c2,0
77d5b391-473c-495e-9f62-639cc1aa8462,0
77dd4263-5dd1-4041-80e4-bd66d1b14ecf,0
77e3e8bc-f2f5-4066-b087-fb9d4bd3726f,0
77ecab5f-aa1e-4216-8055-575bc92bd36c,0
77f22912-d299-4f92-88ed-f6a43590cd09,0
77fdb452-f5d7-4fef-b6a8-c531f2de0a71,0
7804c1c6-fe76-4bca-91b5-7f3b62b2ae84,0
780cb397-4069-4fc1-8c2c-ad7e14f25ef8,0
781099cf-3321-4904-8e6f-3e6315d69e6d,0
781ceb63-6d1f-4be5-9760-efb52ef26ce6,0
7822997e-9345-4bb3-9626-66768d719ba9,0
782a5fc0-93d5-4097-97e7-119f5fb1a13d,0
78328d83-c52e-43f5-9619-69804fa00c3f,0
78387145-d2f7-4669-b0fa-7c50d4f6e203,0
78404499-8e5e-4caa-b626-8e5ab0473121,0
7845d304-e0c2-4a90-8160-fdfa766f1b69,0
784a35b4-e91b-4f8f-86ad-1d3fdbdad266,0
78510bcf-9528-4fd4-88b4-ebe3ca9f9d8f,0
78572f01-49a2-40e6-91f3-3bc1e9ae6348,0
785e65f0-c7f2-4e32-a0aa-65749b76681f,0
78660367-c1a6-4d02-ac25-d5a3982a0671,0
786e3abf-1257-40ca-83ec-6e61418ff182,0
7879281f-581f-4945-96e1-2da3de6e4746,0
78813b2c-ad3e-4964-9c6d-a6a83b5c8a07,0
7888dac1-3b4a-428e-b69a-38b0a81ef534,0
7891c37c-de96-4e9d-bd40-e89dc5fe1a51,0
7897e416-f77e-4b7e-9ba7-56d359e4e143,0
78a4220d-c5e8-4e7c-a343-6e94535b0e74,0
78ac00a2-f47a-4a2a-9d84-3d100d34b832,0
78b553b9-981c-4b1b-ad7c-c8b31eb23497,0
78bd9151-9157-4d01-a1f2-6050f51c81ad,0
78c5d4f2-46a3-4a93-ad04-61d5164b1309,0
78cbe309-481e-4d0a-9559-a983b891767d,0
78d39f1e-ca88-4f25-b193-65123b54f183,0
78daa8b9-8db0-490d-ae20-eebdf26f59f0,0
78e3a7d0-c2dd-46eb-9399-ffc66d856bae,0
78ea78f6-1566-4de4-bc3f-8dc6c1a8195a,0
78f349cd-cfeb-4553-80ab-550fe4c91b1b,0
78fd7331-6ec6-455b-b43f-10d89dd194af,0
7908bb02-228f-48ee-ad88-290e9e0485a2,0
7911fef6-e991-4df0-af45-2a8bc48e5334,0
7918af2d-0bf5-4217-8e89-9daebbd9133c,0
791d540e-f49b-4df2-beb9-a39bf6bf39fc,0
79249bcc-1482-44a1-ba54-ec9f3df3fa70,0
792be573-9713-46ed-98c0-277f35929060,0
7931563a-da33-4417-8fc4-69cfef33449d,0
793bb40c-3021-402e-a9e0-3116ce5af608,0
7945f246-b170-4ee9-9abc-7744639adada,0
794ef558-d002-4184-a5bd-ead7d3ef6972,0
795b897b-c151-420c-9c24-b222b8606745,0
7964a8f9-8fcf-4129-9e79-52530e0c3839,0
796e26db-a8f3-4323-b605-4fee5928b668,0
79738d71-e911-49d9-a4f8-bb0a69469fdc,0
797b1d80-e2bd-4c72-a82e-e63249b7f987,0
798282ce-5589-4e6d-a92c-4385dc0829d3,0
798919ba-8bde-4561-9984-2fa0414abc2d,0
79908b91-eba1-4685-ad94-c377da4c5167,0
7997d038-9851-443f-a983-32366f927e10,0
799c6c5d-80ce-43bc-9069-c3d0818de93e,0
79a4180b-acf6-4612-85bc-43eb8d018fb5,0
79a90eaa-aa13-485e-9467-502aca0a45c9,0
79b6ab5a-544b-435b-a6a2-a870319a6d8c,0
79c023ee-e66b-496e-8e33-84c3e489a1e3,0
79c56a00-712c-4dc3-91d1-18e95ff82f67,0
79ce07ef-f989-4a23-932d-12ed03ab0984,0
79d6e078-dc13-413f-93d5-d7585399e336,0
79e0f0c8-87be-4029-8114-b958a40dd9ba,0
79e73c8a-ef76-44e9-997d-6d0df573aea9,0
79f244b3-c848-4c0e-a10a-472e23c8fd67,0
79fa4b7d-350b-4103-b358-3dd1cd028ccf,0
7a01a625-a7fc-421a-ad7d-7c70e478dde7,0
7a0a8ed6-ae0e-4473-b51f-d6039ca59ef3,0
7a14131c-3f76-4456-81c7-cc11b841abeb,0
7a1e23b1-54db-4872-9a67-eb4d3140464e,0
7a2660a8-309c-439b-9fe9-8e3b7c74aadc,0
7a2ddf5b-96ae-476b-8808-b7b006ba3d53,0
7a37821a-16c6-419c-a791-59e0f6e926c5,0
7a3d5809-5aa8-4241-a8a9-b2e1fe074fc2,0
7a450dd5-0656-4b88-80b6-8236e71c3d16,0
7a503775-2cdd-48c5-a908-d18894691b01,0
7a546e94-e7c1-4d43-a100-ece9675260bb,0
7a5dceea-fb1b-4551-b5af-b5ed117efa78,0
7a681667-c42e-4c2c-ae07-4668f6eba956,0
7a75675d-2476-4689-b67f-c00f1321fffa,0
7a7dae7f-6a3a-4fba-9fbc-0f698f820be3,0
7a866d3c-5596-4d3a-bd94-fac6e85559a3,0
7a8f4a57-6f29-43a5-89dd-8914814ebd90,0
7a967e32-8982-4958-aae9-d9f8931fd070,0
7a9d775f-65ee-4a65-aed5-a98585a27c9b,0
7aa6a3c8-63d8-4738-8ae6-85b4562e6a4f,0
7aae41ca-b723-47e3-99c8-71423d5ba166,0
7abcecb7-2987-4e1d-bb8f-95b7ec8ed2ee,0
7ac2dc42-ad47-4c52-ac26-d61c13278830,0
7ac7326a-74e4-4bc9-9128-1ef6fb3d7c42,0
7acd40de-acb0-4da4-b81d-8522166d501a,0
7ad76080-c5dd-44fd-842d-65954752e1cf,0
7ae2f7f0-b5bf-4096-b534-faa7db3d5dfe,0
7ae6abfc-2829-4013-9bf2-180a07b79489,0
7aee64ca-9ab7-4dd2-8420-5d0616751fa0,0
7af3e013-9478-4de4-94a6-eb3b7ab85ade,0
7aff90b7-8ab8-4d2a-8da8-615975c0bee1,0
7b07a9e4-076e-480a-9a4c-b7f88d79d9e7,0
7b0feac6-9abe-49f5-b738-06b821986c52,0
7b16064d-d6e9-450d-9f9f-973c5645274a,0
7b1d2c07-6346-4aa0-bc6c-13f7f899f48c,0
7b21690c-16d1-4eed-93d3-a3970600ba51,0
7b286546-6f3e-4e2b-afbd-facbec6a4c8c,0
7b311b3b-7390-43cb-8bd9-b89fa18f39e6,0
7b355bc9-e1ec-4c76-adbb-e75ab174f61b,0
7b3b0e11-179e-4745-993a-36bba84c8c7a,0
7b424464-4624-44e2-ab07-e9caed4b3275,0
7b4d2908-190d-41bb-8f34-2e274026791e,0
7b527844-e381-4598-b7ef-6038071d94f2,0
7b5e6386-966b-4a9d-b77e-3c122230eff8,0
7b69c380-09e8-485e-aead-9be2231c707b,0
7b7be7b2-c03f-46f3-a13d-b0cc4fdf2432,0
7b85ee5d-c0cb-40d5-a0d5-26a024c08d2e,0
7b8dc7db-61a2-4c5c-8721-31b0eb3726b5,0
7b910094-1bb7-424d-aaec-1d3ff2beabfe,0
7b9a9991-f5c0-4df7-8fd9-652232e0bccd,0
7ba4c7e3-dbab-4434-82ba-d1ee69883204,0
7ba9cc9c-2a7c-436d-9932-1dd0eb45148f,0
7bb0fb27-3fd0-4e07-af10-f666cd9d2a80,0
7bbd396d-ecdc-4408-8bec-dfbc89f03a05,0
7bc6c6b9-5feb-483a-a530-2e8f34464220,0
7bcdd171-5a97-4b3e-bdb5-e49e82583d26,0
7bd47ac4-2b3f-4140-a57b-36cc57d1602b,0
7bdcacd5-4fb2-46fa-8108-b2eb9946a562,0
7be6e0bb-068e-4ab0-b3a5-3f02859bf25b,0
7bf07909-0bb6-46ab-a188-d51b554e5982,0
7bfb6191-a312-4ef5-98bb-1be2fe994bc6,0
7c038224-4a34-4861-9568-16b25d325270,0
7c0c5deb-91d5-4a49-b6d9-48a922f52ed4,0
7c16c357-f33b-42c3-a819-4c6ca7a11b49,0
7c1ea139-0e2e-473c-9905-53bdffb62c2c,0
7c2c41a6-9e89-4c50-8a02-e544fe75860a,0
7c330830-cda6-435e-a1fc-212fc07ef0e7,0
7c365a9d-25ee-447f-a169-46cb03f44434,0
7c3b33b3-e331-4a7b-8226-4a6e1abd639b,0
7c4216d5-b6f7-49b7-b91e-de06c0a5ad3a,0
7c473d0f-b3af-4ef3-89f2-0a0f68d69570,0
7c4d068c-92d9-495b-93c7-3fa90a2c203f,0
7c532a02-1f0b-49fb-8f83-9d19be1a97da,0
7c5c1d26-ae9b-48fd-9e13-fbf1fb30728c,0
7c63e1bf-0fc9-47aa-ab7e-6e486867c3f0,0
7c6d2051-1779-4e79-b466-4c50ff802590,0
7c76a544-56aa-48c6-a8db-7971f2d20c49,0
7c81c380-f560-44f0-b032-8b5b5a480fcc,0
7c8b0310-3615-46eb-a619-6207cf1b069e,0
7c928e62-2722-4b87-9f9a-bf1cc4f56b6f,0
7c9906c1-b97f-4af7-aac3-4e913b14765b,0
7c9ed6cf-7bc6-4cce-b24b-a0f5b7a0076d,0
7ca74134-bc7c-43e3-8062-9814fc7942a1,0
7cb2f5b5-b0f7-48cf-b610-a6f5baedeb93,0
7cbc3e7a-45d6-493c-b548-9867f071eb6a,0
7cc0e0bc-92ce-404c-9473-24916e4edcca,0
7cc94610-ff5e-4cee-bfc7-c910e4d587f4,0
7cd208aa-b3aa-4a8e-9436-5f87cc3e5779,0
7cd9de96-c808-41ec-85b2-4c5a254b94d2,0
7ce37fb0-79c3-41d0-973c-d8b11e183705,0
7ceeb666-d3e7-4e2c-91ea-a5ef3ff28133,0
7cf33725-dc26-42c5-8998-eded620652d4,0
7cfde323-d6f2-496c-988b-eafc71cbdd17,0
7d047614-a22e-43af-a497-0027e26b1c54,0
7d0c2fb1-e5a3-44f9-9bab-ac2dd7ac9d3c,0
7d11a079-c190-486b-96aa-a5dad7fc2216,0
7d1c23a6-d22c-48c1-b3ac-17ac14fab5b0,0
7d2156a6-afd7-4d96-aa32-7904b8dd1d55,0
7d2a70a5-7d55-4f20-8e7d-225fa2c5f335,0
7d37618b-7694-4bc8-bc42-b634f425e82c,0
7d43a2f6-9838-4b23-831d-beb2dc8f124f,0
7d4ae53a-593c-45d1-befc-222bae42a49e,0
7d4f17f0-bc89-4349-ada6-8ada40deffd9,0
7d554347-aaf4-40fd-a119-2b6f5a6885a8,0
7d59a4f9-5a54-460a-831b-52c09aadc926,0
7d626743-b5ad-4a61-81df-e70f3a3c46b6,0
7d699927-4d80-4a27-865e-96e733561357,0
7d74f4f6-db47-4b00-a1b2-5f9ea43a35b3,0
7d808785-122c-4f57-a868-7065edd39c8b,0
7d87645f-f00c-4cfe-9829-a6e9346fbc1e,0
7d8dcead-b712-4155-af82-31ee746b60b1,0
7d94c111-9284-4d16-92c8-2740b6ce7544,0
7d9c9dd8-e0bd-4781-909e-cafa175f191e,0
7da6d9fc-d7d1-4b89-87c0-270bf05b72a7,0
7dad29e3-7e05-43c2-ac11-c5239858c3f0,0
7db677f3-508b-42dd-b719-8e1866a05908,0
7dbd17ec-7d32-4647-ae08-c65e71aed7ab,0
7dc3e70d-13f5-4696-b028-5d888149f9f9,0
7dcc4b05-38d1-4d16-88c0-4c0314c5731a,0
7dd33c46-ea20-4b51-8626-b359c66466a9,0
7dddd339-a5a6-41d5-b8ee-35e92af1e995,0
7de8d771-bfb0-4393-a05c-0377e5ebe751,0
7df1d671-7585-41a8-9b76-d2c209b02c37,0
7df905e4-fc25-4c97-92c1-96be96aa16a4,0
7dfc61c0-ef26-4629-be2b-8578128d8443,0
7e08d916-00d1-4991-99d2-8aefe95543db,0
7e0f80c9-22da-40ee-b6a8-152bd45310ab,0
7e18e711-0882-4c18-b7bf-fa8ba57360b8,0
7e1e8005-4e58-4a0c-ba79-f0242efc8ade,0
7e244c9e-071e-4dcf-b19d-e909a40fccde,0
7e2a92e3-a471-4f8d-8836-b0ef163ec778,0
7e31f4ae-69a1-4e30-8a1c-f13998b06d04,0
7e39e26c-0c75-43cd-9ae1-cf51c478cc17,0
7e40a5a4-d960-45f6-acfc-7bf99560a549,0
7e44722b-2d2f-44e4-8ad4-1cb3403fb7f1,0
7e49ccd0-a82d-41e2-a4c4-c7e59df4a64e,0
7e54b151-d32c-49a3-963e-2b4376e5fe73,0
7e5bb993-8c9b-4e5d-b55e-2f3c0e9798cd,0
7e6a27fc-dfeb-4fd4-a190-12171b2db6bf,0
7e7521a3-f2e9-4b41-8acc-225263dbff44,0
7e7fed74-e2fc-4af9-a191-a1ec25cfaf6e,0
7e8ab02c-e65c-4a7b-84ca-d71c22c4bee7,0
7e91a69f-5e1b-4415-bf2a-7beb45e7697a,0
7e9a9742-c04a-4b6c-8583-7a6ff8580c98,0
7ea2ccc0-d8fc-47aa-8415-0b6071690432,0
7eab6b81-9f99-45e1-9261-1d1df2978a13,0
7eb1fd33-7223-45dd-8037-57c096f44e4f,0
7eb56edf-d390-4af6-93fb-4c41e080b236,0
7ec15915-1ef1-41e0-b1ef-280e873d5b16,0
7ec62436-eda1-4a95-9959-39f5b1837bb4,0
7ecc7eea-20f0-492b-83d5-66c9725402a1,0
7ed12d6c-1733-4273-8fc0-fb8f46781e7a,0
7edb5252-28d7-4a6b-a25f-fbedaf617566,0
7ee825b1-9b9e-485b-87ea-c0eb6f2192bc,0
7ef44929-1d16-46ba-ba4f-1bac595dac50,0
7efe4a33-4a10-4432-b559-0b1fad6b2f7b,0
7f048cff-88fb-44ec-83d4-0eabfa6699b5,0
7f0b0f9a-4851-4e21-8346-7672db48cd33,0
7f105d8c-8bee-4f64-8f68-fe751119a3df,0
7f166eaa-73e5-4051-a041-fb530b4f5a60,0
7f1c5cd4-058c-4ce6-9cc4-d1b49709f754,0
7f2248ba-9a7e-4c41-860f-862628f117e6,0
7f26c07b-8f2c-4a28-8b0d-6e6e0ec5c263,0
7f320541-5ff6-44ac-868a-8d8aa0cb4305,0
7f39ab4e-0bcf-4849-99ab-e5a35e963590,0
7f429d17-c3a3-4db0-add5-d6a7910e9e48,0
7f46b41b-f206-4ac0-bb4a-0ed8911855e9,0
7f4f7959-41c8-46f1-9a07-1b625698ae5b,0
7f55188c-e2e0-48e4-a4b5-0cb68dd62703,0
7f5c84e9-3720-43fc-8a54-25792dc16279,0
7f6416d9-80fe-4a68-a621-edc6043ac7d5,0
7f6bc54d-1c28-4ca5-b9bb-63c89300590c,0
7f727d8f-b339-461e-b976-a65ddad8da65,0
7f7d634d-23c6-4415-84a9-9e40e9478382,0
7f826333-c151-472b-b108-9a942da62ecd,0
7f8be12f-d048-4cb4-acc7-926a6c9f26fd,0
7f952f72-1e89-490a-9d21-4a0a1345cbd0,0
7fa1a2ce-f29e-4e5d-907f-1bab4c24a3d6,0
7fa9c832-1080-4439-b13c-f2d15a8eef22,0
7fb03482-3e04-4d86-bc48-dcab7bcdb128,0
7fb69b91-9440-41b7-8828-9f9eb3a73b00,0
7fbd2f0a-38d9-4e49-beb7-d130ffb285ec,0
7fc68a9d-256b-4b84-a364-e798b7679f96,0
7fce92b5-3cac-49b6-83a6-55bcf65b1a6b,0
7fd79758-f3df-40a9-bf88-ba50d273cacc,0
7fe17097-a690-442a-97f2-f56a5de1ffd2,0
7fe5e6cb-0e0b-4f10-a49a-11d9dce814d2,0
7feb07f9-efb6-4214-9af8-f9db77cbc283,0
7ff3b502-b2fc-45aa-9300-b7c9769bd130,0
7ffb23a6-c483-4737-8a8f-3810837800bd,0
8000f5b1-a385-4010-9471-5ccb337401f1,0
8008311b-6949-4566-b230-486bebeb0429,0
8012ed56-aaaa-42ce-ae24-b0582bb34d3e,0
80185ee2-fa47-40ef-adb3-8a919bfacadf,0
801f090d-b4d5-4ffb-9ecc-03477d9c9232,0
802a7c67-0e7b-4a11-9380-9d5fc13f0090,0
803247f0-ba60-4546-8cde-7a7963d41b90,0
8037e9f0-3be8-4287-93bf-259fd8bb7bde,0
80411aba-2db7-46ce-afdd-6db6a7d26339,0
80467c03-ecc7-40cb-8d34-1f248e7783f0,0
804d6258-3c6a-46dd-9690-19e9a54c81e4,0
8054446d-1546-4a50-a70a-07e7dc1ca186,0
805c5604-0cc9-43eb-91bf-3dbaab2c9b88,0
8065083d-4abe-4a3f-a305-cbfaf2c44a38,0
806e22ab-87e6-43a2-ab29-924e4bd3a6aa,0
807383e7-13ea-4cd6-a9a8-ea0a3cf52e9d,0
807958d6-d58e-4e49-9ea4-c38f64aac7d5,0
80841780-c2d4-40e1-821e-8b39212b1278,0
808b7321-0ca5-4dba-ad9e-951fc7d86f7b,0
8093b5a7-645c-4bcb-89ae-5c1d6f663d2a,0
809ba88b-b2f1-416c-8c7a-53438c3c1ae6,0
80a25b47-ce99-4f1f-9e89-68dc6d1f7300,0
80abb235-7323-4ec1-b068-ba07e05fea84,0
80b24f9e-43be-416e-9d3a-8d30266e097d,0
80ba6496-314f-434a-94f1-f9ec24d929a8,0
80c0f3aa-65b5-4099-a91a-3ef41d5d6224,0
80c98bab-27a0-442d-9823-949289c3d3d9,0
80cffdaa-b843-4fc2-ab66-2bd24d16a510,0
80d85545-bfd3-4d37-8b57-3d5db1aeee88,0
80dd64ca-9194-42f2-90fc-0c66b84cde6a,0
80e35c47-f263-4c00-8240-b43903876778,0
80eb70af-bf91-4418-86be-1a75bdeea4f1,0
80f40f55-4cc6-4f49-9634-66b2b7392cac,0
80fa62bf-5a46-46ab-bd4d-57b66a968704,0
81043db0-e8ff-40f7-9860-008a910e2fc9,0
810a647b-d6bc-4fc2-98f8-029dfff21a3f,0
8111a7e0-e03b-4165-9c12-7c852e7bcb5b,0
811ab2de-05b0-4611-a2fe-a3dc7e253eb9,0
8124806d-3b70-4d0e-a8f1-c26519231e5a,0
812b048f-d52f-4c51-808c-bb58417d05c4,0
8132345f-def1-4a83-a09d-eaecf27aff3f,0
813a9359-830b-4b53-9707-7b32511c5a4b,0
813f0c68-5b4b-42dd-85e5-a39c3f30145f,0
8148abfd-b0d1-426c-9641-d122801f33b7,0
81550784-3d3f-4346-a96c-83b88fecf08a,0
815d05a1-1e15-424e-be4e-4b5009a01de4,0
8166c73b-c6e3-473a-bdbf-738a2260cc19,0
816f5477-20f9-47b6-ae50-299cb0c7497e,0
8176a5fe-c924-4091-96ba-fc3614c74db1,0
817c40ae-3179-4a1f-8005-6e6f348dab5d,0
81836737-1914-465b-be97-689a04c89013,0
818d0739-b39e-47d3-ae19-40600c381fa6,0
819469b8-c42e-49c2-a74e-81f763a19920,0
81a593ab-cf72-4e62-8a64-44888188de43,0
81ab89f7-1eb8-49ef-9b37-45bb1f216643,0
81b0384a-2304-4147-9c4f-3bed1affabf8,0
81b67025-7452-4ee4-ba0c-6361518991b9,0
81bc77a8-0807-423a-aebb-a3bbe7aa5add,0
81c1ffbc-fd36-455a-b142-823d3cde82ad,0
81cafefc-7f45-4fcf-8f45-15920b93be9d,0
81d48fed-81b4-4166-86bc-9008bec9e6c3,0
81dacf80-029a-4546-a6e4-dcda0b9552b9,0
81e1d026-7700-4960-8dff-4ebc97a2f85e,0
81e9b51d-6c39-446b-a6d0-3df75e9f03df,0
81ef5962-91f4-4098-8ccf-16a99cfbd2a0,0
81f6a7fe-ea06-439b-93a7-b819b1cd5f9a,0
81fd8e89-c4e1-49c7-9ae2-ab28fd320bb3,0
820413c7-d732-4232-a0dd-eab9298042b9,0
820b010b-3aa2-4e67-9e94-99bd31b425cb,0
821771c9-07ea-456c-9969-f38c7922337f,0
821df3b5-7943-434d-9abf-88c6dac4148c,0
8224cdf2-1880-411d-813e-e2684a80145c,0
822b9132-55dd-46fb-beb7-16fb359de186,0
82320810-923b-496e-bc3a-b6c272ab3543,0
8236b029-89d2-4b6d-88bd-c754e6379f68,0
8242a241-1cc8-4a17-acd8-c7ef4a7799ab,0
82475529-1f7e-47ca-882d-86fc01dfd4cc,0
82504e73-abf0-4c0b-bd8c-dee55d216c27,0
8257acfa-bf85-4587-83f2-7c9b560afe56,0
8260dcf3-1b7f-4ffd-9479-f1131e5c4918,0
826b60db-3830-4852-aad0-5508eed446a3,0
827175f3-d7a1-4e21-8c1a-e30edb70e1fc,0
8272c33b-70dc-4ec5-bbf3-300a69140c59,0
827890c7-746f-448b-a43d-747c9a2656fb,0
8280d3ea-f42a-4cb2-a678-40e2759a2687,0
828768a2-2488-4357-a428-f69dd2a7cc7c,0
828f3f1d-a300-456e-a29c-9ee8675f3495,0
829575f9-7637-4325-9479-956767341b59,0
82986af7-55be-4274-aaff-4bdd522dbf97,0
829ed0e8-307f-4553-ba4e-0f9a46daa536,0
82a72cfa-965f-4913-ba46-024b393deecd,0
82b3c4a2-5146-4379-9e54-034962b14673,0
82c08963-9dd0-4fa2-b361-0418292f67cd,0
82c76b32-46e5-4c90-ad34-1b88acbfe342,0
82ce8e18-7997-4c4b-a111-c2a5d4dd9dd5,0
82d5080b-fe31-427d-8bed-0978900131b2,0
82e1023f-64c9-4297-ad88-aae384c68226,0
82e851d1-8afb-4ff0-a85c-e68c2b22f2b5,0
82f96384-5b34-45e6-8d36-8d2fd681ec44,0
82fd76e4-9157-43e9-823b-585079d1b3da,0
8309326a-353f-4bc4-8c8d-30353aaad944,0
830d8b43-c4a4-41d1-876c-caa3fd0757c8,0
8310e1f4-732f-4482-88fd-93c230620a06,0
83161bfd-17e6-41e3-90ce-64a18f5f190f,0
831f8654-c382-409b-bfa3-1f9d8f8cb3b1,0
83248df5-199e-4d2f-b7f2-9b929a972f3e,0
832a0ed4-bb91-48e0-b80b-6c0683bddc85,0
83309fa9-4d24-473f-adb4-fa4f658268c8,0
8337d285-7af3-4d89-91ae-c5f22b2223a7,0
83403d06-dab4-400f-9cb1-cbf9184b6016,0
83486b46-5a73-4e10-8897-8a471a7e97a3,0
834d8a10-6594-4a8b-8208-a89fdb3ad48f,0
83547df6-cba1-458d-a737-6edf68c2af4c,0
8358aa5d-154e-4673-a14c-9b30bbf0640e,0
835b6da5-1eb5-4b49-84b9-3733d84f6060,0
83617a6c-0008-4c9a-9b5a-356da80c6b55,0
83697b7f-61d8-4b38-bf75-d253b30b3b1d,0
837566e6-7ece-431a-b9ca-aa9529651f01,0
837de58d-a02b-4e9f-9855-0e70bfb6f2d8,0
838a17e3-29e5-45f9-a0d0-47e2d7724b9c,0
8397e1e0-e348-42af-a41b-d634a6e78648,0
839e386c-11cf-40a5-a107-ba5d19f4e915,0
83a67d9b-9a50-4f10-9505-9e4a9643baf5,0
83ac249e-339e-4c4c-acb7-1f350e0bc71f,0
83b3be39-c459-42ba-b083-b903c76bce41,0
83bd8c47-a0e3-401b-88ab-ba91968c8c9d,0
83c947ba-3196-44a3-b08a-5ac1e53c7d15,0
83d35b3f-3590-487e-9881-0b835b26975a,0
83d7cb2b-27e0-4f76-9f0a-d3bf7e42f875,0
83dd11bb-56dd-44cc-bb0e-e6583de2097b,0
83e73aa8-5477-4322-b126-a4c9d1d7cabd,0
83f0e794-53cf-49b2-9ab4-46a4bbbe8a7b,0
83f810ae-649b-4b69-be90-71559c9ef530,0
83fe9807-b6a7-4507-a633-a1994448aaeb,0
84034c7a-4b03-4747-ae68-aaa32d63d48f,0
8406c35b-4d7d-4d5f-8a4f-bf6e2cee3531,0
84096359-4b03-48c5-a45b-2f57e6d0e0b5,0
840dbf48-ded6-4288-b854-99b5b76d9ace,0
8414a1d4-36a1-46bc-b69f-4f55766a015f,0
841cf13a-3b27-4852-b4a6-e1ff1319bc57,0
84267fae-ff3e-42f7-8040-e4c6b5e74353,0
842eb82e-834b-45ae-8665-7c37d330f8c7,0
843295a1-4078-4452-ad43-144abbf791ba,0
843c3075-6bf2-4eae-9888-427c9e6477e0,0
84436f4d-bb56-4e9b-b88e-6829344d4e3e,0
844ae8e5-fad6-45dc-b694-1790d77eaac1,0
845379b6-61c9-44b3-a278-1413585911f2,0
845b4f17-c6e4-407e-bec5-6ed2b3479669,0
84600f2e-6885-4e29-ac12-e991597e83df,0
846a63b0-6a4e-4458-84a5-a56915cc6390,0
84714610-bde9-4397-853e-00c6bd7dc1e8,0
84771aef-bc6f-49c6-8c76-a9e454fa83e9,0
847fcb35-1eca-408d-a94d-06b0d4cbf557,0
8487eccf-e213-4b36-980e-aab806bfbcba,0
849138e5-ebf3-4d80-a61b-e42b6e22aeb3,0
8496a706-1492-489c-995b-3b8972966c87,0
849f27a0-bad7-4ffa-a12e-e98ce6524ee9,0
84a8fe9d-720c-47e9-9a2d-3538f24dffed,0
84b60e8a-af94-414a-8a82-0306de1a8bb1,0
84bcf3da-123a-47a0-b4b7-8513f43820c8,0
84c66398-1045-48e3-9f97-1fefacd8521e,0
84d0f1f5-1e9e-481d-a50d-3736f8ced1e4,0
84d73c1e-ff7b-4474-a8aa-5e8181feecd8,0
84dd6266-0c5f-496b-970b-fad5db16f753,0
84e24403-07e3-4442-95f5-45a5a13feda1,0
84ecedc0-c3e8-41e2-99ec-fb70699c25f8,0
84f37702-ef6d-47af-8d0f-f89734f2c093,0
84f9a01f-ef22-4cf1-9728-1de3a5e33294,0
85026f1c-02e1-4fce-90f5-0ea89740e88a,0
8507c150-e347-4e95-8e54-bda9fb22256e,0
850dcaa1-d63a-4e3e-b3f3-c85c09fd0780,0
8517a085-1c81-4c12-95e0-0d145c22ffe8,0
85209940-3239-490c-b36c-1bd27f89d148,0
852aae99-d309-4b12-a5cd-be5adfd60de4,0
852e558e-7684-4031-a94f-223ebbb7a60c,0
853453f7-0b20-439c-a2b4-088e1252c2ee,0
853a91aa-c920-427f-8161-41a709070526,0
8540e24e-ca0a-4111-8d03-24e9d1949b8e,0
85488598-03e0-47ee-9610-ee7df519dacf,0
85508239-1973-415a-8d91-10a22337e06a,0
855aecb1-d6f8-42ac-a158-99c729cdf25a,0
8564ef8c-bc5a-4757-bfa0-e8751612081c,0
85694dd0-6a09-4a8c-8b7d-2ca89e0aa526,0
85712944-d470-43a3-a2dc-037b3fb85d88,0
8575ca80-a6e1-4e49-9a3e-5470e8e36f17,0
857a2862-91b3-4720-bfec-4afe02feef65,0
858033fe-3e19-4634-af7f-c26d431b3698,0
858a9eff-c6de-4683-896e-089c442de35e,0
8594ad84-90d6-45f5-9f67-30a58a63a12a,0
859c61d8-3777-4dfd-8216-f1f098834b84,0
85a6b42c-522c-4e57-8ff9-1898fd3dbfa8,0
85af2d64-b857-4376-ba50-6658203a88d2,0
85b3ada8-e725-4c89-a41e-54804312dbe2,0
85bc20a0-0b2b-46eb-b296-a4da99f6cf84,0
85c4790b-73f7-4745-a4a4-3781fcceb6fd,0
85c63062-35a9-4b07-9cd6-83b99550980f,0
85ca7b7b-e2dd-4b1b-a3c7-e6c92f914a9a,0
85d12894-3139-4724-83d2-51a69d878215,0
85d82cb4-30ab-4b57-ac4b-92cbdab7b420,0
85e1ba26-ad25-480e-beac-671e402ca510,0
85e98432-09e8-4002-b6ed-368a5b01c7cf,0
85efc186-da64-4453-aa61-11e50304826d,0
85f69527-9d11-40b5-8733-930b589d2401,0
86026650-e601-4dad-8cf7-19b87905e7d9,0
860a20d8-9c1d-4f56-a965-b132e831f214,0
86120974-2275-4887-b418-5a5641707ed9,0
86197d22-6f8e-4b34-a3a4-c6c6deb295dc,0
86210033-eca3-47cd-b782-5ccbab23d53a,0
862b7a64-aa53-4b5c-9b36-b094cfad0f79,0
8634423f-a1c9-4809-8988-bc33bc69393c,0
86375cbb-ccc7-4e4a-89ed-bb3b1cfdf525,0
863ac76d-bb62-4f71-b9d4-075b41e1f15e,0
86466d7f-df1b-42f8-87e2-b146e0aaf6fd,0
86513cf8-0379-451a-bc5b-1aff3a955ec3,0
86573f9f-3884-4f48-aba7-65b9f9e7031a,0
865ce8af-492b-4f42-9141-0f67bd26e9b7,0
86674296-240b-46d8-a24c-d2e1fb0fd311,0
866cf8b6-d771-4d8b-8d8d-e2aacbef9fe9,0
86720553-d95d-439a-856f-7fcaf6fcbbd7,0
8679f97e-64e4-4016-b5af-22c4c882774a,0
8683742a-796a-43e0-9aac-c4cfb89c43bb,0
868a446a-bae2-4a47-8818-ea69923a9a83,0
86916c0b-1b74-4538-97a7-3bf85f2648d6,0
869a179d-5f83-4ec2-a4a6-aa1cab4103f7,0
86a6f3fa-2ec1-415f-b4c1-09fd6d538d52,0
86adaa59-4222-4612-9dfd-58cd1bc6d01a,0
86b39fa8-8a24-4d01-9815-b3766a47bfba,0
86bb57cc-37cf-4209-a3ff-36b1a5ff1f72,0
86c1467c-2d23-4f95-8333-dedb9b9c1cc2,0
86ca3a83-f7c7-4659-8864-b0c7466a7829,0
86d11393-5a63-4008-818a-02770e04d355,0
86d97883-9526-42fd-90a8-af6651c02b26,0
86df5786-9b82-4ede-8b42-d08cb000fe97,0
86e870f4-e459-44da-a3ef-6e6d30a7846d,0
86ecd15a-0ef3-402e-bafc-d83bead0e01f,0
86efefc3-2e24-454e-bb9c-c0489c9e400b,0
86f4ad0b-a3cb-4245-b125-37ec6b7ccda8,0
86fa7e88-d95e-4a7f-9024-6af7209289da,0
87011dd2-6bc6-4a1e-8188-2ce0ec35e6c3,0
8707b536-699a-437d-8c52-fcea3c2beb19,0
871097be-1c6b-4ff8-8f22-830e651cf844,0
8716d3f3-4d18-4cd9-9b17-07d60f894be5,0
871fb4eb-3e83-4f9f-88eb-3765b535d4ac,0
87265237-c89b-4374-8868-4b0b6e406668,0
872e1f88-d138-4c12-b0a7-a26c37586525,0
8735294b-3636-4cbc-8003-c3449bcdd781,0
873fc1c5-0b20-4ca2-bc20-303c3c783b64,0
874c8d08-491b-4fce-acbe-a529093825ae,0
875744ce-1c1f-4f3c-a8ee-88157154618b,0
87662c5e-2ad2-46da-a3fb-3d70dae82b23,0
876ff838-6751-46fd-b6a2-f94bb6a9dbb7,0
877b8afe-351a-49c5-89a5-c6b3ba2482da,0
8782e01f-0387-4ee8-8730-39f695b7b79b,0
8788c7c5-4a74-435c-8898-226654172269,0
879588f0-f5fc-4afa-a241-e88b12db15ed,0
879ceaa7-1a67-4a12-a2ed-17cc61faa90a,0
87a6b337-3c35-4241-b785-baba214e5372,0
87b3fa24-2105-403c-98d5-021990bd3f7d,0
87c01216-3036-4f24-ad94-67dd7f53009b,0
87c4de9c-bc1a-4c35-9c38-eb1b88e19dbf,0
87cbd7e2-ae04-44b9-88f0-c2855393074a,0
87d26953-c70e-470c-b40c-647eb198a7f8,0
87d78250-1f86-4d7e-9fef-41f2deab51c6,0
87e3b8fc-8ea0-422f-b31f-b44c236e4422,0
87ea7eb7-d2a8-4a1f-be46-520696baf28f,0
87ef96c4-e94e-4d55-8274-3f17d8a61872,0
87f7aadf-f76e-4733-9aef-65ae99ff2fe2,0
87fc29dd-528a-40fe-a0a8-c2a97f4b8319,0
88065140-db8d-4f43-aa9b-b432b419d458,0
880ec504-21fe-4201-b153-180871428fb8,0
881756f7-fc9c-49ca-a8c4-2ffafb5536ea,0
881c5d26-95f7-4dbb-8bf5-c829812d2e40,0
8823ad16-d80a-4ded-a605-42b5f3c7dc82,0
882b2965-2859-4735-a4f5-c8db4d894c8e,0
8834338e-ec88-4ac0-ab52-e54531624884,0
88390d09-86fa-4e99-816d-920db1b7855b,0
883e623f-e84d-4569-a4ca-a8722f3045e7,0
8843c907-0267-4f43-85a5-01cf11c7c291,0
884b40fa-f7b8-43e8-8b5d-39c060a0cfd8,0
88528ef5-d8b1-4a0a-9ddd-8baa5dbe4d5b,0
885be4d2-9e5a-4c86-a16c-cbc11b9ec43c,0
8866ddfc-72de-41d7-ba8a-307665aba72f,0
886da4a1-ab32-445a-96c3-90ccffbde463,0
88757bd2-513f-44d9-9f35-e3de92b90ba7,0
8879c161-c768-444d-9adc-0e4c4694d6df,0
887fc2fb-18a0-4834-9fba-3739b77cc24e,0
88855dbc-335a-40c5-9a6b-0b3c60439cfb,0
888a8c5f-a222-42b4-9bad-90ac8145f70e,0
88927068-10c2-4dbe-869e-fc5946b0d823,0
889aa44b-0890-4249-aaf1-9fae6f644a42,0
88a71747-a326-4701-9da5-63fe4f7ce87d,0
88ab5018-6ffe-4ff9-9870-72254765eeb5,0
88b9029e-2464-4689-970a-30e8a9067559,0
88be5b8e-5122-495c-9b34-c131a44d9951,0
88c553aa-fe19-46c1-b307-297e6d49fb8c,0
88cb21a5-bf12-4e82-a1f1-abed4c3362fe,0
88d2f286-8254-40a3-b22e-a12633a62755,0
88da5dd5-7c76-4811-9341-cba4ed0f0883,0
88e071eb-55af-4da9-8237-b64781f900e0,0
88e6d305-683c-498f-8d71-1562fc4ee753,0
88ee0b3c-ce00-49a7-b087-fbc2269b5b16,0
88f5ec0d-3648-4074-9ef8-de46c9bf2a91,0
88f9ae1e-ddd3-41ce-9f78-5701fe7d482a,0
89003b6b-2d46-41b1-b02d-3c6847199460,0
89095a86-3eb6-47ac-97b1-e9018efa644e,0
8912f70c-8ed9-40cc-870b-3e9bce4d25f2,0
89197131-18f5-4380-bf97-44f282c41943,0
891dd083-9324-43c8-b2ca-0dcc68c42be1,0
892cedc5-f464-4358-9a2a-c8ccf1ec0ea0,0
89315b33-1326-463f-b301-46a4dc10d6c6,0
893a4505-5209-4285-81d0-78542aec7e9f,0
89430d53-fbb3-44e6-8168-dbd485e35835,0
894a568e-a696-4f46-9e47-7d649f2022d1,0
894e404b-cdc9-4ea0-9b99-f2ec1c295aa4,0
8953c6c4-99f6-4789-b12f-4520feaed1f1,0
8959b469-102a-4c49-bdd3-142d27edf8f1,0
89624336-9bb8-478f-af49-4fc2af34b63f,0
89664af2-8285-4ab7-a936-9724e9f52f8d,0
89702a25-9bf0-4b09-ba43-0fa6a4a77bf9,0
897af8fb-ef67-4ce7-9729-ebcd98aa4cff,0
89841dfc-06b1-4d24-a0be-72c00fbdbe05,0
898dc4a4-a4ee-4e19-9ec3-9ed5734a83eb,0
899402ad-fab6-4a0e-a27a-3e94a1aac999,0
8998b939-4524-4264-b914-64fe3fd32ae5,0
89a1a823-6f55-4a5b-ad25-5bde79641b56,0
89a7e3af-e25b-4738-a34c-73c04bfbe1f7,0
89b1819c-60b0-4d34-a36f-8b049a28ca5a,0
89b83351-fe00-4de9-8445-d1327df96976,0
89bcc5ba-6110-468e-94d1-a9d60c4e8dcb,0
89c3716b-5178-45c1-b77c-7b3c211dc331,0
89c7783a-3d47-4851-802d-dc24afea6431,0
89cc82b4-109f-4c60-aeb8-3f82a0718093,0
89d3b5e9-1e26-4ed2-bb48-8c8142f41b86,0
89dd0424-e2e3-466e-be3c-b9613fe4ab15,0
89e532ba-b1f4-4528-8972-d21a5538505c,0
89ea59a7-ebd2-4123-87d5-28ce826422ee,0
89eee50d-0878-4260-9c22-e63b22fc9f7a,0
89f340a9-74c5-42a8-b294-2cca0579fa77,0
89f8f7e6-1c2f-4c46-8640-86ea88ef1bd9,0
8a014de7-e5a6-4548-9551-940a908cd3fc,0
8a05ddab-b0db-4d7e-b0ab-a91c1ec3ec57,0
8a10963f-57ff-45da-ac6f-31e557020b89,0
8a1947c1-2bd2-4e18-bdf9-eaea88a8b10e,0
8a1e0875-33a2-4e29-b2c5-b95d8668708b,0
8a27bdae-2032-4aa9-a1bb-2f90ca4307e1,0
8a2ed7f2-25d7-4e00-893e-e764ed689d8b,0
8a3722fd-ae5b-4cf9-98ca-ff0696340ded,0
8a3de649-3f6f-48c5-aed1-3787aa5af1ce,0
8a4336a4-74f0-404c-a1b1-69aa4206390e,0
8a4da980-1b2f-431b-bb48-a425c8850a3d,0
8a57dc6d-e7d1-478f-939c-0e9d49601b17,0
8a61f68a-c093-4bee-b652-35c45532b69c,0
8a67f365-00d8-45a1-8a80-9061e59a8211,0
8a6b5ea7-bf0d-412c-89ef-7061ee352462,0
8a728f71-8c54-490e-9c56-8eb41d603e1f,0
8a7cc41e-c27c-4d1d-8c52-19966acc0013,0
8a8345e1-4738-47c4-86b5-79a0209f436e,0
8a8bb00d-8f58-4a02-9384-6c512cfdda5a,0
8a965f94-11ea-4854-9c0f-5aee8e6a1675,0
8a9d4622-04aa-43b4-ac8a-82d0eea7fc86,0
8aa8fb00-b9e4-4552-aa4b-fcedc4eec4b7,0
8aad361b-86e1-4dc8-beb2-93a375509bf9,0
8ab3210c-2168-4068-af07-19970804df34,0
8abad3ad-cadb-407f-8958-59201d6f2c2f,0
8ac10b74-0ac0-4612-b752-3dca98958f7e,0
8ac8b1b4-0185-43eb-a990-74c4e7b10a74,0
8ad28e5c-7430-48da-9160-262ad09f80fb,0
8ad954b6-c12d-4934-9338-b8a9c9b21c68,0
8add6be0-ed23-40e8-a3bc-a9e91c9cec40,0
8ae5efee-0ba5-4df6-8618-6e45cf3fdb9d,0
8aea888c-e136-4ffa-9302-5c1b5984be74,0
8af629b1-9591-41d8-804f-c0e11b3f8348,0
8afd6954-641a-4d08-8285-a5a85dc50ed7,0
8b05ab8f-ff4c-4676-85d0-694e0ea861ef,0
8b099528-ce41-4126-8f50-bb988b61d7b0,0
8b129209-ffc0-4f6c-9374-04220070abfb,0
8b1870f9-cc13-4ce2-8986-80e4c6116a0f,0
8b21f563-e25c-43f7-aeee-ed4730c054c6,0
8b2b2b32-e62c-4ee5-8c1d-688d0fc80e20,0
8b340fde-ce3e-471d-87d1-666b8df4621d,0
8b3cbc88-952d-432a-9c88-a6193687c9ec,0
8b447644-8942-441e-98b5-990e9a38a617,0
8b4aaa8c-a85b-4252-aa9c-93f63eb1c32e,0
8b51bcf0-c4e7-414d-b1c1-dac54c68e97d,0
8b5babba-cc31-4512-9ebb-97841f3719ef,0
8b673372-c3eb-4654-bd36-ce434019367d,0
8b6e3a76-04c1-4e39-96e1-1eb6c9cb127f,0
8b7ae822-f5f7-42d5-ae2d-2d5d5b92a5ae,0
8b89fabd-113f-4ddc-9a15-450c73584c1c,0
8b90aee6-3d4d-4016-b653-56d00fc95a2e,0
8b96a126-958e-415c-a712-326b51b0c41d,0
8b9984fb-2b64-4bb6-800e-ef24119604b1,0
8b9dd2a8-49f3-4bbb-80e8-d8489d32186e,0
8ba7bb83-e497-429a-97a2-514ac269efee,0
8bb1e431-21d0-451f-9e97-dca3145e9e49,0
8bb86931-7586-4b13-919b-174cd0b84eec,0
8bbf0b65-bdf4-4f64-ae57-c90013fd11f1,0
8bc470ea-b274-4a91-b5bb-7f630d6313bc,0
8bcfb677-82fb-4706-b517-eb2cd6218219,0
8bd5ceb3-568f-45e7-a78d-a418d1810d7f,0
8bdf9692-6ae2-4e85-8239-46cc7b0c5ed9,0
8be83fa2-e2df-435a-8441-f7c3091638fe,0
8bee09bd-84fe-476a-b848-95fab161ae6a,0
8bf5518c-2998-49bf-bbf6-437148fdfe44,0
8bfd35d4-81bc-441b-9efc-bdb23e3c9bf8,0
8c02c1e6-efcc-4fe7-b2b8-6f2bd7105efa,0
8c0bbaf8-b820-4dc7-a3d8-0f0fc5041a20,0
8c149f56-96c4-43d6-a816-21342fcb9235,0
8c1d3a52-e726-4421-9cf5-3358ec74797c,0
8c23be78-d93b-4858-9165-6cc382a2aeeb,0
8c2bf46e-3871-48bf-ab98-c8d1cc9df0d8,0
8c32574f-a158-4160-aaf8-613dd628d802,0
8c3a6183-40ed-44cb-b480-a288fcea16d2,0
8c419a7c-d3fc-4402-9e55-fc948064fee6,0
8c488973-6a44-45ba-9bb2-d07462973fb5,0
8c52f062-a489-4239-8019-7ecb8315323b,0
8c59c7d0-9f9e-49c0-90ec-c8c5175e74ec,0
8c6364a2-f12b-4184-963f-6a425ca71271,0
8c6d6859-cecb-4b89-ab98-0b8dd638bba4,0
8c73daee-36cf-4cd7-8b87-d0f329b6b42e,0
8c795cc9-f082-4fcb-a1c1-bc1b2c2af063,0
8c7d29ff-da92-41e8-b670-b6a0a4813b1d,0
8c829044-1eca-4bed-b218-233ca66510f2,0
8c8bfff2-bc09-40f2-8a67-15cc39f2a53b,0
8c945a58-6977-41af-a0f9-3d3b118ec70e,0
8c9b433e-0063-4e4e-94fa-c0cad225b598,0
8ca13aea-4610-4fce-bfe3-cf22096d3e8c,0
8cab66c7-88eb-4d49-a021-6c9a26e17f4a,0
8cb0b760-5b43-487b-be63-998a66a3e6b8,0
8cb56386-4d6f-43de-a13e-1a22c71f8d1f,0
8cba4f8c-bb48-40a3-aa27-943a034ed445,0
8cbf4d8b-49ae-46bf-9ff3-323eb65d2e3d,0
8cc89e7e-7723-4f7b-aae4-04f4e5e5ae76,0
8cd0785d-fede-407a-b707-07c6e09822d7,0
8cd81635-7314-4a45-8e6a-f10d65a9be82,0
8cdd5737-1808-447f-80da-b21b2ef23f21,0
8ce50a8d-8acf-47fb-ab0a-dc6ec9627001,0
8ce961ea-c796-47cd-81f4-7e57d2718390,0
8cf0bd0b-63e5-4ae4-8da8-011ef6120488,0
8cf682f6-8fa1-43ff-804f-c6e597754f6c,0
8d020860-60d2-4f5d-9dbe-3d26ee973db2,0
8d09ec76-7666-449d-989f-6410350b7e86,0
8d126008-af15-468b-9865-d9ac50e7cf0a,0
8d18c0de-91e1-43ce-b096-376ec5c9ace3,0
8d208548-a8b9-4a3c-9da3-0512acc282e3,0
8d27c02c-cc96-4e5b-a330-c8b35181558d,0
8d2e6f03-5932-40cf-8d06-f7fa7505045a,0
8d34778b-a359-4634-9aec-95e46fe052e6,0
8d3b39f4-af34-41fd-8b2b-9dc91d2262a7,0
8d44b258-7332-4212-9f2c-4da83c632312,0
8d518936-80a5-4206-a8eb-35b8599543e4,0
8d58c109-17c7-4dab-83f2-2615e97975e6,0
8d63d7df-e394-4669-ba6b-6f37e8e9e1cd,0
8d6ccbc5-cff9-4c01-b0d7-eca8e8677d60,0
8d73fc86-09fa-4093-b528-e95d25056c2d,0
8d7a2aab-8527-4e7c-a841-01e6d1801ef4,0
8d7fd882-816d-4a9d-a5bb-33f96f31e3ad,0
8d85f60e-7c81-4a7e-8055-d08886ce13bc,0
8d8c9d62-85a0-4671-b733-22f984e46f57,0
8d9489e9-cbaf-4bcf-ac26-9de3b23096e3,0
8d9aa964-e84c-45ce-944d-89b1b16382c1,0
8da4a552-056c-4068-ba83-b3970919fa4b,0
8dad6faa-f539-47f6-bb32-dc96622cea0f,0
8db3c209-a976-4ba3-ad76-784b6bf05fcc,0
8dbef6ec-8af6-415d-b789-9c0707183884,0
8dca52d9-7a38-4605-a63b-b944934cb18b,0
8dd46535-53aa-47fd-828d-23eff7ae7738,0
8dda5998-5af0-47e8-a7c2-2386c1a8588d,0
8de17e7c-6e8f-452e-9530-d8f43e0cbc9c,0
8de72d53-b354-474b-9857-eb9d97a2ba3e,0
8deed2c8-e324-46c7-bdba-8e1a91a39549,0
8df84a18-4b75-4ad2-b74b-2eac38ee4154,0
8dff1002-2238-475c-aa23-cdbb9abc79c5,0
8e082b52-24ae-4ad0-bbff-8feb48b42332,0
8e0e1c95-1c00-4978-9af0-5347b845ad15,0
8e11f29a-0484-4340-b714-0ea337558251,0
8e197037-d9f2-446a-b4cf-9a351e3a70d1,0
8e24b13d-29ed-4395-98b7-4262c18f80a8,0
8e312d85-3cc1-46e8-a034-8876a1f35793,0
8e397107-2096-4da2-a5c4-ccb3b62df9c1,0
8e43356c-f77e-4d3c-a407-11e76ee30ec4,0
8e4a5f6a-dae0-4348-884d-dbc9cfe59a5d,0
8e53b933-bade-4df0-8ec1-ca1eba5c7ab1,0
8e5d08ac-dc30-41e2-92ef-68cc0b1b4628,0
8e651fff-d0be-4905-a506-a86cdb502ff2,0
8e6c8f62-d9dc-4ab4-a6ab-da9bedee72f7,0
8e76f108-93e4-4756-87a3-c4658776ddcd,0
8e7ed5cf-eeb8-4e41-aa67-e2395ee7bd9d,0
8e849c89-0150-4a2b-8bc9-b2664271ba0c,0
8e8d18cb-94ad-455b-aeed-5c253e887364,0
8e918435-f350-422c-8bd0-1d2c3ac51a50,0
8e98eac3-ba68-40f1-8678-3d4f60afcef2,0
8e9e96c4-fb30-4d18-a7d7-680703f9ae50,0
8ea354ee-557f-4044-9590-3425fd2e9169,0
8eab4045-9dbe-4cb9-9f5f-2074b8050ec4,0
8eb940bd-b76f-4446-84d3-56d810526c71,0
8ec36ac1-37fc-425b-84c5-2037ed522698,0
8ec8e97e-f70e-4a5e-a969-e660018b531d,0
8ed06419-8b61-42af-9306-07a87541369c,0
8ed722fe-ef3f-4b68-ab50-e21260158daf,0
8edfe9ae-90e3-4d64-aab5-b6571449737e,0
8ee7c47f-ff99-4ee1-9c79-642546a26b1b,0
8ef0e02c-6357-475b-9f48-f8c205869823,0
8ef87e00-3b0e-4969-b85e-abe8859ea188,0
8f02d741-d0ba-4ec8-a9d7-9cfbb42d93dc,0
8f084214-83d7-4bc8-a387-d93d5fbb5e41,0
8f11869d-4432-4a85-8e2b-223327c08b29,0
8f1af22b-2825-471a-8451-0e22ffe08d9c,0
8f2317d9-b4b0-4aa8-9ebb-8156bb8e3cae,0
8f2be7fc-7d06-42c6-ba06-21e30d61ebeb,0
8f384745-9312-4cda-8e8c-89315aa97e5c,0
8f3e8d3b-c0df-43fd-8da6-93aaef550180,0
8f46edc2-a429-4ec6-95ea-bdfbf16544ce,0
8f562c7e-5965-47c8-9f46-b064bb459632,0
8f5f2769-bc40-4ba5-bc66-836e094c804a,0
8f643f37-829c-4ef5-bd16-10f87eab1549,0
8f6b56a5-92b1-4730-8c2d-ae2deddf4ae1,0
8f7429b9-1634-4692-9d42-c58aba1d9fa5,0
8f7fcf37-fa10-45d4-a115-d03896027326,0
8f867be5-8d0c-4d44-afe2-90d7c0c6cff4,0
8f8ccb09-f290-4ea8-a5fd-40b44a10e780,0
8f96734a-0aeb-41ef-a680-f6a29c061bec,0
8f9f2163-7282-44b8-bc79-6ec300d17798,0
8fa93d4d-fa03-4045-acdb-35bf1c44fc76,0
8fb2ea63-40f6-4d50-a799-1cb4749a7f05,0
8fbc18a3-042c-437c-afd3-bd2b03bf0d8a,0
8fc3b8d4-01d3-4190-8c59-516192acc110,0
8fcc0f30-cb14-4db1-87f1-171c92ce96be,0
8fd31990-8501-4a42-80e4-f8cda0448dd5,0
8fd9c015-824b-46a5-9a14-e21ef18e2e44,0
8fe1a637-8f51-47c3-b352-6e0aad81272c,0
8fed8e75-e31b-443a-94cd-4f48ff4c0329,0
8ff5736f-8905-4dd2-9935-d90905b1f31f,0
900096e7-c8e8-485a-a0f5-2d3885315e23,0
90079d61-dff2-4659-b516-84186e988411,0
900e9faf-9bc7-402b-942d-2b1df0e882c3,0
901811f4-e042-4cbd-ae72-49de7bca2a59,0
90215586-d8a8-450d-a883-62c37de28626,0
9025324e-b8bd-43dc-bfa5-318adaf72b1b,0
902fc458-c027-48e2-9609-9b3572bcaf6d,0
90378c54-e9b1-433b-94f5-a4d4b18f04ee,0
903def60-7fbb-4417-bf94-cf7c9d4977c5,0
90459828-233f-4ee9-a242-5bd82874f37b,0
904d315f-3687-4921-b554-587b8960dcf9,0
90562e76-ef7c-4d85-aa39-ab16a79aebe9,0
905a43c7-1c3c-4ba3-bb0d-9bc3bd28e7ee,0
905d92d6-dded-4435-84c8-56e53253707c,0
906512a5-1dd6-4f1c-93d9-2bb02a03ddaf,0
906bc7d2-12a0-4231-a155-14e7dee9d466,0
90754504-6e2a-48ff-8365-b69c46b0c4ca,0
907c9fda-f0bb-4599-9311-f0c1f09500a8,0
90830ad5-1de6-439a-b84e-2458d38e29de,0
908ad662-4f8a-42b7-b36b-cb0bab2fb6dc,0
9092cacf-2f64-4cc3-b09b-a099ab7f69cf,0
909f7aea-e74d-4e4d-a6b3-d1ccbcb29301,0
90a3de21-428e-48f4-ae15-fe9891f29380,0
90a8ac9e-9e96-4cbe-b2a5-5955a9a079a5,0
90b49a6b-9bef-48ad-977b-1322890abdd5,0
90ba6b07-1e1d-4007-aa34-8c3ce868b223,0
90be5e1b-b619-4055-955d-d6a06c9a5910,0
90cb782e-9401-49ee-939c-03db86adb105,0
90d7ec82-8928-4838-86fd-a572130e9aff,0
90df51d6-ce69-40db-ba7c-7d0f7c18fe06,0
90e4b5cf-7826-43e8-bb23-4192620187c8,0
90ea4fc7-4753-4e78-ae09-94763ea51430,0
90f10f90-f3ad-42d5-8da5-105795736fec,0
90f47438-61c1-4373-a510-a73b280e8217,0
90fa6665-a1b8-4e0c-afef-e1d0cf6251bd,0
910377e4-ce4a-415a-a613-b01e38cc5b6a,0
91099e15-bdee-4a52-bca4-4a292b858fa0,0
91156516-a9bc-4f81-b929-da6f03038ce6,0
911ed814-2f88-4fd9-9172-9b664868a517,0
9127dfb5-3b6c-45f2-8dec-d7f258611cbd,0
912d6526-bfba-4ffe-9a48-8d6364e8bc2a,0
9137608a-1366-4a17-8084-114080d16423,0
913eaafb-a6b3-4775-b801-aebe94596013,0
9146223d-bb32-451d-9f7d-d86bf47f63ce,0
914f2af9-07cb-4bf3-a020-a4426e47a815,0
9156f8d6-612d-4c53-be96-54f0f3159b0a,0
915db214-2ea4-45e9-89d2-b763cf2469fd,0
91658ee1-09a7-40f4-be9f-2013bae15dd6,0
916d4de4-b77f-4491-b4d2-9379801a09fe,0
917256ea-14b1-4ee4-9441-958986a4be50,0
917a4a83-26a5-4a31-bbcf-07f87eba3fed,0
917f9cf8-bc7d-4d7a-9c48-43c949f90101,0
9186ae5d-90d3-4b02-9a67-a12a02c2e81c,0
918c6337-d85e-4603-92c5-635816b58253,0
919288ee-b897-4252-a16c-4dd22a5eb45f,0
919f2d2e-9246-4596-a2e7-ddec77e99dd0,0
91a53f5f-c7a6-48ea-8afc-5f29b837de43,0
91ada9ed-8273-4263-b2a3-38a34b06108c,0
91b86e7a-45cc-41fd-b059-02bfe5c75359,0
91bf25e6-6b2e-4bd2-961e-fe9ac6ad4480,0
91c6df8c-5093-454f-ad33-7e6c811f58d8,0
91ca7281-edf7-457a-b498-71344596152e,0
91d4b38e-6f91-4c6b-84e6-6d7da1e55451,0
91dda359-b70e-4a5c-b418-277c566d1439,0
91e72f65-2a4d-4908-a285-163c5743c839,0
91f2561f-be00-4e28-8e91-5236f2907eed,0
91f90637-3b6a-4dda-a587-2cd7076dd5c2,0
920218ce-73d0-4ebf-b048-1260ad7bad58,0
920b7de6-6c4e-4f04-8a41-e2ff909102dc,0
9212a36e-3cb4-4122-acaa-9496df4b17cc,0
921cdfb3-4a4c-45f6-aaa7-7f059c6a37f0,0
9222457c-c3ba-4d5c-a90c-7e93feb00e76,0
9229dc26-ef52-460b-97ec-95a5f5009567,0
9232f67c-e6a4-4ac9-b8bf-f6a59399a0fd,0
923b5792-0e09-4f16-b715-ead99f161b43,0
92427fc6-f189-48a8-a4d0-3941248615aa,0
924a74d4-975e-48e1-a184-8241bc60e7d2,0
92514717-4906-4458-848c-2d98602d312e,0
92580bd9-6d08-49c4-a0ae-127b9cf1a99d,0
9261f840-2bac-46ac-b42a-25b82a2b16d5,0
9268ab42-50f9-49aa-8adf-c4db1cbb3683,0
9272f8f8-526a-4b18-bff4-c6107d07ffc8,0
927ac2c6-a307-4e9d-b9b4-3a2cd1723389,0
9280beff-d31c-45c8-beea-e205abb9e4a4,0
928767c3-f322-416f-ba2a-78c64fbb132e,0
928ded77-2b64-408e-86f7-06eb69f9f069,0
9295464a-da0a-424a-8f66-2179f2cc0921,0
92a026b0-b3c8-4718-9eff-d5d8f8681dee,0
92a772e8-6bae-455e-9fc8-1522969967a3,0
92acfc5c-557e-4be2-9f81-50d900f6dc47,0
92b618ca-9459-4b0c-baed-cb98cd0546e5,0
92bd69fe-7a0f-41b5-b15a-a8e79eeb6627,0
92c554c7-11e3-45f4-9c9b-7a3ee6fb1c07,0
92cb589f-59cf-4932-882b-61025c7f330d,0
92d2aa3f-0d3c-448f-99e9-75790cc538fe,0
92dab7e8-b6cd-4c56-9f26-76dea13b5cdb,0
92e29304-6e7b-49e9-9388-88f9cfcce418,0
92ea3517-fbe1-4d6b-a67e-2147f42c99d7,0
92f04b84-98ca-4e4d-b472-93dcb72e44c1,0
92fc20da-7a06-4066-8149-ac14336ff423,0
9305c647-359a-460d-9033-6917ff064428,0
930b0ebb-3d2e-4384-af58-72c498d5d307,0
9314666a-a646-4406-a840-a21fd1edca66,0
9320675b-bf49-40eb-aec7-f08dadd1f0cb,0
932b944b-70de-401f-ab52-9459269017e9,0
9335461e-8d40-41d1-99b8-a77bddf8cf41,0
933d3097-19cb-4d73-afc7-e8df942e3ab2,0
934337f3-7844-4b94-8265-05688a20163b,0
934c6613-289e-4147-9b0b-5c02215f1e52,0
93560810-ef56-45ad-be3e-204b7c5786e3,0
93608449-93b0-41d0-aa54-9e356d128686,0
936a42f2-88d9-413f-93d4-f79a4c1dfffd,0
936f78dd-9f71-4e25-a280-4d588521a2c7,0
9379b533-69cb-4286-b86d-9f0ea5ef61f7,0
9386820f-6caa-4e24-8781-c3aa075e4ad9,0
93905b17-8c39-44e5-9012-3038e7697f85,0
9397c76e-fdd7-4537-8ea5-5709e22308c3,0
939bc2f4-5507-45d1-8a5e-c6c794e7b8eb,0
93a15728-4f40-469b-ab1d-976546d8b95c,0
93abde39-997f-48d6-95c1-6f3f0f9d8b48,0
93b7a943-759b-4ac0-b85e-e44f22e5133a,0
93c0bfcb-fab5-4584-850d-4291e4919cd0,0
93c7fc6c-4efd-4bd1-97a6-f5d293065d81,0
93cd2048-7d04-4915-8096-2cb9885b6ad3,0
93d2f399-6e2c-4dc9-b645-a3841e4eab09,0
93dd615e-9c21-490d-a207-7df2906b731d,0
93e23612-11de-4718-b27a-f0b70f9efcc1,0
93e76b13-0065-49fb-96ca-dcc464a90d44,0
93ee261c-6158-46db-923a-20eb14135028,0
93f4b63b-f281-45ab-9a81-f846c6dac50b,0
93faf037-ae42-43de-9c57-ba4338b29ffc,0
9401f37d-796a-4948-81b7-2d953042c80b,0
940ba155-6400-4830-8e1a-67858f650b56,0
9414814b-67f3-4ab2-8b71-2f665477b79b,0
941d8685-943e-483a-8433-78ecc83260a8,0
9427bad1-3002-48d8-a1e3-30d8b030a282,0
9433fbaf-a295-4d83-8cdc-d0f4a379d783,0
943b5a5f-1c98-4621-878d-697ff426bb37,0
944034ff-aacd-4ea4-a589-1a2cd5d7542c,0
94452773-af3e-4a8f-aae1-2f32bb101047,0
9450ab4c-1257-44f5-8d85-64c11861242b,0
94567a49-46bc-4a81-9f82-9857970db4b6,0
945c0525-024d-4f17-9a2e-985032d5b6dd,0
946afa49-aeae-4f2f-9025-4b26f1c25191,0
9476ab73-5e90-4698-8ca1-1268fd807187,0
9480330d-2f78-446d-94ca-4b9116cbaa75,0
9487801a-ad5f-4af7-b530-9c4363d2b15e,0
94938c3a-ad00-4653-b226-40f2ee2e3616,0
94981a2c-026f-48e9-b0da-c65849809a21,0
949ff28f-a434-4f1a-961a-1d93cd893370,0
94acb843-f0e4-41a0-96cc-5efa41e79223,0
94b2a58d-2907-42d7-b3e5-224546167104,0
94b8ad82-e71a-443b-bf9d-d1f923be2150,0
94bc8627-68d5-45c7-afd9-d27f8db28acb,0
94c3fa19-538a-43f1-8038-5d0d3eb1553f,0
94cba03b-a1b5-4964-8970-1d59d9ac7938,0
94d2b32c-fd64-4eee-9e76-791ab4ba22a8,0
94dd2902-e362-4ab4-a3fe-ddf1b6807d05,0
94e57eca-ed9a-4663-b467-daa3670dea98,0
94ec33b3-d047-47ef-8d78-a853270b6a8b,0
94f5ebd0-3bde-41b1-acf1-a1a5a52f1908,0
94fd3244-9df2-4262-b847-ec96b272a32a,0
95007f3c-3f32-4059-88aa-796d43bedf3f,0
950d6cd8-f59e-4766-be7f-f9ada2a23499,0
951234f3-664e-4f80-bdc1-a822d703890f,0
951e62b5-4bc8-4839-9197-9db902897f69,0
9527c5e0-9e2f-418b-8927-33acaef6739b,0
952f0a69-f51e-46c8-95fe-5d5884c17d33,0
9536ba2e-0b1b-436a-88b5-3b32e409df7c,0
953a4476-4cef-4063-84b5-e8c10d3829bb,0
953e8b3b-7119-4a79-830c-4286e9c48bb6,0
9549bd24-33c7-4a8e-915d-f7bb1c031400,0
95501a00-5178-43aa-a202-2d2df7de166f,0
955ef8eb-f891-4655-a3b8-62319b1291a1,0
9562bf5b-04b0-4212-8612-1cb8457100e3,0
956efafe-6120-488c-9d7e-c67f8cab91c2,0
95733212-1b98-41cd-8a3f-3686b8a24f8a,0
957a4e64-1a36-4343-8768-a7639e201926,0
9582f88c-9883-4037-a1ea-cf38459c51b2,0
958880ae-e5fc-444c-b6cd-286d7a8b275d,0
958f34ce-12b1-4bdd-9ae1-e17c0aa1e382,0
95980710-964e-49b1-a4f3-33d3a4be62b1,0
959e1778-3352-4d1a-9e43-3e0cd0782246,0
95a34228-7eb9-4532-8bd9-9a14964c5f25,0
95a801f7-cc4a-4321-8568-4520f12d4ec8,0
95b2a02d-b17e-459b-9729-b87978c70683,0
95bb8be1-a3d2-4c8e-93fc-0f6c49fad5b0,0
95c1a3df-b89a-4859-ac80-2461dce20457,0
95c66296-7fd4-488a-9d39-2ac64419f006,0
95cac1fe-dbcb-44d8-ac65-d889f9fb5b25,0
95d5b91c-da5c-495e-85f9-a04ede5027d8,0
95d9d02c-e3da-4e08-a2b0-6885679da751,0
95e2d681-e918-4477-adf3-f1cb3456e146,0
95ec0d11-9ac8-4c67-97a3-4abdb06526d0,0
95f50de5-6275-4682-a100-45d29f7669a3,0
95fc6de9-adab-4152-b13d-64fe94c5d99f,0
96056eed-c1e6-44c5-aeb2-7e09202b0380,0
96099873-1cda-4629-a8b4-eacfbecb9253,0
961ad72e-f719-42aa-85d3-1626534a7fbc,0
9623ad02-a5da-4ef7-9219-ae148fe5d0f7,0
962c220c-33c7-4205-b6c2-f1f2cbd6e23b,0
9631b5aa-6323-48ed-91ec-0eb2fd89691d,0
9638a597-ac4d-44ca-8a75-20a8d61ca13b,0
9640521c-fce2-4aa0-9cbc-df77be10cd31,0
9647b7be-f9e0-4d1e-9bf6-024f06a4c697,0
964d0cec-abad-4721-b479-97625b4df423,0
9654774f-b269-4eb4-ac76-f7b30dd65e4c,0
9659b1e9-5030-4b67-a67c-01c4bff938ed,0
96627a61-08ba-4324-aa2e-b121bd91f7fb,0
966eaebd-1e94-438d-a4aa-978fae919ad2,0
9677693b-6db5-426e-b08e-a675637a39eb,0
967c8948-df15-465b-b533-20c6a0c9dea6,0
9683ddb0-8260-4b1b-b303-236de48b0225,0
968d1cab-f978-42f2-bbb9-5be7f8b1d209,0
969b8151-6463-4f9f-a391-4164ac45e482,0
96a14694-53a0-4440-a282-d4624bbd13d6,0
96ace73e-90e3-4e55-94cd-c28ba1b068c3,0
96b694aa-2ad2-454a-8d73-489e0d991055,0
96c08769-b86d-4350-a528-11fca25ca003,0
96c8e141-c19d-4c40-bd0b-eaac19293f39,0
96d46041-3c1a-4b35-a028-cdc9aaa71d02,0
96d9cb48-57c9-468b-9e6c-7c9a46ad095f,0
96e331d1-10f4-4511-960a-812f13f31f7c,0
96e938cf-a632-435b-a9d1-33aa4d594455,0
96f016d9-372c-40f1-b4fe-1bd69b98b071,0
96f666e9-a4d6-4f0d-a0e7-570acd446d59,0
96fd3b38-c37f-4903-b7c4-c4af98a11e3d,0
97075ac4-d2e2-40a4-8190-93c24fa0103b,0
970f52d4-b3e2-4952-9396-365c46f6c5ab,0
9713eda5-a9ff-4c11-97d7-3c70aef1a1cb,0
971bf40c-4133-4231-9fd3-6c5f692d275e,0
9722bc75-5fae-4742-a7b0-13760eb1e4f5,0
972ab37d-455c-4ac1-ad85-0e060428b48b,0
9734a8bc-0923-41b4-905f-7afbcea453bd,0
9738adc4-bfa2-4c39-a852-927766e39cc1,0
974201e2-cdb3-4c80-83d0-d243f1e59407,0
9749f426-87af-4ae3-a447-02f0fe2db690,0
9754b523-efda-4189-8762-27047c6229e8,0
975fd1de-cfb0-45cb-ade4-2b5ad58e7743,0
976901b7-2898-4302-90cf-d5c03517a692,0
976f279d-cc76-4143-b0e9-60300ddd73ed,0
97763282-4958-4471-a875-767d740a95ac,0
977cde4a-b2b9-42a8-bc60-a81455f17a11,0
9782c9ef-f1db-4dff-859a-0c58a48e6e12,0
9788f444-9628-4b33-b5e1-5c97d764e144,0
978f032b-cefb-43f6-b2a7-e817fdb82b6e,0
979436b1-8d70-447d-9e39-e5ecfdcc334a,0
979ef001-19b1-4377-b899-fad4cf67abf4,0
97a5a5fa-87d5-4d23-82cb-639281058b51,0
97ac41bd-1ee0-4cda-ac5c-50b90dba7880,0
97b8487a-a2b4-4688-b3a0-a82466bbd880,0
97c074da-0925-4314-9051-f61e01ce46ca,0
97c76ccc-f4ba-40c9-b4b6-dd1599421ae9,0
97ccdcec-62e8-402f-9ae8-87c2fd3e110d,0
97d30e0b-aff1-4340-8c72-efcf84f26ded,0
97db4c28-90ed-427a-904b-712a8fca6529,0
97e1ea60-8c02-49cd-a873-da167c373863,0
97e8e245-c4c4-47ef-b308-7cdd8b40ec84,0
97ece8c4-c377-481c-b654-c617ffd98a9d,0
97f311a8-4348-4454-b9d4-3bcd6195d8b3,0
97fb58e9-c457-4426-b6e8-a057ba223c27,0
9805ad6e-7189-423c-bd93-114d3f7cd76b,0
980b34cc-be53-4b00-9f3a-22dfdef61749,0
980fbb92-ce7f-4a92-93a0-b44d1c84721a,0
981bc873-af21-43ef-b5a6-bbc91d9410d0,0
9820bd4c-fb22-4a11-8a81-e231a20ca3b4,0
9825b532-582e-45a4-aebe-1786bea1c413,0
982fa2b6-f6f0-4a13-a680-8ce8d06823dd,0
9835b8be-8b00-4826-971e-fd5f4636d1ac,0
983a2e4a-ace2-4be5-b7b3-9e23ce840f22,0
98444286-8bbf-41bf-95db-b08435af70c0,0
984e2a64-4797-4ce7-b524-27c4c928fc94,0
9855c9f3-4f99-4958-8497-49104b54e446,0
985ce21f-574a-4220-a1e5-ae12595190bd,0
9865600b-5883-437d-bc2b-e5269932d4e7,0
986b8d7c-6890-4598-ab9d-3a2fed6a1c51,0
98795138-18d2-4a7a-9dc8-f3a9e054cdb8,0
98830018-38b0-4ebe-8052-bf383a67ddc5,0
98889d54-1d3a-44ba-b382-a9c79fe9ca0d,0
989178b8-5f68-4142-b6cf-521da819af45,0
98969e89-1cc7-4adb-95be-838e85a738b3,0
989d63c6-1cff-46a2-9527-2f2491fb7876,0
98a704ba-0fa3-4abe-95af-f0f54bd53409,0
98b1a0f2-3e68-4623-87cf-7767c13b8b86,0
98b591b2-5ff0-4ae8-92ca-e676b3e9a207,0
98beb4cf-c731-4c57-ae53-43c0fa8f3e45,0
98c5519b-417d-4560-9445-cfa8035af33d,0
98c9c21b-3fe5-4370-bcb0-9d621c10c6e2,0
98d2afc6-945a-4f70-a9e4-69f4fab65b3f,0
98dcc5e4-3852-4310-9d72-3aa43b19781d,0
98e89c1c-a3af-4f4e-9b03-7d43f7bef1cd,0
98eec0e4-d7c2-43c4-95e8-2fc136679cc0,0
98f5fad7-8d59-4c49-b128-7cea112584da,0
98fa14c4-babb-44df-bac0-4f376ff16a3b,0
98fecfff-c63c-4d84-9095-57e40305fa3f,0
99040106-ae97-4048-aaa8-c1505dcf09be,0
990a6496-d462-4c2d-8f23-601196388c97,0
99110b20-e4e2-44e3-a55f-efc6188f5c8d,0
99164bd2-5a46-49a6-801b-2a437debfa74,0
991f68e8-f80c-48a7-b278-cee28a401cf6,0
99263571-fb19-4fa9-97fe-3cfa83da4d44,0
992bdf1c-a1ee-4f3a-80e7-1bdc3f2f77fe,0
9937dd78-5d2a-4477-8f85-41b43fe4e781,0
9942e0cf-e56e-4f54-9499-659e3a4d1843,0
994d656c-9ffc-43fd-9119-9a4f83aa9490,0
9953929b-2712-484d-98d6-b07ed05308e1,0
995f829e-749d-43c1-ae47-da9521ab8f47,0
996c8c3a-4b54-4000-ba4e-84d953c84aa1,0
9970acaa-1557-478a-a45d-51cfa29183f4,0
99792a18-8174-46fc-b489-3849db77fafa,0
997fa3b8-7aff-4a64-a0ef-b3483d261a85,0
9984f1f9-99d8-4bad-b0bc-31b512dce1b2,0
998d0569-b622-40e7-910f-a77ecf22e587,0
9996adda-afaf-4ca0-adc3-bd10ba62e55c,0
999af0d4-042f-45f1-af83-4518687272c4,0
99a0201e-5cad-4865-a786-65214420bab2,0
99aad920-219c-4fb8-99df-12a9c8dbbefb,0
99b1ee0b-50c8-481f-9391-542e38d768a6,0
99b96cb3-241e-447c-94cb-c32e0316bc14,0
99bf1abd-179a-4085-834b-b54c04f3cf5e,0
99c47b61-f5aa-4a6e-b4a0-ad1653c520cc,0
99cddc09-e57b-471e-80af-1d9b6b82b20b,0
99d4fefa-efc7-4756-b800-698d5a354a6d,0
99dee991-1d83-488f-844e-78422b2e4b59,0
99e43e2f-d61a-41af-bd51-4452ae0bbbd5,0
99eaaeaa-ea7d-4ccc-b80d-75c5c1b4fe3b,0
99f1c555-ed2a-4933-beea-fc467413dfc2,0
99f8cc62-3ad7-429e-8d63-b64384c13abc,0
9a01b3b6-4211-464a-98de-0ff60a7b73fd,0
9a0afb07-ce85-480d-85da-532518566534,0
9a1448b2-e237-4040-ba43-b08ba410cbf3,0
9a1c4a5e-b16f-42a4-a6c1-d67a609cc8e8,0
9a2695fe-805e-4efc-a432-7df6f3c7b63b,0
9a30aa85-c29a-4f43-8a3a-ef8393b8b12c,0
9a3737ed-e4fe-463d-9a33-caee8d812563,0
9a3aefa8-8b40-40f2-b7e5-6a27910e058a,0
9a3fea7e-295d-44c5-8042-900ecc809ad4,0
9a45acaf-b3a0-4099-b2cc-223273104caf,0
9a4b6fba-37e7-4db2-acc4-e83d2a4b0e45,0
9a52f0b3-34f1-49b8-b7d4-91eb84d82c8c,0
9a5ad719-93b2-431b-b95d-3721ecf3e8cf,0
9a5febd9-946c-4452-a252-d11aa0689eb5,0
9a647f1e-9e63-4c8b-b195-fc0aaf691879,0
9a6d348d-05c4-4050-9070-678677952ec2,0
9a74e2d7-e541-47b9-b740-2ba3f70a2b7c,0
9a808485-401e-4d9c-9156-cfb7bcd8c2a4,0
9a861fc9-677e-4f7c-a04d-14d083173540,0
9a8c3423-ebf2-4c04-ba54-7e0b1ef48d13,0
9a970f0a-867e-4af4-aa59-680a80c6aaf1,0
9a9d8dab-cf8b-48a2-a0d6-e124794e1685,0
9aa3db71-c1f4-4c30-b077-064279168470,0
9aacc67f-e9c5-48a7-88f5-699bc16d9802,0
9ab5ac43-9366-4668-8576-7283baba5417,0
9abcea1f-a799-4ebc-85c8-20bce61c6239,0
9ac0f61d-c2ca-47d4-842f-d04f8f3c0c30,0
9ac8c16e-8541-4d74-af4d-71a53e3442e6,0
9acdd821-2e05-4edf-9c11-b03998571bd4,0
9ad47658-3f45-4c7d-a39d-37f521a0326a,0
9adbc8d6-2c0b-426d-8caf-47548b87ff2d,0
9ae391e2-f972-4d25-b431-56d1d9022f1f,0
9aeae5ba-e770-4177-9e3d-f1a52866a41d,0
9af2ceef-4fff-4378-9149-0c709960e225,0
9af8608f-6830-42d3-b215-7ff479497477,0
9afd8373-9281-44f4-93ee-98d5ff1a5938,0
9b047f9c-297e-4482-b44b-f3f870b4c8e8,0
9b0f98f4-30b7-474d-868d-fb44765ffa95,0
9b14afe9-cdf2-495a-b50f-af29c3464f9d,0
9b19a5f5-9e96-4dff-b47f-a48dc22b82a9,0
9b239a9c-0308-4f88-8da6-220706f98df3,0
9b2aced1-3dd7-454f-addd-6511b78823d5,0
9b307ea4-d947-4671-b7ca-ea24380964d6,0
9b37f75d-754e-40b8-ba98-0eace176082a,0
9b4104fd-9916-4bb4-be94-0d4b050a9a41,0
9b4af414-e118-494b-a161-335f8d0bfeeb,0
9b4d40aa-c56c-4d35-981f-8fc0c8f10a80,0
9b56442f-9dd8-4bf2-bdb6-03ea463a9126,0
9b5eb02b-e4df-4189-b3a1-f4b6bc81b8cb,0
9b6292fe-62f3-4673-b5e9-7359ceded8e7,0
9b686d3c-3066-4df4-9125-1a45f6a2f3fd,0
9b703c22-b8c3-46b4-9571-8bd40d19f3d3,0
9b797439-2f79-4686-810e-af95e20501de,0
9b7f46b1-5bd3-4479-892c-331273f9e4a2,0
9b86662f-6c98-45f5-884f-7c6cdecec6b8,0
9b971d94-f508-4014-aa21-59c232660fe4,0
9b9a5cba-7c2b-48b1-a631-d0d6ac666d88,0
9b9ff493-6f51-461c-95a4-2c546c194e2f,0
9ba9bf00-2da0-4b54-82db-d9b272381771,0
9badb0af-2fe4-4bf4-8106-5ac4c500e7f8,0
9bb263d5-5b38-4cec-9f9d-a881b4e6cb9b,0
9bbb4fff-dc69-4439-8b83-9bff8b24d7a2,0
9bc3e46d-5d20-447b-9409-f22581f80675,0
9bc88ebd-c5a8-4e93-8efb-43a246a7e5ff,0
9bd1e78e-7208-4d50-936a-64e631de898f,0
9bdd2fb2-2efc-4dcf-bf73-fa30df3a4781,0
9be670fe-3c3b-4fc4-a9e5-2069fd0de7ea,0
9becaa1f-a910-4831-a15c-7fc8f7906dbc,0
9bf4397d-cd30-4588-a0f9-c85cd35311e3,0
9bf9b4c4-d435-41a6-ba78-a5d8e677d5b4,0
9c00e0c7-8ad5-48c2-8d12-58821bd116cf,0
9c05ab7b-24ba-49de-8897-79bef5cd89f7,0
9c0b4c96-0f24-4f76-bc33-c5f199c557ac,0
9c110789-d873-4746-b488-438ece708bc9,0
9c1e08fb-6dd6-4381-ba1d-5bc4edef11f3,0
9c240189-412c-4aee-aa93-9118c3619aca,0
9c2edc2b-4319-4648-b9d5-f78ebb49e318,0
9c35a5ba-6c79-4748-a871-2cb85c7a57e4,0
9c3fb60e-00ef-44fc-8c2d-6aca0ef65be9,0
9c479bb5-7625-4576-9d43-776d70fd2fc6,0
9c4dffa5-d947-49fc-8bbb-2166602430d1,0
9c51f4ce-55a7-4f3b-b41b-a89022678801,0
9c5a7d80-a107-4147-85c6-30e1611d8321,0
9c610b24-34bd-409f-bb7d-e84cb56d5206,0
9c6b233c-5a4a-4e8c-bf78-11869c21ebab,0
9c72116a-e572-4c20-b54c-e9e4db31983c,0
9c77f6b8-e292-4679-a5b0-c2596dc17748,0
9c7d8ff8-40ad-44d7-9286-7781a440d9d3,0
9c826d84-53f4-4234-87be-1a1bfa1c6370,0
9c8920b1-8388-4c25-82e7-c459ff6a0a7d,0
9c902b51-57ae-4ad5-ac0c-22c8fd3d206a,0
9c991c20-6ffc-4233-ad1e-2c70899c3c62,0
9c9cbd1e-10b2-4cc7-92d4-627a3c2e75f0,0
9ca148d5-6030-4cff-b5d2-987b1e556113,0
9caa07db-61ac-4bc8-9d27-ae9ed294a9dd,0
9cb0c538-12a8-441f-895a-8574d1a1ebfc,0
9cb46c7a-a293-4eeb-a3f1-1e1f879c5a6c,0
9cbb3ea2-152f-45e1-8b3c-9b4dfa0a1b81,0
9cc37811-b875-43dc-b2e0-427f7fdc40d8,0
9ccdaf91-c75d-4705-8ad2-25dba5eab834,0
9cd3c320-fb39-49cd-a16d-74f8b157a8b5,0
9ce371cb-9128-4fcd-af3e-a9d70a9f60ed,0
9cebe476-04e9-4746-a8a8-ddfb2d5da308,0
9cf2f211-f780-4c4f-bafe-dff413a94be6,0
9cfa9604-925d-44fe-9042-43ad60cae5de,0
9d047fa9-beb8-425e-b759-55867a5f4fae,0
9d09a953-da0f-4c0f-8f67-333644a0b333,0
9d1578f2-6f94-4f85-aae5-4d5e31b98aec,0
9d1a96ea-df70-43b1-a973-94db65bb4839,0
9d23c4f2-8fe5-4d1d-bbbb-e89353a2d308,0
9d27d5ca-18af-4324-8af4-5249cc53cfd6,0
9d2bd3ed-4867-4d34-ad8e-7f23fa176159,0
9d341715-daf8-490b-af60-290102acadff,0
9d3f780f-1a90-4b48-9c67-c99098adb7dd,0
9d448448-2962-4e74-b3dd-8393c6e01501,0
9d4aabfb-5e87-4944-b705-6458d0353925,0
9d584fda-b59d-4e9c-8985-7e45343070f8,0
9d5edb2f-8740-40b4-afaa-703d5f0422ac,0
9d684c0e-cb7b-4e16-b52a-2cf37c860a7c,0
9d6f033a-beef-43ec-b189-cfa47104d2ef,0
9d757503-0edc-4fce-89d9-0f025d7fc387,0
9d7af350-9505-4eea-a219-dbfeb0aec3ec,0
9d825ebe-d857-42b5-811d-4d430933f5cc,0
9d8a99dd-b0d5-4c58-92d3-709a5ca5b2f2,0
9d93857b-2930-411f-8169-5181b3b8fc99,0
9d9c16ed-9a51-470f-aeea-35f52e0d8fad,0
9da38ed7-0cb4-4b97-9adb-a66a571d1e51,0
9da8bd84-a67e-41f0-81ab-763c3e0ff331,0
9dad2fc8-910e-400c-b841-4b21edf64b46,0
9db10681-488a-45d2-be1d-32b5b7ad6b01,0
9db80fbf-1e48-45ca-94a2-0df385d1153c,0
9dc11f4f-4692-474b-ad68-0632aedf03a5,0
9dc75e2d-ff2f-4363-8364-cda73a6fce17,0
9dcdb2b1-f38f-474f-852c-f9f764beeb2c,0
9dd5df2f-7429-4fc3-b616-cf4eeb686309,0
9ddf854d-6b0d-4edd-9b8d-77fdd6fc03d6,0
9de9b200-be2c-4730-b409-4f4cd7e5ac1f,0
9defc64d-0ad5-4a01-8e89-107f60058843,0
9dfd5d4d-30d1-4bb7-bcbe-da22c32801df,0
9e026796-7289-4efe-bd38-b9afafdb6fa5,0
9e0fa42d-7283-4903-9e89-1d73160db0f6,0
9e167751-1023-49fb-8302-0a15e47095cb,0
9e1f91df-920e-42bb-b84a-3e6ba1d13801,0
9e29b56a-916f-46ed-a844-81394ecc2690,0
9e33a202-04d4-4a9a-8299-5cce68137433,0
9e3ee881-e20e-4e68-bfb5-d90723cfe9aa,0
9e481784-abfa-49aa-b720-e0e4c83e786f,0
9e531ba8-a2e1-450a-83a2-b83dc35e488e,0
9e5b9354-5aea-4366-93b8-c64fdd223ab8,0
9e60b37b-f57c-4c3d-bede-5cbd8b5d99d2,0
9e6cc5d5-5ecf-4d08-b340-e3cd843a0ebd,0
9e70d5c6-2056-4443-a135-f976a84e178b,0
9e793b44-cfa5-441d-a674-2debcfd99639,0
9e809107-449d-4e02-bca9-9faafa12db35,0
9e891d40-f3a3-4265-bfb4-33359de8b566,0
9e8f8366-2899-4d6c-8b88-c3e02ea02779,0
9e9833ec-c874-40ca-a766-4ca2b74a759c,0
9e9ef0da-333e-47f4-a884-0d5dd791ea8f,0
9ea65f42-f6e1-442f-8b78-8d56a2667e9c,0
9ead2c90-66ab-44d1-a6dd-de70007b68c8,0
9eb42ee5-89f3-4434-9d1e-f0c97ccd1970,0
9ec1ecf3-cb5c-4aea-9ead-f760d47f7108,0
9ecb4e90-142c-4c2b-bc46-5b51407ff71a,0
9ed3630f-9925-4238-ac95-026f634fec14,0
9ed7bc1f-a2e6-418d-885a-397aa5a459e9,0
9edfd40b-e023-4926-93a1-12c7f77b6dac,0
9ee58d1b-30bc-47b4-9545-dc53188c33f1,0
9ee9e686-f630-416f-b008-3d0d66b2c302,0
9ef523fb-8308-4411-b8af-8557b04cb322,0
9f02b474-5d0f-4a85-a563-5297c37cde8a,0
9f09a359-b655-4a99-b794-3c6b7659e903,0
9f122bda-d69d-417c-83e9-819c673e9d89,0
9f16410a-657d-41df-a272-3bde8ed731b0,0
9f229a62-6af7-486c-97ba-b7307ea44724,0
9f298fbb-b24f-475d-8d13-5ff454dccb0b,0
9f2ec28f-83ee-488c-abf7-f0d53f10c315,0
9f364d02-e229-4e6b-97c5-3f8491e4cef5,0
9f3dfe90-78cf-4ee4-a215-169118c0dc6f,0
9f480456-c12c-437c-9788-6d255e0b7192,0
9f525266-cd85-47f2-8c0b-0af4539f06f4,0
9f5856a4-5d2c-4628-87a5-b1a405db30c0,0
9f62b599-97a8-4501-b5f5-6cf0f64f48f4,0
9f68dc57-fac1-42bd-8c66-cf18239339df,0
9f7186ad-d7b3-4482-8b02-24731b8f1f57,0
9f7c60eb-45af-4157-8a2f-4a928f823b75,0
9f885e7f-c2ed-43ae-82ea-4ee1d0b9b715,0
9f905acb-c918-4627-9e1a-2c367853a312,0
9f93c16f-dae1-4253-9abb-ebb93b6c2400,0
9f9808d7-9670-4818-b24e-2399ac8bc44e,0
9fa12cfb-5d9a-4d9f-9ea4-3facab39adbe,0
9fadd1dd-b835-4139-ad64-95a03fddb761,0
9fb6a652-f3eb-4181-b0b2-bf98fe2533bc,0
9fbea761-6481-4100-907a-b7f16b0e294b,0
9fc4a0e5-6030-44cf-9bb7-26daf27e56e3,0
9fca0be4-de33-407c-9a20-174aafe2edc7,0
9fd8e101-d28b-4edc-b744-260e4b20a413,0
9fdf00c1-ec5b-4143-a993-f68cf6eab453,0
9fe74f0f-6802-4069-abd9-74a9f4ae22f2,0
9fee4abc-84db-4f00-95c2-6963c50974b5,0
9ffc234c-60c3-4ecc-a5cf-0f092f49f7de,0
a005cbf3-17ef-46b0-a006-30b60203c971,0
a00bbc6c-b181-483b-8a6e-ab1b98fa5233,0
a01ce839-77c1-4f71-9e5e-32304b9eebb7,0
a022da30-8fb7-41e9-a0c5-6d69c852d45f,0
a02b8cad-b0e4-4f81-84b8-22a18c468d38,0
a0332176-84d7-4e31-985d-ee609db8ed25,0
